,Reactant SMILES,Product SMILES,Solvent SMILES,Additive SMILES,Metal,Ligand SMILES,Catalyst SMILES(RDKit),Pressure/atm,Temperature/C,S/C,ddG,ee,Scaffold type,Multi-scaffold type,Olefin Type
2355,CC(C)(C)OC(=O)C(=O)N/C(=C\C1CC1)C(=O)OCc1ccccc1,CC(C)(C)OC(=O)C(=O)N[C@@H](CC1CC1)C(=O)OCc1ccccc1,C1CCOC1.CO,,Rh,Cc1ccc(P(c2ccc(C)cc2)N(C)[C@H](C)C2=C(P(c3ccccc3)c3ccccc3)C=C[C@@H]2[Fe]C2C=CC=C2)cc1,Cc1ccc(P(c2ccc(C)cc2)8->N(C)[C@H](C)C2=C(P(c3ccccc3)9->c3ccccc3)C=C[C@@H]2[Fe]C2C=CC=C2)cc1.[Rh+]89,1,25,100,2.78393889,0.982,ferrocene type,"['ferrocene type', 'double P type']",tri-sub
9681,COC/C=C(\NC(C)=O)C(=O)OC,COCC[C@@H](NC(C)=O)C(=O)OC,CC(C)=O,,Rh,CN(C)p1oc2c(P(c3ccccc3)c3ccccc3)cc3ccccc3c2c2c(o1)c(P(c1ccccc1)c1ccccc1)cc1ccccc12,CN(C)p9->1oc2c(P(c3ccccc3)c3ccccc3)cc3ccccc3c2c2c(o1)c(P(c1ccccc1)8->c1ccccc1)cc1ccccc12.[Rh+]89,1,25,100,2.24685471,0.956,binol type,"['binol type', 'double P type']",tri-sub
7928,CC(=O)N1/C(=C\c2ccccc2)COc2ccccc21,CC(=O)N1c2ccccc2OC[C@H]1Cc1ccccc1,CO,,Rh,C[C@@H]1CC[C@@H](C)P1c1ccccc1P1[C@H](C)CC[C@H]1C,C[C@@H]1CC[C@@H](C)P8->1c1ccccc1P9->1[C@H](C)CC[C@H]1C.[Rh+]89,4,25,100,2.519317024,0.972,double P type,['double P type'],tri-sub
819,CC(=O)N/C(C)=C/c1ccccc1,CC(=O)N[C@H](C)Cc1ccccc1,ClCCl,,Rh,CC(C)(C)P1c2c(cccc2-c2c3ccccc3cc3ccccc23)O[C@@H]1[C@H]1Oc2cccc(-c3c4ccccc4cc4ccccc34)c2P1C(C)(C)C,CC(C)(C)P8->1c2c(cccc2-c2c3ccccc3cc3ccccc23)O[C@@H]1[C@H]1Oc2cccc(-c3c4ccccc4cc4ccccc34)c2P9->1C(C)(C)C.[Rh+]89,51,50,200,2.685737145,0.97,double P type,['double P type'],tri-sub
8538,COC(=O)/C(=C/c1ccc(F)cc1)NC(C)=O,COC(=O)[C@H](Cc1ccc(F)cc1)NC(C)=O,C1CCOC1,,Rh,CP(NP(C(C)(C)C)C(C)(C)C)C(C)(C)C,CP(NP(C(C)(C)C)9->C(C)(C)C)8->C(C)(C)C.[Rh+]89,3,25,100,3.134375973,0.99,double P type,['double P type'],tri-sub
11823,O=C1OCCC/C1=C\c1ccccc1,O=C1OCCC[C@@H]1Cc1ccccc1,ClCCCl,,Rh,C[C@H](NC(=S)Nc1cc(C(F)(F)F)cc(C(F)(F)F)c1)C1=C(P(c2ccccc2)c2ccccc2)[C@@H]([Fe][C@H]2C=CC=C2P(c2ccccc2)c2ccccc2)C=C1,C[C@H](NC(=S)Nc1cc(C(F)(F)F)cc(C(F)(F)F)c1)C1=C(P(c2ccccc2)9->c2ccccc2)[C@@H]([Fe][C@H]2C=CC=C2P(c2ccccc2)8->c2ccccc2)C=C1.[Rh+]89,50,25,100,2.477862753,0.97,ferrocene type,"['ferrocene type', 'double P type']",tri-sub
12353,CCCCC/C=C(\NC(C)=O)C(=O)OC,CCCCCC[C@@H](NC(C)=O)C(=O)OC,CC(C)O,,Rh,CC(C)(C)P1Cc2ccccc2C1[C@H]1c2ccccc2CP1C(C)(C)C,CC(C)(C)P8->1Cc2ccccc2C1[C@H]1c2ccccc2CP9->1C(C)(C)C.[Rh+]89,7,25,100,3.346469371,0.993,double P type,['double P type'],tri-sub
5934,C=C(NC(C)=O)C(=O)OC,COC(=O)[C@@H](C)NC(C)=O,CCOC(C)=O,,Rh,CN(C)P1Cc2ccc3ccccc3c2-c2c(ccc3ccccc23)C1,CN(C)P8->1Cc2ccc3ccccc3c2-c2c(ccc3ccccc23)C1.[Rh+]8,1,25,100,0.858608602,0.62,binol type,"['binol type', 'single P type']",di-sub
7925,CC(=O)N1/C(=C\c2ccccc2)COc2ccccc21,CC(=O)N1c2ccccc2OC[C@H]1Cc1ccccc1,ClCCl,,Rh,C[C@@H]1CC[C@@H](C)P1c1ccccc1P1[C@H](C)CC[C@H]1C,C[C@@H]1CC[C@@H](C)P8->1c1ccccc1P9->1[C@H](C)CC[C@H]1C.[Rh+]89,4,25,100,0.487686304,0.39,double P type,['double P type'],tri-sub
5478,COC(=O)/C(=C/c1ccc(F)c([N+](=O)[O-])c1)NC(C)=O,COC(=O)[C@@H](Cc1ccc(F)c([N+](=O)[O-])c1)NC(C)=O,C1CCOC1,,Rh,CC(C)(C)S[C@H]1CCCC[C@@H]1OP(c1ccccc1)c1ccccc1,CC(C)(C)S[C@H]1CCCC[C@@H]1OP(c1ccccc1)8->c1ccccc1.[Rh+]8,7.8,25,100,2.058336063,0.94,single P type,['single P type'],tri-sub
2375,COC(=O)/C(=C/c1ccc2ccccc2c1)NC(C)=O,COC(=O)[C@H](Cc1ccc2ccccc2c1)NC(C)=O,C1CCOC1.CO,,Rh,C[C@H](C1=C(P(c2ccccc2)c2ccccc2)C=C[C@@H]1[Fe]C1C=CC=C1)N(C)P(c1ccc(Cl)cc1)c1ccc(Cl)cc1,C[C@H](C1=C(P(c2ccccc2)8->c2ccccc2)C=C[C@@H]1[Fe]C1C=CC=C1)N(C)P(c1ccc(Cl)cc1)9->c1ccc(Cl)cc1.[Rh+]89,1,25,100,2.892794322,0.985,ferrocene type,"['ferrocene type', 'double P type']",tri-sub
820,COc1ccccc1/C=C(\C)NC(C)=O,COc1ccccc1C[C@@H](C)NC(C)=O,ClCCl,,Rh,CC(C)(C)P1c2c(cccc2-c2c3ccccc3cc3ccccc23)O[C@@H]1[C@H]1Oc2cccc(-c3c4ccccc4cc4ccccc34)c2P1C(C)(C)C,CC(C)(C)P8->1c2c(cccc2-c2c3ccccc3cc3ccccc23)O[C@@H]1[C@H]1Oc2cccc(-c3c4ccccc4cc4ccccc34)c2P9->1C(C)(C)C.[Rh+]89,51,50,200,3.397326978,0.99,double P type,['double P type'],tri-sub
9625,COc1cccc2c1C=C(NC(C)=O)CC2,COc1cccc2c1C[C@H](NC(C)=O)CC2,ClCCl,,Rh,COc1ccccc1P(CCOp1oc2c(C(C)(C)C)cc(C)c(C)c2c2c(C)c(C)cc(C(C)(C)C)c2o1)c1ccccc1,COc1ccccc1P(CCOp9->1oc2c(C(C)(C)C)cc(C)c(C)c2c2c(C)c(C)cc(C(C)(C)C)c2o1)8->c1ccccc1.[Rh+]89,20,25,100,1.334717277,0.81,double P type,['double P type'],tri-sub
4105,COC(=O)/C(=C/c1cccc(F)c1)NC(C)=O,COC(=O)[C@@H](Cc1cccc(F)c1)NC(C)=O,ClCCl,,Rh,CN(C)p1oc2ccc3ccccc3c2c2c(ccc3ccccc32)o1,CN(C)p8->1oc2ccc3ccccc3c2c2c(ccc3ccccc32)o1.[Rh+]8,5,25,100,2.304501335,0.96,binol type,"['binol type', 'single P type']",tri-sub
5282,C=C(NC(C)=O)C(=O)OC,COC(=O)[C@H](C)NC(C)=O,ClCCl,,Rh,COc1cc(C(C)(C)C)c2op(NC[C@H]3O[C@H]4OC(C)(C)O[C@H]4[C@H]3Op3oc4c(C(C)(C)C)cc(OC)cc4c4cc(OC)cc(C(C)(C)C)c4o3)oc3c(C(C)(C)C)cc(OC)cc3c2c1,COc1cc(C(C)(C)C)c2op(NC[C@H]3O[C@H]4OC(C)(C)O[C@H]4[C@H]3Op9->3oc4c(C(C)(C)C)cc(OC)cc4c4cc(OC)cc(C(C)(C)C)c4o3)8->oc3c(C(C)(C)C)cc(OC)cc3c2c1.[Rh+]89,5,25,100,0.14280163,0.12,double P type,['double P type'],di-sub
1416,C=C(NC(C)=O)C(=O)OC,COC(=O)[C@@H](C)NC(C)=O,CO,,Rh,CP(c1nc2ccccc2nc1P(C)C(C)(C)C)C(C)(C)C,CP(c1nc2ccccc2nc1P(C)8->C(C)(C)C)9->C(C)(C)C.[Rh+]89,3,25,1000,4.500500019,0.999,double P type,['double P type'],di-sub
6051,C=C(NC(C)=O)C(=O)OC,COC(=O)[C@H](C)NC(C)=O,ClCCl,,Rh,c1ccc2c(P(c3cccc4ccccc34)c3cccc4ccccc34)cccc2c1,c1ccc2c(P(c3cccc4ccccc34)8->c3cccc4ccccc34)cccc2c1.[Rh+]8,1,25,1000,0,0,single P type,['single P type'],di-sub
12367,COC(=O)/C(=C/C1CCCCC1)NC(C)=O,COC(=O)[C@@H](CC1CCCCC1)NC(C)=O,CO,,Rh,CC(C)(C)P1Cc2ccccc2C1[C@H]1c2ccccc2CP1C(C)(C)C,CC(C)(C)P8->1Cc2ccccc2C1[C@H]1c2ccccc2CP9->1C(C)(C)C.[Rh+]89,7,25,100,3.546301865,0.995,double P type,['double P type'],tri-sub
11131,COC(=O)/C=C(\C#N)c1ccc2ccccc2c1,COC(=O)C[C@@H](C#N)c1ccc2ccccc2c1,CO,,Rh,C[C@@H](C1=C(P(c2ccccc2)c2ccccc2)[C@@H]([Fe][C@H]2C=CC=C2P(c2ccccc2)c2ccccc2)C=C1)N(C)C(=S)Nc1cc(C(F)(F)F)cc(C(F)(F)F)c1,C[C@@H](C1=C(P(c2ccccc2)8->c2ccccc2)[C@@H]([Fe][C@H]2C=CC=C2P(c2ccccc2)9->c2ccccc2)C=C1)N(C)C(=S)Nc1cc(C(F)(F)F)cc(C(F)(F)F)c1.[Rh+]89,50,20,100,1.931044192,0.93,ferrocene type,"['ferrocene type', 'double P type']",tri-sub
2417,CC(=O)N/C(=C\c1ccccc1)C(=O)O,CC(=O)N[C@@H](Cc1ccccc1)C(=O)O,C1CCOC1.CO,,Rh,Cc1cc(C)cc(P(c2cc(C)cc(C)c2)N(C)[C@H](C)C2=C(P(c3ccccc3)c3ccccc3)C=C[C@@H]2[Fe]C2C=CC=C2)c1,Cc1cc(C)cc(P(c2cc(C)cc(C)c2)8->N(C)[C@H](C)C2=C(P(c3ccccc3)9->c3ccccc3)C=C[C@@H]2[Fe]C2C=CC=C2)c1.[Rh+]89,3,25,5000,2.611795641,0.976,ferrocene type,"['ferrocene type', 'double P type']",tri-sub
7238,CC(=O)NC1=Cc2ccccc2CC1,CC(=O)N[C@@H]1CCc2ccccc2C1,ClCCl,,Rh,COC(=O)[C@H](CC(C)C)Np1oc2c(C(C)(C)C)cc3cc(OC)ccc3c2c2c(o1)c(C(C)(C)C)cc1cc(OC)ccc12,COC(=O)[C@H](CC(C)C)Np8->1oc2c(C(C)(C)C)cc3cc(OC)ccc3c2c2c(o1)c(C(C)(C)C)cc1cc(OC)ccc12.[Rh+]8,10,25,100,0.619359515,0.48,binol type,"['binol type', 'single P type']",tri-sub
9449,C=C(NC(C)=O)C(=O)OC,COC(=O)[C@H](C)NC(C)=O,ClCCl,,Rh,c1ccc([C@@H]2CCCC[C@H]2Op2oc3ccccc3c3ccccc3o2)cc1,c1ccc([C@@H]2CCCC[C@H]2Op8->2oc3ccccc3c3ccccc3o2)cc1.[Rh+]8,1,25,100,0.698896765,0.53,single P type,['single P type'],di-sub
5454,COC(=O)/C(=C/c1ccc(OC(C)=O)c(OC)c1)NC(C)=O,COC(=O)[C@@H](Cc1ccc(OC(C)=O)c(OC)c1)NC(C)=O,CCOC(C)=O,,Rh,CN(C)p1oc2ccc3ccccc3c2c2c(ccc3ccccc32)o1,CN(C)p8->1oc2ccc3ccccc3c2c2c(ccc3ccccc32)o1.[Rh+]8,5,25,200,2.40254515,0.966,binol type,"['binol type', 'single P type']",tri-sub
11701,CCOC(=O)/C=C(\Sc1ccc(OC)cc1)c1ccccc1,CCOC(=O)C[C@H](Sc1ccc(OC)cc1)c1ccccc1,OCC(F)(F)F,,Rh,C[C@H](NC(=S)Nc1cc(C(F)(F)F)cc(C(F)(F)F)c1)C1=C(P(c2ccccc2)c2ccccc2)[C@@H]([Fe][C@H]2C=CC=C2P(c2ccccc2)c2ccccc2)C=C1,C[C@H](NC(=S)Nc1cc(C(F)(F)F)cc(C(F)(F)F)c1)C1=C(P(c2ccccc2)9->c2ccccc2)[C@@H]([Fe][C@H]2C=CC=C2P(c2ccccc2)8->c2ccccc2)C=C1.[Rh+]89,50,60,100,2.300086943,0.94,ferrocene type,"['ferrocene type', 'double P type']",tri-sub
5773,C=C(NC(C)=O)C(=O)OC,COC(=O)[C@H](C)NC(C)=O,CO,,Rh,c1ccc(Oc2ccccc2P(CCP(c2ccccc2)c2ccccc2Oc2ccccc2)c2ccccc2)cc1,c1ccc(Oc2ccccc2P(CCP(c2ccccc2)9->c2ccccc2Oc2ccccc2)8->c2ccccc2)cc1.[Rh+]89,1,25,1000,2.385079212,0.965,double P type,['double P type'],di-sub
11732,COC(=O)/C=C(/B1OC(C)(C)C(C)(C)O1)c1cccc(OC)c1,COC(=O)C[C@H](B1OC(C)(C)C(C)(C)O1)c1cccc(OC)c1,ClCCl,,Rh,C[C@H](NC(=S)Nc1cc(C(F)(F)F)cc(C(F)(F)F)c1)C1=C(P(c2ccccc2)c2ccccc2)[C@@H]([Fe][C@H]2C=CC=C2P(c2ccccc2)c2ccccc2)C=C1,C[C@H](NC(=S)Nc1cc(C(F)(F)F)cc(C(F)(F)F)c1)C1=C(P(c2ccccc2)9->c2ccccc2)[C@@H]([Fe][C@H]2C=CC=C2P(c2ccccc2)8->c2ccccc2)C=C1.[Rh+]89,50,30,100,2.766606499,0.98,ferrocene type,"['ferrocene type', 'double P type']",tri-sub
4576,[H]/C=C(/NC(C)=O)C(=O)OC.[H]/C=C(/NC(C)=O)C(=O)OC,COC(=O)[C@@H](C)NC(C)=O,ClCCl,,Rh,Cc1cccc(C)c1Op1oc2ccc3ccccc3c2c2c(ccc3ccccc32)o1,Cc1cccc(C)c1Op8->1oc2ccc3ccccc3c2c2c(ccc3ccccc32)o1.[Rh+]8,1,20,1000,0.391369297,0.324,binol type,"['binol type', 'single P type']",di-sub
11311,COC(=O)/C(NC(=O)OC(C)(C)C)=C(/c1ccc(OC)cc1)c1cc(F)cc(F)c1,COC(=O)[C@@H](NC(=O)OC(C)(C)C)[C@@H](c1ccc(OC)cc1)c1cc(F)cc(F)c1,CO,,Rh,C[C@H](C1=C[C@@H]([Fe]C2C=CC=C2)C=C1P(c1ccco1)c1ccco1)P(C(C)(C)C)C(C)(C)C,C[C@H](C1=C[C@@H]([Fe]C2C=CC=C2)C=C1P(c1ccco1)8->c1ccco1)P(C(C)(C)C)9->C(C)(C)C.[Rh+]89,8,80,10,2.729828762,0.96,ferrocene type,"['ferrocene type', 'double P type']",tetra-sub
6520,COC(=O)/C(=C/c1ccccc1)CNC(C)=O,COC(=O)[C@@H](CNC(C)=O)Cc1ccccc1,ClCCl,,Rh,O=C(Nc1cccc(COp2oc3ccc4ccccc4c3c3c(ccc4ccccc43)o2)c1)c1ccc(C(F)(F)F)cc1,O=C(Nc1cccc(COp8->2oc3ccc4ccccc4c3c3c(ccc4ccccc43)o2)c1)c1ccc(C(F)(F)F)cc1.[Rh+]8,20,25,100,1.809015734,0.91,binol type,"['binol type', 'single P type']",tri-sub
11610,COC(=O)/C(OC(C)=O)=C(\NC(C)=O)c1ccc(C)cc1,COC(=O)[C@H](OC(C)=O)[C@@H](NC(C)=O)c1ccc(C)cc1,ClCCl,,Rh,CC(C)(C)P1Cc2ccccc2[C@H]1[C@@H]1c2ccccc2CP1C(C)(C)C,CC(C)(C)P8->1Cc2ccccc2[C@H]1[C@@H]1c2ccccc2CP9->1C(C)(C)C.[Rh+]89,30,25,100,2.169340323,0.95,double P type,['double P type'],tetra-sub
297,COC(=O)/C(=C/c1ccc(Cl)cc1)NC(C)=O,COC(=O)[C@H](Cc1ccc(Cl)cc1)NC(C)=O,ClCCl,,Rh,CC(C)P1Oc2cccc3c2C2(CC3)CCc3cccc(c32)O1,CC(C)P8->1Oc2cccc3c2C2(CC3)CCc3cccc(c32)O1.[Rh+]8,1,25,100,2.892794322,0.985,single P type,['single P type'],tri-sub
11592,CCOC(=O)/C(OC(C)=O)=C(\NC(C)=O)c1ccccc1,CCOC(=O)[C@H](OC(C)=O)[C@@H](NC(C)=O)c1ccccc1,CCO,,Rh,CC(C)(C)P1Cc2ccccc2[C@H]1[C@@H]1c2ccccc2CP1C(C)(C)C,CC(C)(C)P8->1Cc2ccccc2[C@H]1[C@@H]1c2ccccc2CP9->1C(C)(C)C.[Rh+]89,30,25,100,1.963997164,0.93,double P type,['double P type'],tetra-sub
1432,CC(=O)N/C(=C\c1cccc(F)c1)C(=O)O,CC(=O)N[C@H](Cc1cccc(F)c1)C(=O)O,CO,,Rh,CP(c1cc2c(cc1P(C)C(C)(C)C)OCO2)C(C)(C)C,CP(c1cc2c(cc1P(C)9->C(C)(C)C)OCO2)8->C(C)(C)C.[Rh+]89,3,25,1000,3.346469371,0.993,double P type,['double P type'],tri-sub
8187,CC(=O)NC1=Cc2ccccc2CC1,CC(=O)N[C@@H]1CCc2ccccc2C1,ClCCl,,Rh,c1cc2op(N3CCOCC3)oc3ccc4c(c3c2c2c1CCCC2)CCCC4,c1cc2op(N3CCOCC3)8->oc3ccc4c(c3c2c2c1CCCC2)CCCC4.[Rh+]8,25,25,50,0.178992507,0.15,binol type,"['binol type', 'single P type']",tri-sub
7289,COC(=O)/C(=C\c1ccccc1)NC(C)=O,COC(=O)[C@H](Cc1ccccc1)NC(C)=O,CO,,Rh,C[C@H](c1ccccc1P(c1ccccc1)c1ccccc1)P1C2CCCC1CCC2.O=C[Cr](C=O)C=O,C[C@H](c1ccccc1P(c1ccccc1)8->c1ccccc1)P9->1C2CCCC1CCC2.O=C[Cr](C=O)C=O.[Rh+]89,1,25,100,0.6040658,0.47,double P type,['double P type'],tri-sub
1710,COC(=O)/C(=C/c1ccc(F)cc1)NC(C)=O,COC(=O)[C@@H](Cc1ccc(F)cc1)NC(C)=O,ClCCl,,Rh,c1ccc2c3c(ccc2c1)CN(p1oc2ccc4ccccc4c2c2c(ccc4ccccc42)o1)Cc1ccc2ccccc2c1-3,c1ccc2c3c(ccc2c1)CN(p8->1oc2ccc4ccccc4c2c2c(ccc4ccccc42)o1)Cc1ccc2ccccc2c1-3.[Rh+]8,5,25,20,1.487635919,0.85,binol type,"['binol type', 'single P type']",tri-sub
3242,COC(=O)/C(=C/c1ccccc1)CNC(C)=O,COC(=O)C(CNC(C)=O)Cc1ccccc1,ClCCl,,Rh,CCCCc1ccc(NC(=O)c2ccccc2C(=O)Nc2ccc(COp3oc4ccc5ccccc5c4c4c(ccc5ccccc54)o3)cc2)cc1,CCCCc1ccc(NC(=O)c2ccccc2C(=O)Nc2ccc(COp8->3oc4ccc5ccccc5c4c4c(ccc5ccccc54)o3)cc2)cc1.[Rh+]8,49,25,100,1.809015734,0.91,binol type,"['binol type', 'single P type']",tri-sub
3674,COC(=O)/C(=C/c1ccc(OC)cc1)NC(C)=O,COC(=O)[C@H](Cc1ccc(OC)cc1)NC(C)=O,ClCCl,,Rh,CCN(Cc1ccccc1)p1oc2ccc3ccccc3c2c2c(ccc3ccccc32)o1,CCN(Cc1ccccc1)p8->1oc2ccc3ccccc3c2c2c(ccc3ccccc32)o1.[Rh+]8,20,20,100,2.646599385,0.979,binol type,"['binol type', 'single P type']",tri-sub
11247,CC(=O)N/C(C#N)=C/c1ccccc1,CC(=O)N[C@H](C#N)Cc1ccccc1,C1CCOC1,,Rh,C[C@H]1CC[C@H](C)P1c1ccccc1P1[C@@H](C)CC[C@@H]1C,C[C@H]1CC[C@H](C)P8->1c1ccccc1P9->1[C@@H](C)CC[C@@H]1C.[Rh+]89,30,25,100,0,0,double P type,['double P type'],tri-sub
8941,COC(=O)/C=C(\CP(=O)(OC)OC)c1ccccc1,COC(=O)CC(CP(=O)(OC)OC)c1ccccc1,Cc1ccccc1,,Rh,C[C@@H](C1=C([P@](c2ccccc2)c2cccc3ccccc23)C=C[C@H]1[Fe]C1C=CC=C1)N(C)P(c1ccc(C(F)(F)F)cc1)c1ccc(C(F)(F)F)cc1,C[C@@H](C1=C([P@](c2ccccc2)9->c2cccc3ccccc23)C=C[C@H]1[Fe]C1C=CC=C1)N(C)P(c1ccc(C(F)(F)F)cc1)8->c1ccc(C(F)(F)F)cc1.[Rh+]89,59,25,100,1.809015734,0.91,ferrocene type,"['ferrocene type', 'double P type']",tri-sub
8936,CC(C)OC(=O)/C=C(\CP(=O)(OC(C)C)OC(C)C)c1ccccc1,CC(C)OC(=O)CC(CP(=O)(OC(C)C)OC(C)C)c1ccccc1,ClCCl,,Rh,C[C@@H](C1=C([P@](c2ccccc2)c2cccc3ccccc23)C=C[C@H]1[Fe]C1C=CC=C1)N(C)P(c1ccc(C(F)(F)F)cc1)c1ccc(C(F)(F)F)cc1,C[C@@H](C1=C([P@](c2ccccc2)9->c2cccc3ccccc23)C=C[C@H]1[Fe]C1C=CC=C1)N(C)P(c1ccc(C(F)(F)F)cc1)8->c1ccc(C(F)(F)F)cc1.[Rh+]89,59,25,100,1.487635919,0.85,ferrocene type,"['ferrocene type', 'double P type']",tri-sub
11315,COC(=O)/C(NC(=O)OC(C)(C)C)=C(\c1ccc(OC)cc1)c1cc(F)cc(F)c1,COC(=O)[C@@H](NC(=O)OC(C)(C)C)[C@H](c1ccc(OC)cc1)c1cc(F)cc(F)c1,CO,,Rh,C[C@H](C1=C[C@@H]([Fe]C2C=CC=C2)C=C1P(c1ccco1)c1ccco1)P(C(C)(C)C)C(C)(C)C,C[C@H](C1=C[C@@H]([Fe]C2C=CC=C2)C=C1P(c1ccco1)8->c1ccco1)P(C(C)(C)C)9->C(C)(C)C.[Rh+]89,8,80,10,2.935186416,0.97,ferrocene type,"['ferrocene type', 'double P type']",tetra-sub
4598,[H]/C=C(/NC(C)=O)C(=O)OC.[H]/C=C(/NC(C)=O)C(=O)OC,COC(=O)[C@@H](C)NC(C)=O,ClCCl,,Rh,CC(C)(c1ccccc1)[C@@H]1CCCC[C@H]1Op1oc2ccccc2c2ccccc2o1,CC(C)(c1ccccc1)[C@@H]1CCCC[C@H]1Op8->1oc2ccccc2c2ccccc2o1.[Rh+]8,1,60,500,0.692103082,0.48,single P type,['single P type'],di-sub
7940,COc1ccc(/C=C2/COc3ccccc3N2C(C)=O)cc1,COc1ccc(C[C@@H]2COc3ccccc3N2C(C)=O)cc1,CO,,Rh,C[C@@H]1CC[C@@H](C)P1c1ccccc1P1[C@H](C)CC[C@H]1C,C[C@@H]1CC[C@@H](C)P8->1c1ccccc1P9->1[C@H](C)CC[C@H]1C.[Rh+]89,4,25,100,2.933945973,0.986,double P type,['double P type'],tri-sub
8004,C/C=C(\NC(C)=O)C(=O)OC,CC[C@@H](NC(C)=O)C(=O)OC,ClCCl,,Rh,c1cc2op(N3CCCCC3)oc3ccc4c(c3c2c2c1CCCC2)CCCC4,c1cc2op(N3CCCCC3)8->oc3ccc4c(c3c2c2c1CCCC2)CCCC4.[Rh+]8,5,25,50,2.477862753,0.97,binol type,"['binol type', 'single P type']",tri-sub
11599,CCOC(=O)/C(OC(C)=O)=C(\NC(C)=O)c1ccccc1,CCOC(=O)[C@H](OC(C)=O)[C@@H](NC(C)=O)c1ccccc1,ClCCl,,Rh,CP(c1nc2ccccc2nc1P(C)C(C)(C)C)C(C)(C)C,CP(c1nc2ccccc2nc1P(C)8->C(C)(C)C)9->C(C)(C)C.[Rh+]89,30,25,100,0.035539047,0.03,double P type,['double P type'],tetra-sub
2333,COC(=O)/C(=C/c1ccc2ccccc2c1)NC(C)=O,COC(=O)[C@H](Cc1ccc2ccccc2c1)NC(C)=O,C1CCOC1.CO,,Rh,C[C@@H](c1ccccc1)N([C@H](C)C1=C(P(c2ccccc2)c2ccccc2)C=C[C@@H]1[Fe]C1C=CC=C1)P(c1ccccc1)c1ccccc1,C[C@@H](c1ccccc1)N([C@H](C)C1=C(P(c2ccccc2)8->c2ccccc2)C=C[C@@H]1[Fe]C1C=CC=C1)P(c1ccccc1)9->c1ccccc1.[Rh+]89,1,25,100,1.929863543,0.926,ferrocene type,"['ferrocene type', 'double P type']",tri-sub
1464,CCOC(=O)/C=C(\NC(C)=O)c1ccc(F)cc1,CCOC(=O)C[C@H](NC(C)=O)c1ccc(F)cc1,CO,,Rh,CP(c1cc2c(cc1P(C)C(C)(C)C)OCO2)C(C)(C)C,CP(c1cc2c(cc1P(C)9->C(C)(C)C)OCO2)8->C(C)(C)C.[Rh+]89,4,25,1000,2.157310662,0.949,double P type,['double P type'],tri-sub
4356,COC(=O)/C(=C/c1ccc(OC)c(OC)c1)NC(=O)c1ccccc1,COC(=O)[C@H](Cc1ccc(OC)c(OC)c1)NC(=O)c1ccccc1,CO,,Rh,CC(C)(C)Oc1ccccc1P(CCP(c1ccccc1)c1ccccc1OC(C)(C)C)c1ccccc1,CC(C)(C)Oc1ccccc1P(CCP(c1ccccc1)9->c1ccccc1OC(C)(C)C)8->c1ccccc1.[Rh+]89,1,22,1000,4.455192972,0.999,double P type,['double P type'],tri-sub
11108,COC(=O)/C=C(\C#N)c1ccc(-c2ccccc2)cc1,COC(=O)C[C@@H](C#N)c1ccc(-c2ccccc2)cc1,CO,,Rh,C[C@@H](C1=C(P(c2ccccc2)c2ccccc2)[C@@H]([Fe][C@H]2C=CC=C2P(c2ccccc2)c2ccccc2)C=C1)N(C)C(=S)Nc1cc(C(F)(F)F)cc(C(F)(F)F)c1,C[C@@H](C1=C(P(c2ccccc2)8->c2ccccc2)[C@@H]([Fe][C@H]2C=CC=C2P(c2ccccc2)9->c2ccccc2)C=C1)N(C)C(=S)Nc1cc(C(F)(F)F)cc(C(F)(F)F)c1.[Rh+]89,50,20,100,2.675299354,0.98,ferrocene type,"['ferrocene type', 'double P type']",tri-sub
9624,COc1cccc2c1C=C(NC(C)=O)CC2,COc1cccc2c1C[C@@H](NC(C)=O)CC2,ClCCl,,Rh,Cc1cc(C(C)(C)C)c2op(Oc3ccccc3P(c3ccccc3)c3ccccc3)oc3c(C(C)(C)C)cc(C)c(C)c3c2c1C,Cc1cc(C(C)(C)C)c2op(Oc3ccccc3P(c3ccccc3)8->c3ccccc3)9->oc3c(C(C)(C)C)cc(C)c(C)c3c2c1C.[Rh+]89,20,25,100,1.407085487,0.83,double P type,['double P type'],tri-sub
4109,CC(=O)N/C(=C\c1ccc(Cl)c(Cl)c1)C(=O)O,CC(=O)N[C@H](Cc1ccc(Cl)c(Cl)c1)C(=O)O,ClCCl,,Rh,CN(C)p1oc2ccc3ccccc3c2c2c(ccc3ccccc32)o1,CN(C)p8->1oc2ccc3ccccc3c2c2c(ccc3ccccc32)o1.[Rh+]8,5,25,1000,3.134375973,0.99,binol type,"['binol type', 'single P type']",tri-sub
7413,C=C(NC(C)=O)C(=O)OC,COC(=O)[C@H](C)NC(C)=O,CO,,Rh,c1ccc([C@H]2CC[C@H](c3ccccc3)P2CP2[C@@H](c3ccccc3)CC[C@@H]2c2ccccc2)cc1,c1ccc([C@H]2CC[C@H](c3ccccc3)P8->2CP9->2[C@@H](c3ccccc3)CC[C@@H]2c2ccccc2)cc1.[Rh+]89,6,30,5000,3.186966174,0.99,double P type,['double P type'],di-sub
1590,COC(=O)/C(=C/c1ccccc1Cl)NC(C)=O,COC(=O)[C@H](Cc1ccc(OC)cc1)NC(C)=O,ClCCl,,Rh,CCN(Cc1ccccc1)p1oc2ccc3ccccc3c2c2c(ccc3ccccc32)o1,CCN(Cc1ccccc1)p8->1oc2ccc3ccccc3c2c2c(ccc3ccccc32)o1.[Rh+]8,20,25,100,2.24685471,0.956,binol type,"['binol type', 'single P type']",tri-sub
11302,COC(=O)/C(NC(C)=O)=C(/c1ccccc1)c1cn(C(=O)OC(C)(C)C)c2cnccc12,COC(=O)[C@@H](NC(C)=O)[C@@H](c1ccccc1)c1cn(C(=O)OC(C)(C)C)c2cnccc12,CO,,Rh,C[C@H](C1=C(P(c2ccc(C(F)(F)F)cc2)c2ccc(C(F)(F)F)cc2)[C@H]([Fe]C2C=CC=C2)C=C1)P(C(C)(C)C)C(C)(C)C,C[C@H](C1=C(P(c2ccc(C(F)(F)F)cc2)8->c2ccc(C(F)(F)F)cc2)[C@H]([Fe]C2C=CC=C2)C=C1)P(C(C)(C)C)9->C(C)(C)C.[Rh+]89,27,25,20,1.629293317,0.88,ferrocene type,"['ferrocene type', 'double P type']",tetra-sub
3867,C=C(NC(C)=O)C(=O)OC,COC(=O)[C@H](C)NC(C)=O,ClCCl,,Rh,CC(C)(C)p1oc2ccc3ccccc3c2c2c(ccc3ccccc32)o1,CC(C)(C)p8->1oc2ccc3ccccc3c2c2c(ccc3ccccc32)o1.[Rh+]8,1,25,1000,1.963997164,0.93,binol type,"['binol type', 'single P type']",di-sub
202,COC(=O)/C(=C\c1ccc(Cl)cc1)NC(C)=O,COC(=O)[C@@H](Cc1ccc(Cl)cc1)NC(C)=O,ClCCl,,Rh,c1ccc(N(N(c2ccccc2)p2oc3ccc4ccccc4c3c3c(ccc4ccccc43)o2)p2oc3ccc4ccccc4c3c3c(ccc4ccccc43)o2)cc1,c1ccc(N(N(c2ccccc2)p8->2oc3ccc4ccccc4c3c3c(ccc4ccccc43)o2)p9->2oc3ccc4ccccc4c3c3c(ccc4ccccc43)o2)cc1.[Rh+]89,5,25,100,1.809015734,0.91,binol type,"['binol type', 'double P type']",tri-sub
6122,CC(=O)N/C(=C\c1ccccc1)C(=O)O,CC(=O)N[C@H](Cc1ccccc1)C(=O)O,ClCCl,,Rh,CN(C)p1oc2ccc3ccccc3c2c2c(ccc3ccccc32)o1,CN(C)p8->1oc2ccc3ccccc3c2c2c(ccc3ccccc32)o1.[Rh+]8,1,25,20,0.960146395,0.67,binol type,"['binol type', 'single P type']",tri-sub
11089,COC(=O)/C=C(\C#N)c1ccccc1,COC(=O)C[C@@H](C#N)c1ccccc1,CO,,Rh,CC(C)(C)P1Cc2ccc3ccccc3c2-c2c(ccc3ccccc23)[C@@H]1[C@H]1c2ccc3ccccc3c2-c2c(ccc3ccccc23)CP1C(C)(C)C,CC(C)(C)P8->1Cc2ccc3ccccc3c2-c2c(ccc3ccccc23)[C@@H]1[C@H]1c2ccc3ccccc3c2-c2c(ccc3ccccc23)CP9->1C(C)(C)C.[Rh+]89,30,20,100,0,0,binol type,"['binol type', 'double P type']",tri-sub
1791,C=C(NC(C)=O)C(=O)OC,COC(=O)[C@H](C)NC(C)=O,ClCCl,,Rh,CCCC[C@@H]1C=Cc2cccc(P(c3ccccc3)c3ccccc3)c2N1p1oc2ccc3ccccc3c2c2c(ccc3ccccc32)o1,CCCC[C@@H]1C=Cc2cccc(P(c3ccccc3)8->c3ccccc3)c2N1p9->1oc2ccc3ccccc3c2c2c(ccc3ccccc32)o1.[Rh+]89,30,25,1000,0.147610327,0.124,binol type,"['binol type', 'double P type']",di-sub
2296,CC(=O)N/C(=C\c1ccccc1)C(=O)O,CC(=O)N[C@@H](Cc1ccccc1)C(=O)O,C1CCOC1.CO,,Rh,CC(C)N([C@H](C)C1=C(P(c2ccccc2)c2ccccc2)C=C[C@@H]1[Fe]C1C=CC=C1)P(c1ccccc1)c1ccccc1,CC(C)N([C@H](C)C1=C(P(c2ccccc2)8->c2ccccc2)C=C[C@@H]1[Fe]C1C=CC=C1)P(c1ccccc1)9->c1ccccc1.[Rh+]89,1,25,100,0.208182836,0.174,ferrocene type,"['ferrocene type', 'double P type']",tri-sub
4005,CC(=O)N/C(=C\c1ccccc1)C(=O)O,CC(=O)N[C@H](Cc1ccccc1)C(=O)O,CO,,Rh,[BH3-][P+]1(CC[P+]2([BH3-])[C@H](C)COC[C@H]2C)[C@H](C)COC[C@H]1C,[BH3-][P+]8->1(CC[P+]9->2([BH3-])[C@H](C)COC[C@H]2C)[C@H](C)COC[C@H]1C.[Rh+]89,1,20,100,2.086939441,0.946,double P type,['double P type'],tri-sub
11677,CCOC(=O)/C=C(\Sc1ccccc1)c1ccccc1,CCOC(=O)C[C@@H](Sc1ccccc1)c1ccccc1,ClCCl,,Rh,C[C@H](NC(=S)Nc1cc(C(F)(F)F)cc(C(F)(F)F)c1)C1=C(P(c2ccccc2)c2ccccc2)[C@@H]([Fe][C@H]2C=CC=C2P(c2ccccc2)c2ccccc2)C=C1,C[C@H](NC(=S)Nc1cc(C(F)(F)F)cc(C(F)(F)F)c1)C1=C(P(c2ccccc2)9->c2ccccc2)[C@@H]([Fe][C@H]2C=CC=C2P(c2ccccc2)8->c2ccccc2)C=C1.[Rh+]89,50,30,100,3.186966174,0.99,ferrocene type,"['ferrocene type', 'double P type']",tri-sub
5354,C=C(NC(C)=O)C(=O)OC,COC(=O)[C@@H](C)NC(C)=O,ClCCl,,Rh,O=C(NCCP1Cc2ccc3ccccc3c2-c2c(ccc3ccccc23)C1)Nc1ccccc1,O=C(NCCP8->1Cc2ccc3ccccc3c2-c2c(ccc3ccccc23)C1)Nc1ccccc1.[Rh+]8,20,25,100,0.049769013,0.042,binol type,"['binol type', 'single P type']",di-sub
12136,CC(=O)N/C(=C\c1ccccc1Cl)C(F)(F)F,CC(=O)N[C@@H](Cc1ccccc1Cl)C(F)(F)F,CO,,Rh,CC(C)(C)P1Cc2ccccc2[C@H]1[C@@H]1c2ccccc2CP1C(C)(C)C,CC(C)(C)P8->1Cc2ccccc2[C@H]1[C@@H]1c2ccccc2CP9->1C(C)(C)C.[Rh+]89,5,25,100,3.134375973,0.99,double P type,['double P type'],tri-sub
11602,CCOC(=O)/C(OC(C)=O)=C(\NC(C)=O)c1ccccc1,CCOC(=O)[C@H](OC(C)=O)[C@@H](NC(C)=O)c1ccccc1,ClCCl,,Rh,CC(C)(C)P1Cc2ccccc2[C@H]1[C@@H]1c2ccccc2CP1C(C)(C)C,CC(C)(C)P8->1Cc2ccccc2[C@H]1[C@@H]1c2ccccc2CP9->1C(C)(C)C.[Rh+]89,30,25,100,2.477862753,0.97,double P type,['double P type'],tetra-sub
5800,COC(=O)C(NC(C)=O)=C(C)C,COC(=O)[C@@H](NC(C)=O)C(C)C,CO,,Rh,c1ccc(P(CCP(c2ccccc2)c2ccccc2OC2CCCCC2)c2ccccc2OC2CCCCC2)cc1,c1ccc(P(CCP(c2ccccc2)9->c2ccccc2OC2CCCCC2)8->c2ccccc2OC2CCCCC2)cc1.[Rh+]89,3,25,1000,3.438045145,0.994,double P type,['double P type'],tetra-sub
6309,COCO/C(=C(\NC(C)=O)c1ccccc1)c1ccccc1,COCO[C@@H](c1ccccc1)[C@H](NC(C)=O)c1ccccc1,CO,,Rh,C[C@H](C1=C[C@@H]([Fe]C2C=CC=C2)C=C1P(c1ccccc1)c1ccccc1)P(C1CCCCC1)C1CCCCC1,C[C@H](C1=C[C@@H]([Fe]C2C=CC=C2)C=C1P(c1ccccc1)8->c1ccccc1)P(C1CCCCC1)9->C1CCCCC1.[Rh+]89,40,40,100,2.062856082,0.93,ferrocene type,"['ferrocene type', 'double P type']",tetra-sub
1875,COC(=O)/C(=C/c1ccc(F)cc1)NC(C)=O,COC(=O)[C@H](Cc1ccc(F)cc1)NC(C)=O,ClCCl,,Rh,CC(C)(C)N(N(p1oc2ccc3ccccc3c2c2c(ccc3ccccc32)o1)C(C)(C)C)p1oc2ccc3ccccc3c2c2c(ccc3ccccc32)o1,CC(C)(C)N(N(p8->1oc2ccc3ccccc3c2c2c(ccc3ccccc32)o1)C(C)(C)C)p9->1oc2ccc3ccccc3c2c2c(ccc3ccccc32)o1.[Rh+]89,5,25,100,1.881851867,0.92,binol type,"['binol type', 'double P type']",tri-sub
1881,COC(=O)/C(=C/c1ccc(F)cc1)NC(C)=O,COC(=O)[C@@H](Cc1ccc(F)cc1)NC(C)=O,ClCCl,,Rh,CC(C)(C)N(N(p1oc2ccc3ccccc3c2c2c(ccc3ccccc32)o1)C(C)(C)C)p1oc2ccc3ccccc3c2c2c(ccc3ccccc32)o1,CC(C)(C)N(N(p8->1oc2ccc3ccccc3c2c2c(ccc3ccccc32)o1)C(C)(C)C)p9->1oc2ccc3ccccc3c2c2c(ccc3ccccc32)o1.[Rh+]89,1,25,100,2.058336063,0.94,binol type,"['binol type', 'double P type']",tri-sub
4357,COC(=O)/C(=C/c1cccs1)NC(C)=O,COC(=O)[C@H](Cc1cccs1)NC(C)=O,CO,,Rh,CC(C)(C)Oc1ccccc1P(CCP(c1ccccc1)c1ccccc1OC(C)(C)C)c1ccccc1,CC(C)(C)Oc1ccccc1P(CCP(c1ccccc1)9->c1ccccc1OC(C)(C)C)8->c1ccccc1.[Rh+]89,1,22,1000,4.455192972,0.999,double P type,['double P type'],tri-sub
9510,COC(=O)/C(=C/c1ccc(F)cc1)NC(C)=O,COC(=O)[C@@H](Cc1ccc(F)cc1)NC(C)=O,CC(C)=O,,Rh,c1ccc(P(c2ccccc2)c2cc3ccccc3c3c2op(N2CCCCC2)oc2c(P(c4ccccc4)c4ccccc4)cc4ccccc4c23)cc1,c1ccc(P(c2ccccc2)c2cc3ccccc3c3c2op(N2CCCCC2)9->oc2c(P(c4ccccc4)8->c4ccccc4)cc4ccccc4c23)cc1.[Rh+]89,1,25,100,2.477862753,0.97,binol type,"['binol type', 'double P type']",tri-sub
3210,C=C(NC(C)=O)C(=O)OC,COC(=O)[C@@H](C)NC(C)=O,ClCCl,,Rh,CCCCc1ccc(NC(=O)c2ccccc2C(=O)NCCc2cccc(COp3oc4ccc5ccccc5c4c4c(ccc5ccccc54)o3)c2)cc1,CCCCc1ccc(NC(=O)c2ccccc2C(=O)NCCc2cccc(COp8->3oc4ccc5ccccc5c4c4c(ccc5ccccc54)o3)c2)cc1.[Rh+]8,1,25,100,2.720952926,0.98,binol type,"['binol type', 'single P type']",di-sub
2970,C=C(NC(C)=O)C(=O)OC,COC(=O)[C@@H](C)NC(C)=O,ClCCl,,Rh,COCc1cc2ccccc2c2c1op(N(C)C)oc1ccc3ccccc3c12,COCc1cc2ccccc2c2c1op(N(C)C)8->oc1ccc3ccccc3c12.[Rh+]8,1,25,200,2.854280119,0.984,binol type,"['binol type', 'single P type']",di-sub
9967,CC(=O)NC1=Cc2ccccc2C1=O,CC(=O)N[C@H]1Cc2ccccc2C1=O,CO,,Rh,c1ccc(P(c2ccccc2)c2ccc3c(c2-c2c(P(c4ccccc4)c4ccccc4)ccc4c2OCO4)OCO3)cc1,c1ccc(P(c2ccccc2)8->c2ccc3c(c2-c2c(P(c4ccccc4)9->c4ccccc4)ccc4c2OCO4)OCO3)cc1.[Rh+]89,3,25,100,0.698896765,0.53,double P type,['double P type'],tri-sub
1277,COC(=O)/C(=C/c1ccc([N+](=O)[O-])cc1)NC(C)=O,COC(=O)[C@@H](Cc1ccc([N+](=O)[O-])cc1)NC(C)=O,CO.Cc1ccccc1,,Rh,C[C@@H](C1=C[C@H]([Fe]C2C=CC=C2)C=C1P(c1ccccc1)c1ccccc1)n1nnc(-c2ccccc2)c1P(c1ccccc1)c1ccccc1,C[C@@H](C1=C[C@H]([Fe]C2C=CC=C2)C=C1P(c1ccccc1)8->c1ccccc1)n1nnc(-c2ccccc2)c1P(c1ccccc1)9->c1ccccc1.[Rh+]89,1,25,100,3.134375973,0.99,ferrocene type,"['ferrocene type', 'double P type']",tri-sub
11125,COC(=O)/C=C(\C#N)c1cc(F)cc(F)c1,COC(=O)C[C@@H](C#N)c1cc(F)cc(F)c1,CO,,Rh,C[C@H](NC(=S)Nc1cc(C(F)(F)F)cc(C(F)(F)F)c1)C1=C(P(c2ccccc2)c2ccccc2)[C@@H]([Fe][C@H]2C=CC=C2P(c2ccccc2)c2ccccc2)C=C1,C[C@H](NC(=S)Nc1cc(C(F)(F)F)cc(C(F)(F)F)c1)C1=C(P(c2ccccc2)9->c2ccccc2)[C@@H]([Fe][C@H]2C=CC=C2P(c2ccccc2)8->c2ccccc2)C=C1.[Rh+]89,50,35,100,1.86972096,0.91,ferrocene type,"['ferrocene type', 'double P type']",tri-sub
11606,COC(=O)/C(OC(C)=O)=C(\NC(C)=O)c1ccccc1,COC(=O)[C@H](OC(C)=O)[C@@H](NC(C)=O)c1ccccc1,ClCCl,,Rh,CC(C)(C)P1Cc2ccccc2[C@H]1[C@@H]1c2ccccc2CP1C(C)(C)C,CC(C)(C)P8->1Cc2ccccc2[C@H]1[C@@H]1c2ccccc2CP9->1C(C)(C)C.[Rh+]89,30,25,100,2.169340323,0.95,double P type,['double P type'],tetra-sub
4345,COC(=O)/C(=C/c1cccnc1)NC(C)=O,COC(=O)[C@H](Cc1cccnc1)NC(C)=O,CO,F[B-](F)(F)F.[H+],Rh,CC(C)(C)Oc1ccccc1P(CCP(c1ccccc1)c1ccccc1OC(C)(C)C)c1ccccc1,CC(C)(C)Oc1ccccc1P(CCP(c1ccccc1)9->c1ccccc1OC(C)(C)C)8->c1ccccc1.[Rh+]89,1,22,1000,4.048591639,0.998,double P type,['double P type'],tri-sub
1418,C=C(NC(C)=O)C(=O)OC,COC(=O)[C@@H](C)NC(C)=O,CO,,Rh,CP(c1ccccc1P(C)C(C)(C)C)C(C)(C)C,CP(c1ccccc1P(C)9->C(C)(C)C)8->C(C)(C)C.[Rh+]89,3,25,1000,4.500500019,0.999,double P type,['double P type'],di-sub
186,COC(=O)/C(=C\c1ccc(F)cc1)NC(C)=O,COC(=O)[C@H](Cc1ccc(F)cc1)NC(C)=O,ClCCl,,Rh,CC(C)(C)N(N(p1oc2ccc3ccccc3c2c2c(ccc3ccccc32)o1)C(C)(C)C)p1oc2ccc3ccccc3c2c2c(ccc3ccccc32)o1,CC(C)(C)N(N(p8->1oc2ccc3ccccc3c2c2c(ccc3ccccc32)o1)C(C)(C)C)p9->1oc2ccc3ccccc3c2c2c(ccc3ccccc32)o1.[Rh+]89,5,25,100,1.881851867,0.92,binol type,"['binol type', 'double P type']",tri-sub
7931,CC(=O)N1/C(=C\c2ccccc2)COc2ccccc21,CC(=O)N1c2ccccc2OC[C@H]1Cc1ccccc1,CO,,Rh,C[C@@H]1CC[C@@H](C)P1c1ccccc1P1[C@H](C)CC[C@H]1C,C[C@@H]1CC[C@@H](C)P8->1c1ccccc1P9->1[C@H](C)CC[C@H]1C.[Rh+]89,14,25,100,2.038309139,0.938,double P type,['double P type'],tri-sub
11109,COC(=O)/C=C(\C#N)c1ccc(-c2ccccc2)cc1,COC(=O)C[C@@H](C#N)c1ccc(-c2ccccc2)cc1,CO,,Rh,C[C@H](NC(=S)Nc1cc(C(F)(F)F)cc(C(F)(F)F)c1)C1=C(P(c2ccccc2)c2ccccc2)[C@@H]([Fe][C@H]2C=CC=C2P(c2ccccc2)c2ccccc2)C=C1,C[C@H](NC(=S)Nc1cc(C(F)(F)F)cc(C(F)(F)F)c1)C1=C(P(c2ccccc2)9->c2ccccc2)[C@@H]([Fe][C@H]2C=CC=C2P(c2ccccc2)8->c2ccccc2)C=C1.[Rh+]89,50,35,100,1.86972096,0.91,ferrocene type,"['ferrocene type', 'double P type']",tri-sub
1587,COC(=O)/C(=C/c1ccc([N+](=O)[O-])cc1)NC(C)=O,COC(=O)[C@H](Cc1ccc([N+](=O)[O-])cc1)NC(C)=O,ClCCl,,Rh,CCN(Cc1ccccc1)p1oc2ccc3ccccc3c2c2c(ccc3ccccc32)o1,CCN(Cc1ccccc1)p8->1oc2ccc3ccccc3c2c2c(ccc3ccccc32)o1.[Rh+]8,20,25,100,2.335478047,0.962,binol type,"['binol type', 'single P type']",tri-sub
4583,[H]/C=C(/NC(C)=O)C(=O)OC.[H]/C=C(/NC(C)=O)C(=O)OC,COC(=O)[C@H](C)NC(C)=O,ClCCl,,Rh,c1ccc(-p2oc3ccc4ccccc4c3c3c(ccc4ccccc43)o2)cc1,c1ccc(-p8->2oc3ccc4ccccc4c3c3c(ccc4ccccc43)o2)cc1.[Rh+]8,1,20,1000,1.076448271,0.728,binol type,"['binol type', 'single P type']",di-sub
8522,[H]/C=C(\NC(C)=O)C(=O)OC,COC(=O)[C@H](C)NC(C)=O,CO,,Rh,CP(CP(C(C)(C)C)C(C)(C)C)C(C)(C)C,CP(CP(C(C)(C)C)9->C(C)(C)C)8->C(C)(C)C.[Rh+]89,3,25,100,3.134375973,0.99,double P type,['double P type'],di-sub
8003,C/C=C(\NC(C)=O)C(=O)OC,CC[C@@H](NC(C)=O)C(=O)OC,ClCCl,,Rh,c1ccc2c(c1)ccc1op(N3CCCCC3)oc3ccc4ccccc4c3c12,c1ccc2c(c1)ccc1op(N3CCCCC3)8->oc3ccc4ccccc4c3c12.[Rh+]8,5,25,50,3.134375973,0.99,binol type,"['binol type', 'single P type']",tri-sub
6490,COC(=O)/C(=C/c1ccccc1)CNC(C)=O,COC(=O)[C@@H](CNC(C)=O)Cc1ccccc1,ClCCl,,Rh,O=C(NCCc1cccc(COp2oc3ccc4ccccc4c3c3c(ccc4ccccc43)o2)c1)c1ccccc1,O=C(NCCc1cccc(COp8->2oc3ccc4ccccc4c3c3c(ccc4ccccc43)o2)c1)c1ccccc1.[Rh+]8,49,25,100,1.531681473,0.86,binol type,"['binol type', 'single P type']",tri-sub
3607,C=C(NC(C)=O)C(=O)OC,COC(=O)[C@@H](C)NC(C)=O,ClCCl,,Rh,CP(CP(C(C)(C)C)C(C)(C)C)C(C)(C)C,CP(CP(C(C)(C)C)9->C(C)(C)C)8->C(C)(C)C.[Rh+]89,1,25,100,3.134375973,0.99,double P type,['double P type'],di-sub
3209,C=C(NC(C)=O)C(=O)OC,COC(=O)[C@@H](C)NC(C)=O,ClCCl,,Rh,CCCCc1ccc(NC(=O)c2ccccc2C(=O)NCc2ccccc2COp2oc3ccc4ccccc4c3c3c(ccc4ccccc43)o2)cc1,CCCCc1ccc(NC(=O)c2ccccc2C(=O)NCc2ccccc2COp8->2oc3ccc4ccccc4c3c3c(ccc4ccccc43)o2)cc1.[Rh+]8,1,25,100,3.134375973,0.99,binol type,"['binol type', 'single P type']",di-sub
6113,C=C(NC(C)=O)C(=O)OC,COC(=O)[C@H](C)NC(C)=O,ClCCl,,Rh,C=Cc1ccc(CN(c2ccccc2OC)p2oc3ccc4ccccc4c3c3c(ccc4ccccc43)o2)cc1,C=Cc1ccc(CN(c2ccccc2OC)p8->2oc3ccc4ccccc4c3c3c(ccc4ccccc43)o2)cc1.[Rh+]8,1,25,20,0.460001482,0.37,binol type,"['binol type', 'single P type']",di-sub
9040,COC(=O)/C(=C\c1ccccc1)NC(C)=O,COC(=O)[C@H](Cc1ccccc1)NC(C)=O,ClCCl,,Rh,CC(Op1oc2c(C(C)(C)C)cc(C(C)(C)C)cc2c2cc(C(C)(C)C)cc(C(C)(C)C)c2o1)[C@H]1O[C@@H]2OC(C)(C)O[C@H]2[C@@H]1Op1oc2c(C(C)(C)C)cc(C(C)(C)C)cc2c2cc(C(C)(C)C)cc(C(C)(C)C)c2o1,CC(Op8->1oc2c(C(C)(C)C)cc(C(C)(C)C)cc2c2cc(C(C)(C)C)cc(C(C)(C)C)c2o1)[C@H]1O[C@@H]2OC(C)(C)O[C@H]2[C@@H]1Op9->1oc2c(C(C)(C)C)cc(C(C)(C)C)cc2c2cc(C(C)(C)C)cc(C(C)(C)C)c2o1.[Rh+]89,5,25,100,0.392762844,0.32,double P type,['double P type'],tri-sub
9526,COC(=O)/C(=C/c1ccc(OC)cc1)NC(C)=O,COC(=O)[C@@H](Cc1ccc(OC)cc1)NC(C)=O,CC(C)=O,,Rh,c1ccc(P(c2ccccc2)c2cc3ccccc3c3c2op(N2CCCCC2)oc2c(P(c4ccccc4)c4ccccc4)cc4ccccc4c23)cc1,c1ccc(P(c2ccccc2)c2cc3ccccc3c3c2op(N2CCCCC2)9->oc2c(P(c4ccccc4)8->c4ccccc4)cc4ccccc4c23)cc1.[Rh+]89,1,25,100,2.933945973,0.986,binol type,"['binol type', 'double P type']",tri-sub
8942,COC(=O)/C=C(\CP(=O)(OC)OC)c1ccccc1,COC(=O)CC(CP(=O)(OC)OC)c1ccccc1,CO,,Rh,C[C@@H](C1=C([P@](c2ccccc2)c2cccc3ccccc23)C=C[C@H]1[Fe]C1C=CC=C1)N(C)P(c1ccc(C(F)(F)F)cc1)c1ccc(C(F)(F)F)cc1,C[C@@H](C1=C([P@](c2ccccc2)9->c2cccc3ccccc23)C=C[C@H]1[Fe]C1C=CC=C1)N(C)P(c1ccc(C(F)(F)F)cc1)8->c1ccc(C(F)(F)F)cc1.[Rh+]89,59,25,100,2.169340323,0.95,ferrocene type,"['ferrocene type', 'double P type']",tri-sub
11307,COC(=O)/C(NC(=O)OC(C)(C)C)=C(/c1ccc(C(=O)OC)cc1)c1cc(F)cc(F)c1,COC(=O)c1ccc([C@@H](c2cc(F)cc(F)c2)[C@H](NC(=O)OC(C)(C)C)C(=O)OC)cc1,CO,,Rh,C[C@H](C1=C[C@@H]([Fe]C2C=CC=C2)C=C1P(c1ccco1)c1ccco1)P(C(C)(C)C)C(C)(C)C,C[C@H](C1=C[C@@H]([Fe]C2C=CC=C2)C=C1P(c1ccco1)8->c1ccco1)P(C(C)(C)C)9->C(C)(C)C.[Rh+]89,8,80,10,3.712868183,0.99,ferrocene type,"['ferrocene type', 'double P type']",tetra-sub
1463,CCOC(=O)/C=C(\NC(C)=O)c1ccc(F)cc1,CCOC(=O)C[C@H](NC(C)=O)c1ccc(F)cc1,CO,,Rh,CP(c1ccccc1P(C)C(C)(C)C)C(C)(C)C,CP(c1ccccc1P(C)9->C(C)(C)C)8->C(C)(C)C.[Rh+]89,4,25,1000,2.000064923,0.934,double P type,['double P type'],tri-sub
10156,CCOC(=O)/C(=C/c1ccccc1)NC(C)=O,CCOC(=O)C(Cc1ccccc1)NC(C)=O,ClCCl,,Rh,FC(F)(F)c1cc(P(N[C@@H]2CCCc3cccc(P(c4ccccc4)c4ccccc4)c32)c2cc(C(F)(F)F)cc(C(F)(F)F)c2)cc(C(F)(F)F)c1,FC(F)(F)c1cc(P(N[C@@H]2CCCc3cccc(P(c4ccccc4)9->c4ccccc4)c32)8->c2cc(C(F)(F)F)cc(C(F)(F)F)c2)cc(C(F)(F)F)c1.[Rh+]89,10,25,100,2.219927286,0.954,double P type,['double P type'],tri-sub
8188,CC(=O)NC1=Cc2ccccc2CC1,CC(=O)N[C@@H]1CCc2ccccc2C1,ClCCl,,Rh,c1ccc2c(c1)ccc1op(N3CCSCC3)oc3ccc4ccccc4c3c12,c1ccc2c(c1)ccc1op(N3CCSCC3)8->oc3ccc4ccccc4c3c12.[Rh+]8,25,25,50,0.419344493,0.34,binol type,"['binol type', 'single P type']",tri-sub
12119,CC(=O)N/C(=C\c1ccccc1)C(F)(F)F,CC(=O)N[C@@H](Cc1ccccc1)C(F)(F)F,CO,,Rh,CP(c1nc2ccccc2nc1P(C)C(C)(C)C)C(C)(C)C,CP(c1nc2ccccc2nc1P(C)8->C(C)(C)C)9->C(C)(C)C.[Rh+]89,5,25,100,2.720952926,0.98,double P type,['double P type'],tri-sub
11323,C=C(NC(C)=O)C(=O)OC,COC(=O)[C@H](C)NC(C)=O,CCO,,Rh,C[C@@H](C1=C([PH](=O)c2ccccc2P(c2ccccc2)c2ccccc2)C=C[C@H]1[Fe]C1C=CC=C1)N(C)C,C[C@@H](C1=C([PH](=O)c2ccccc2P(c2ccccc2)8->c2ccccc2)C=C[C@H]1[Fe]C1C=CC=C1)N(C)C.[Rh+]8,10,25,100,1.334717277,0.81,ferrocene type,"['ferrocene type', 'single P type']",di-sub
11130,COC(=O)/C=C(\C#N)c1ccc(OC)c(Br)c1,COC(=O)C[C@@H](C#N)c1ccc(OC)c(Br)c1,CO,,Rh,C[C@H](NC(=S)Nc1cc(C(F)(F)F)cc(C(F)(F)F)c1)C1=C(P(c2ccccc2)c2ccccc2)[C@@H]([Fe][C@H]2C=CC=C2P(c2ccccc2)c2ccccc2)C=C1,C[C@H](NC(=S)Nc1cc(C(F)(F)F)cc(C(F)(F)F)c1)C1=C(P(c2ccccc2)9->c2ccccc2)[C@@H]([Fe][C@H]2C=CC=C2P(c2ccccc2)8->c2ccccc2)C=C1.[Rh+]89,50,35,100,1.683967589,0.88,ferrocene type,"['ferrocene type', 'double P type']",tri-sub
1365,C=C(NC(C)=O)C(=O)OC,COC(=O)[C@H](C)NC(C)=O,ClCCl,,Rh,CC[C@H](CCN1[C]N(c2c(C)cc(C)cc2C)C=C1)P(c1ccccc1)c1ccccc1,CC[C@H](CCN1[C]N(c2c(C)cc(C)cc2C)C=C1)P(c1ccccc1)8->c1ccccc1.[Rh+]8,20,25,50,0.289880943,0.24,others,['others'],di-sub
9660,COC(=O)/C(=C/c1ccc(Cl)cc1)NC(C)=O,COC(=O)[C@@H](Cc1ccc(Cl)cc1)NC(C)=O,CC(C)=O,,Rh,c1ccc(P(c2ccccc2)c2cc3ccccc3c3c2op(N2CCCCC2)oc2c(P(c4ccccc4)c4ccccc4)cc4ccccc4c23)cc1,c1ccc(P(c2ccccc2)c2cc3ccccc3c3c2op(N2CCCCC2)9->oc2c(P(c4ccccc4)8->c4ccccc4)cc4ccccc4c23)cc1.[Rh+]89,1,25,100,2.78393889,0.982,binol type,"['binol type', 'double P type']",tri-sub
8928,COC(=O)/C(=C/c1ccccc1OC)NC(C)=O,COC(=O)[C@@H](Cc1ccccc1OC)NC(C)=O,ClCCl,,Rh,C[C@H](C1=C[C@H]([Fe]C2C=CC=C2)C=C1)N(C)p1oc2ccc3ccccc3c2c2c(ccc3ccccc32)o1,C[C@H](C1=C[C@H]([Fe]C2C=CC=C2)C=C1)N(C)p8->1oc2ccc3ccccc3c2c2c(ccc3ccccc32)o1.[Rh+]8,10,25,100,3.546301865,0.995,binol type,"['binol type', 'ferrocene type', 'single P type']",tri-sub
1421,C=C(NC(C)=O)C(=O)OC,COC(=O)[C@@H](C)NC(C)=O,CO,,Rh,CP(c1cc2c(cc1P(C)C(C)(C)C)OCO2)C(C)(C)C,CP(c1cc2c(cc1P(C)9->C(C)(C)C)OCO2)8->C(C)(C)C.[Rh+]89,5,25,10000,2.157310662,0.949,double P type,['double P type'],di-sub
5211,COC(=O)/C(=C/c1ccc(-c2ccc(C(C)=O)cc2)cc1)NC(C)=O,COC(=O)[C@@H](Cc1ccc(-c2ccc(C(C)=O)cc2)cc1)NC(C)=O,ClCCl,,Rh,CN(C)p1oc2ccc3ccccc3c2c2c(ccc3ccccc32)o1,CN(C)p8->1oc2ccc3ccccc3c2c2c(ccc3ccccc32)o1.[Rh+]8,5,25,100,3.134375973,0.99,binol type,"['binol type', 'single P type']",tri-sub
9974,CC(=O)NC1=Cc2ccccc2C1=O,CC(=O)N[C@H]1Cc2ccccc2C1=O,CCOC(C)=O,,Rh,CP(CP(C(C)(C)C)C(C)(C)C)C(C)(C)C,CP(CP(C(C)(C)C)9->C(C)(C)C)8->C(C)(C)C.[Rh+]89,3,25,100,3.134375973,0.99,double P type,['double P type'],tri-sub
1805,COC(=O)/C(=C/c1ccccc1OC)NC(C)=O,COC(=O)[C@@H](Cc1ccccc1Cl)NC(C)=O,ClCCl,,Rh,C[C@@H](c1ccccc1P(c1ccccc1)c1ccccc1)N(C)p1oc2ccc3ccccc3c2c2c(ccc3ccccc32)o1,C[C@@H](c1ccccc1P(c1ccccc1)8->c1ccccc1)N(C)p9->1oc2ccc3ccccc3c2c2c(ccc3ccccc32)o1.[Rh+]89,10,25,100,4.500500019,0.999,binol type,"['binol type', 'double P type']",tri-sub
6524,COC(=O)/C(=C/c1ccccc1)CNC(C)=O,COC(=O)[C@@H](CNC(C)=O)Cc1ccccc1,ClCCl,,Rh,O=C(NCc1ccc(COp2oc3ccc4ccccc4c3c3c(ccc4ccccc43)o2)cc1)c1ccc(C(F)(F)F)cc1,O=C(NCc1ccc(COp8->2oc3ccc4ccccc4c3c3c(ccc4ccccc43)o2)cc1)c1ccc(C(F)(F)F)cc1.[Rh+]8,20,25,100,2.477862753,0.97,binol type,"['binol type', 'single P type']",tri-sub
9451,C=C(NC(C)=O)C(=O)OC,COC(=O)[C@@H](C)NC(C)=O,ClCCl,,Rh,C[C@H]1[C@@H](Op2oc3c(C(C)(C)C)cc(C(C)(C)C)cc3c3cc(C(C)(C)C)cc(C(C)(C)C)c3o2)C[C@@H]2C[C@H]1C2(C)C,C[C@H]1[C@@H](Op8->2oc3c(C(C)(C)C)cc(C(C)(C)C)cc3c3cc(C(C)(C)C)cc(C(C)(C)C)c3o2)C[C@@H]2C[C@H]1C2(C)C.[Rh+]8,1,25,100,0,0,single P type,['single P type'],di-sub
11595,CCOC(=O)/C(OC(C)=O)=C(\NC(C)=O)c1ccccc1,CCOC(=O)[C@H](OC(C)=O)[C@@H](NC(C)=O)c1ccccc1,ClCCl,,Rh,C[C@H](C1=C(P(c2ccccc2)c2ccccc2)[C@H]([Fe]C2C=CC=C2)C=C1)P(C1CCCCC1)C1CCCCC1,C[C@H](C1=C(P(c2ccccc2)8->c2ccccc2)[C@H]([Fe]C2C=CC=C2)C=C1)P(C1CCCCC1)9->C1CCCCC1.[Rh+]89,30,25,100,0.340695957,0.28,ferrocene type,"['ferrocene type', 'double P type']",tetra-sub
11738,CCOC(=O)/C=C(/B1OC(C)(C)C(C)(C)O1)c1ccc(-c2ccccc2)cc1,CCOC(=O)C[C@H](B1OC(C)(C)C(C)(C)O1)c1ccc(-c2ccccc2)cc1,ClCCl,,Rh,C[C@H](NC(=S)Nc1cc(C(F)(F)F)cc(C(F)(F)F)c1)C1=C(P(c2ccccc2)c2ccccc2)[C@@H]([Fe][C@H]2C=CC=C2P(c2ccccc2)c2ccccc2)C=C1,C[C@H](NC(=S)Nc1cc(C(F)(F)F)cc(C(F)(F)F)c1)C1=C(P(c2ccccc2)9->c2ccccc2)[C@@H]([Fe][C@H]2C=CC=C2P(c2ccccc2)8->c2ccccc2)C=C1.[Rh+]89,50,30,100,3.186966174,0.99,ferrocene type,"['ferrocene type', 'double P type']",tri-sub
2291,COC(=O)/C(=C/c1ccc2ccccc2c1)NC(C)=O,COC(=O)[C@H](Cc1ccc2ccccc2c1)NC(C)=O,C1CCOC1.CO,,Rh,C[C@H](C1=C(P(c2ccccc2)c2ccccc2)C=C[C@@H]1[Fe]C1C=CC=C1)N(C)P(c1ccccc1)c1ccccc1,C[C@H](C1=C(P(c2ccccc2)8->c2ccccc2)C=C[C@@H]1[Fe]C1C=CC=C1)N(C)P(c1ccccc1)9->c1ccccc1.[Rh+]89,1,25,100,2.751624708,0.981,ferrocene type,"['ferrocene type', 'double P type']",tri-sub
11291,COC(=O)/C(NC(C)=O)=C(/c1ccccc1)c1cn(C(=O)OC(C)(C)C)c2ncccc12,COC(=O)[C@@H](NC(C)=O)[C@@H](c1ccccc1)c1cn(C(=O)OC(C)(C)C)c2ncccc12,CO,,Rh,Cc1ccc(P(C2=C[C@H]([Fe]C3C=CC=C3)C=C2[C@@H](C)P(C(C)(C)C)C(C)(C)C)c2ccc(C)cc2)cc1,Cc1ccc(P(C2=C[C@H]([Fe]C3C=CC=C3)C=C2[C@@H](C)P(C(C)(C)C)9->C(C)(C)C)8->c2ccc(C)cc2)cc1.[Rh+]89,34,40,5,1.711304725,0.88,ferrocene type,"['ferrocene type', 'double P type']",tetra-sub
7870,CCOC(=O)/C=C(/NC(C)=O)c1ccccc1,CCOC(=O)C[C@@H](NC(C)=O)c1ccccc1,ClCCl,,Rh,COp1oc2ccc3ccccc3c2c2c(ccc3ccccc32)o1,COp8->1oc2ccc3ccccc3c2c2c(ccc3ccccc32)o1.[Rh+]8,59,25,50,1.399512296,0.828,binol type,"['binol type', 'single P type']",tri-sub
11988,CCOC(=O)/C=C(/c1ccccc1)[Si](C)(C)C,CCOC(=O)C[C@H](c1ccccc1)[Si](C)(C)C,CC(C)O,,Rh,COc1c(C(C)(C)C)cc(P(c2cc(C(C)(C)C)c(OC)c(C(C)(C)C)c2)c2ccc3c(c2-c2c(P(c4cc(C(C)(C)C)c(OC)c(C(C)(C)C)c4)c4ccc(C(C)(C)C)c(OC)c4C(C)(C)C)ccc4c2OCO4)OCO3)cc1C(C)(C)C,COc1c(C(C)(C)C)cc(P(c2cc(C(C)(C)C)c(OC)c(C(C)(C)C)c2)8->c2ccc3c(c2-c2c(P(c4cc(C(C)(C)C)c(OC)c(C(C)(C)C)c4)9->c4ccc(C(C)(C)C)c(OC)c4C(C)(C)C)ccc4c2OCO4)OCO3)cc1C(C)(C)C.[Rh+]89,50,40,100,0.087214993,0.07,double P type,['double P type'],tri-sub
12121,CC(=O)N/C(=C\c1ccccc1)C(F)(F)F,CC(=O)N[C@@H](Cc1ccccc1)C(F)(F)F,CO,,Rh,CC(C)(C)P1Cc2ccccc2[C@H]1[C@@H]1c2ccccc2CP1C(C)(C)C,CC(C)(C)P8->1Cc2ccccc2[C@H]1[C@@H]1c2ccccc2CP9->1C(C)(C)C.[Rh+]89,5,25,100,3.134375973,0.99,double P type,['double P type'],tri-sub
2416,CC(=O)N/C(=C\c1ccccc1)C(=O)O,CC(=O)N[C@@H](Cc1ccccc1)C(=O)O,C1CCOC1.CO,,Rh,Cc1ccc(P(c2ccc(C)cc2)N(C)[C@H](C)C2=C(P(c3ccccc3)c3ccccc3)C=C[C@@H]2[Fe]C2C=CC=C2)cc1,Cc1ccc(P(c2ccc(C)cc2)8->N(C)[C@H](C)C2=C(P(c3ccccc3)9->c3ccccc3)C=C[C@@H]2[Fe]C2C=CC=C2)cc1.[Rh+]89,3,25,5000,2.145508547,0.948,ferrocene type,"['ferrocene type', 'double P type']",tri-sub
8014,C/C=C(\NC(C)=O)C(=O)OC,CC[C@@H](NC(C)=O)C(=O)OC,ClCCl,,Rh,c1ccc2c(c1)CCN(p1oc3ccc4c(c3c3c5c(ccc3o1)CCCC5)CCCC4)C2,c1ccc2c(c1)CCN(p8->1oc3ccc4c(c3c3c5c(ccc3o1)CCCC5)CCCC4)C2.[Rh+]8,5,25,50,2.304501335,0.96,binol type,"['binol type', 'single P type']",tri-sub
9505,C=C(NC(C)=O)C(=O)OC,COC(=O)[C@@H](C)NC(C)=O,CC(C)=O,,Rh,CC(C)N(C(C)C)p1oc2c(P(c3ccccc3)c3ccccc3)cc3ccccc3c2c2c(o1)c(P(c1ccccc1)c1ccccc1)cc1ccccc12,CC(C)N(C(C)C)p18->oc2c(P(c3ccccc3)c3ccccc3)cc3ccccc3c2c2c(o1)c(P(c1ccccc1)c1ccccc1)cc1ccccc12.[Rh+]8,1,25,100,2.933945973,0.986,binol type,"['binol type', 'single P type']",di-sub
11332,COC(=O)/C(=C\c1ccccc1)NC(C)=O,COC(=O)[C@H](Cc1ccccc1)NC(C)=O,CCO,,Rh,C[C@@H](C1=C(P(c2ccccc2)c2ccccc2P(c2ccccc2)c2ccccc2)C=C[C@H]1[Fe]C1C=CC=C1)N(C)C,C[C@@H](C1=C(P(c2ccccc2)8->c2ccccc2P(c2ccccc2)9->c2ccccc2)C=C[C@H]1[Fe]C1C=CC=C1)N(C)C.[Rh+]89,10,25,100,0.715489045,0.54,ferrocene type,"['ferrocene type', 'double P type']",tri-sub
11327,C=C(NC(C)=O)C(=O)OC,COC(=O)[C@H](C)NC(C)=O,CCO,,Rh,C[C@@H](C1=C(P(c2ccccc2P(c2ccccc2)c2ccccc2)C(C)(C)C)C=C[C@H]1[Fe]C1C=CC=C1)N(C)C,C[C@@H](C1=C(P(c2ccccc2P(c2ccccc2)9->c2ccccc2)8->C(C)(C)C)C=C[C@H]1[Fe]C1C=CC=C1)N(C)C.[Rh+]89,10,25,100,0.215518352,0.18,ferrocene type,"['ferrocene type', 'double P type']",di-sub
9514,COC(=O)/C(=C/c1ccccc1Cl)NC(C)=O,COC(=O)[C@@H](Cc1ccccc1Cl)NC(C)=O,CC(C)=O,,Rh,c1ccc(P(c2ccccc2)c2cc3ccccc3c3c2op(N2CCCCC2)oc2c(P(c4ccccc4)c4ccccc4)cc4ccccc4c23)cc1,c1ccc(P(c2ccccc2)c2cc3ccccc3c3c2op(N2CCCCC2)9->oc2c(P(c4ccccc4)8->c4ccccc4)cc4ccccc4c23)cc1.[Rh+]89,1,25,100,2.40254515,0.966,binol type,"['binol type', 'double P type']",tri-sub
3675,COC(=O)/C(=C/c1ccc([N+](=O)[O-])cc1)NC(C)=O,COC(=O)[C@H](Cc1ccc([N+](=O)[O-])cc1)NC(C)=O,ClCCl,,Rh,CN(Cc1cc(OCc2ccccc2)cc(OCc2ccccc2)c1)p1oc2ccc3ccccc3c2c2c(ccc3ccccc32)o1,CN(Cc1cc(OCc2ccccc2)cc(OCc2ccccc2)c1)p8->1oc2ccc3ccccc3c2c2c(ccc3ccccc32)o1.[Rh+]8,20,20,100,2.296292174,0.962,binol type,"['binol type', 'single P type']",tri-sub
8180,CC(=O)NC1=Cc2ccccc2CC1,CC(=O)N[C@@H]1CCc2ccccc2C1,ClCCl,,Rh,CN(C)p1oc2ccc3c(c2c2c4c(ccc2o1)CCCC4)CCCC3,CN(C)p8->1oc2ccc3c(c2c2c4c(ccc2o1)CCCC4)CCCC3.[Rh+]8,25,25,50,0.035539047,0.03,binol type,"['binol type', 'single P type']",tri-sub
12359,CCCCC/C=C(\NC(C)=O)C(=O)OC,CCCCCC[C@@H](NC(C)=O)C(=O)OC,CO,,Rh,CC(C)(C)P1Cc2ccccc2C1[C@H]1c2ccccc2CP1C(C)(C)C,CC(C)(C)P8->1Cc2ccccc2C1[C@H]1c2ccccc2CP9->1C(C)(C)C.[Rh+]89,7,25,100,3.849375327,0.997,double P type,['double P type'],tri-sub
9668,COC(=O)/C(=C/c1ccc(OC)cc1)NC(C)=O,COC(=O)[C@@H](Cc1ccc(OC)cc1)NC(C)=O,CC(C)=O,,Rh,c1ccc(P(c2ccccc2)c2cc3ccccc3c3c2op(N2CCCCC2)oc2c(P(c4ccccc4)c4ccccc4)cc4ccccc4c23)cc1,c1ccc(P(c2ccccc2)c2cc3ccccc3c3c2op(N2CCCCC2)9->oc2c(P(c4ccccc4)8->c4ccccc4)cc4ccccc4c23)cc1.[Rh+]89,1,25,100,2.933945973,0.986,binol type,"['binol type', 'double P type']",tri-sub
12125,CC(=O)N/C(=C\c1ccccc1)C(F)(F)F,CC(=O)N[C@@H](Cc1ccccc1)C(F)(F)F,CCO,,Rh,CC(C)(C)P1Cc2ccccc2[C@H]1[C@@H]1c2ccccc2CP1C(C)(C)C,CC(C)(C)P8->1Cc2ccccc2[C@H]1[C@@H]1c2ccccc2CP9->1C(C)(C)C.[Rh+]89,5,25,100,2.169340323,0.95,double P type,['double P type'],tri-sub
840,CC(=O)NC1=Cc2cc(Br)ccc2OC1,CC(=O)N[C@@H]1COc2ccc(Br)cc2C1,ClCCl,,Rh,CC(C)(C)P1c2c(cccc2-c2c3ccccc3cc3ccccc23)O[C@@H]1[C@H]1Oc2cccc(-c3c4ccccc4cc4ccccc34)c2P1C(C)(C)C,CC(C)(C)P8->1c2c(cccc2-c2c3ccccc3cc3ccccc23)O[C@@H]1[C@H]1Oc2cccc(-c3c4ccccc4cc4ccccc34)c2P9->1C(C)(C)C.[Rh+]89,51,50,200,2.685737145,0.97,double P type,['double P type'],tri-sub
9506,C=C(NC(C)=O)C(=O)OC,COC(=O)[C@@H](C)NC(C)=O,CC(C)=O,,Rh,c1ccc(P(c2ccccc2)c2cc3ccccc3c3c2op(N2CCCCC2)oc2c(P(c4ccccc4)c4ccccc4)cc4ccccc4c23)cc1,c1ccc(P(c2ccccc2)c2cc3ccccc3c3c2op(N2CCCCC2)9->oc2c(P(c4ccccc4)8->c4ccccc4)cc4ccccc4c23)cc1.[Rh+]89,1,25,100,3.267102947,0.992,binol type,"['binol type', 'double P type']",di-sub
1600,C=C(NC(C)=O)C(=O)OC,COC(=O)[C@@H](C)NC(C)=O,ClCCl,,Rh,O=C(OCc1ccccc1)[C@@H]1CCCN1p1oc2ccc3ccccc3c2c2c(ccc3ccccc32)o1,O=C(OCc1ccccc1)[C@@H]1CCCN1p8->1oc2ccc3ccccc3c2c2c(ccc3ccccc32)o1.[Rh+]8,5,25,50,1.44621066,0.84,binol type,"['binol type', 'single P type']",di-sub
12000,CCOC(=O)/C=C(/c1ccccc1)[Si](C)(C)c1ccccc1,CCOC(=O)C[C@H](c1ccccc1)[Si](C)(C)c1ccccc1,OCC(F)(F)F,,Rh,C[C@H](NC(=S)Nc1cc(C(F)(F)F)cc(C(F)(F)F)c1)C1=C(P(c2ccccc2)c2ccccc2)[C@@H]([Fe][C@H]2C=CC=C2P(c2ccccc2)c2ccccc2)C=C1,C[C@H](NC(=S)Nc1cc(C(F)(F)F)cc(C(F)(F)F)c1)C1=C(P(c2ccccc2)9->c2ccccc2)[C@@H]([Fe][C@H]2C=CC=C2P(c2ccccc2)8->c2ccccc2)C=C1.[Rh+]89,50,40,100,2.857913644,0.98,ferrocene type,"['ferrocene type', 'double P type']",tri-sub
206,COC(=O)/C(=C\c1ccc(Cl)cc1)NC(C)=O,COC(=O)[C@H](Cc1ccc(Cl)cc1)NC(C)=O,ClCCl,,Rh,Cc1ccccc1N(N(c1ccccc1C)p1oc2ccc3ccccc3c2c2c(ccc3ccccc32)o1)p1oc2ccc3ccccc3c2c2c(ccc3ccccc32)o1,Cc1ccccc1N(N(c1ccccc1C)p8->1oc2ccc3ccccc3c2c2c(ccc3ccccc32)o1)p9->1oc2ccc3ccccc3c2c2c(ccc3ccccc32)o1.[Rh+]89,5,25,100,0.65053196,0.5,binol type,"['binol type', 'double P type']",tri-sub
3268,COC(=O)/C(=C/c1ccccc1)CNC(C)=O,COC(=O)C(CNC(C)=O)Cc1ccccc1,ClCCl,,Rh,CCCCc1ccc(N(C)C(=O)c2ccccc2C(=O)N(C)c2cccc(COp3oc4ccc5ccccc5c4c4c(ccc5ccccc54)o3)c2)cc1,CCCCc1ccc(N(C)C(=O)c2ccccc2C(=O)N(C)c2cccc(COp8->3oc4ccc5ccccc5c4c4c(ccc5ccccc54)o3)c2)cc1.[Rh+]8,49,25,100,1.334717277,0.81,binol type,"['binol type', 'single P type']",tri-sub
7877,CCOC(=O)/C=C(/NC(C)=O)c1ccccc1,CCOC(=O)C[C@@H](NC(C)=O)c1ccccc1,ClCCl,,Rh,c1ccc(-p2oc3ccc4ccccc4c3c3c(ccc4ccccc43)o2)cc1,c1ccc(-p8->2oc3ccc4ccccc4c3c3c(ccc4ccccc43)o2)cc1.[Rh+]8,59,25,50,0.725565975,0.546,binol type,"['binol type', 'single P type']",tri-sub
7342,C=C(NC(C)=O)C(=O)OC,COC(=O)[C@H](C)NC(C)=O,ClCCl,,Rh,C[S@](=O)(=Np1oc2ccc3ccccc3c2c2c(ccc3ccccc32)o1)c1ccccc1,C[S@](=O)(=N9->p8->1oc2ccc3ccccc3c2c2c(ccc3ccccc32)o1)c1ccccc1.[Rh+]89,1,25,1000,3.025820725,0.988,binol type,"['binol type', 'P,N type']",di-sub
11702,CCOC(=O)/C=C(\Sc1ccc(F)cc1)c1ccccc1,CCOC(=O)C[C@H](Sc1ccc(F)cc1)c1ccccc1,OCC(F)(F)F,,Rh,C[C@H](NC(=S)Nc1cc(C(F)(F)F)cc(C(F)(F)F)c1)C1=C(P(c2ccccc2)c2ccccc2)[C@@H]([Fe][C@H]2C=CC=C2P(c2ccccc2)c2ccccc2)C=C1,C[C@H](NC(=S)Nc1cc(C(F)(F)F)cc(C(F)(F)F)c1)C1=C(P(c2ccccc2)9->c2ccccc2)[C@@H]([Fe][C@H]2C=CC=C2P(c2ccccc2)8->c2ccccc2)C=C1.[Rh+]89,50,60,100,2.768886902,0.97,ferrocene type,"['ferrocene type', 'double P type']",tri-sub
9971,CC(=O)NC1=Cc2ccccc2C1=O,CC(=O)N[C@H]1Cc2ccccc2C1=O,CO,,Rh,CP(CP(C)C(C)(C)C)C(C)(C)C,CP(CP(C)9->C(C)(C)C)8->C(C)(C)C.[Rh+]89,3,25,100,1.881851867,0.92,double P type,['double P type'],tri-sub
4581,[H]/C=C(/NC(C)=O)C(=O)OC.[H]/C=C(/NC(C)=O)C(=O)OC,COC(=O)[C@H](C)NC(C)=O,ClCCl,,Rh,c1ccc2c(c1)ccc1op(C3CCCCC3)oc3ccc4ccccc4c3c12,c1ccc2c(c1)ccc1op(C3CCCCC3)8->oc3ccc4ccccc4c3c12.[Rh+]8,1,20,1000,1.850277171,0.92,binol type,"['binol type', 'single P type']",di-sub
3214,C=C(NC(C)=O)C(=O)OC,COC(=O)[C@@H](C)NC(C)=O,ClCCl,,Rh,c1ccc(Op2oc3ccc4ccccc4c3c3c(ccc4ccccc43)o2)cc1,c1ccc(Op8->2oc3ccc4ccccc4c3c3c(ccc4ccccc43)o2)cc1.[Rh+]8,1,25,100,1.44621066,0.84,binol type,"['binol type', 'single P type']",di-sub
12132,CC(=O)N/C(=C\c1cccc(C)c1)C(F)(F)F,CC(=O)N[C@@H](Cc1cccc(C)c1)C(F)(F)F,CO,,Rh,CC(C)(C)P1Cc2ccccc2[C@H]1[C@@H]1c2ccccc2CP1C(C)(C)C,CC(C)(C)P8->1Cc2ccccc2[C@H]1[C@@H]1c2ccccc2CP9->1C(C)(C)C.[Rh+]89,5,25,100,3.134375973,0.99,double P type,['double P type'],tri-sub
9615,CC(=O)NC1=Cc2ccccc2CC1,CC(=O)N[C@H]1CCc2ccccc2C1,ClCCl,,Rh,Cc1cc(C(C)(C)C)c2op(OC[C@@H](C)P(c3ccccc3)c3ccccc3)oc3c(C(C)(C)C)cc(C)c(C)c3c2c1C,Cc1cc(C(C)(C)C)c2op(OC[C@@H](C)P(c3ccccc3)8->c3ccccc3)9->oc3c(C(C)(C)C)cc(C)c(C)c3c2c1C.[Rh+]89,20,25,100,1.152250667,0.75,double P type,['double P type'],tri-sub
9983,CC(=O)NC1=Cc2ccc(C)cc2C1=O,CC(=O)N[C@H]1Cc2ccc(C)cc2C1=O,CCOC(C)=O,,Rh,CP(CP(C(C)(C)C)C(C)(C)C)C(C)(C)C,CP(CP(C(C)(C)C)9->C(C)(C)C)8->C(C)(C)C.[Rh+]89,3,25,100,3.134375973,0.99,double P type,['double P type'],tri-sub
9656,COC(=O)/C(=C/c1ccccc1Cl)NC(C)=O,COC(=O)[C@@H](Cc1ccccc1Cl)NC(C)=O,CC(C)=O,,Rh,c1ccc(P(c2ccccc2)c2cc3ccccc3c3c2op(N2CCCCC2)oc2c(P(c4ccccc4)c4ccccc4)cc4ccccc4c23)cc1,c1ccc(P(c2ccccc2)c2cc3ccccc3c3c2op(N2CCCCC2)9->oc2c(P(c4ccccc4)8->c4ccccc4)cc4ccccc4c23)cc1.[Rh+]89,1,25,100,2.40254515,0.966,binol type,"['binol type', 'double P type']",tri-sub
11925,COC(=O)/C(=C/C=C/c1ccccc1)NC(C)=O,COC(=O)[C@@H](C/C=C/c1ccccc1)NC(C)=O,CO,,Rh,CC(C)(C)P1Cc2ccccc2[C@H]1[C@@H]1c2ccccc2CP1C(C)(C)C,CC(C)(C)P8->1Cc2ccccc2[C@H]1[C@@H]1c2ccccc2CP9->1C(C)(C)C.[Rh+]89,1.5,25,100,3.134375973,0.99,double P type,['double P type'],tri-sub
1838,CC(=O)N/C(=C\c1ccccc1)C(=O)O,CC(=O)N[C@H](Cc1ccccc1)C(=O)O,C1CCOC1,,Rh,c1ccc2c(c1)ccc1op(OC[C@@H]3CCCN3p3oc4ccc5ccccc5c4c4c(ccc5ccccc54)o3)oc3ccc4ccccc4c3c12,c1ccc2c(c1)ccc1op(OC[C@@H]3CCCN3p9->3oc4ccc5ccccc5c4c4c(ccc5ccccc54)o3)8->oc3ccc4ccccc4c3c12.[Rh+]89,10,25,100,0.878043878,0.63,binol type,"['binol type', 'double P type']",tri-sub
7945,O=C(c1ccccc1)N1/C(=C\c2ccccc2)COc2ccccc21,O=C(c1ccccc1)N1c2ccccc2OC[C@H]1Cc1ccccc1,CO,,Rh,COc1cccc(P(c2ccccc2)c2ccccc2)c1-c1c(OC)cccc1P(c1ccccc1)c1ccccc1,COc1cccc(P(c2ccccc2)8->c2ccccc2)c1-c1c(OC)cccc1P(c1ccccc1)9->c1ccccc1.[Rh+]89,4,25,100,1.775448249,0.905,double P type,['double P type'],tri-sub
11727,COC(=O)/C=C(/B1OC(C)(C)C(C)(C)O1)c1ccccc1,COC(=O)C[C@H](B1OC(C)(C)C(C)(C)O1)c1ccccc1,ClCCl,,Rh,C[C@H](NC(=S)Nc1cc(C(F)(F)F)cc(C(F)(F)F)c1)C1=C(P(c2ccccc2)c2ccccc2)[C@@H]([Fe][C@H]2C=CC=C2P(c2ccccc2)c2ccccc2)C=C1,C[C@H](NC(=S)Nc1cc(C(F)(F)F)cc(C(F)(F)F)c1)C1=C(P(c2ccccc2)9->c2ccccc2)[C@@H]([Fe][C@H]2C=CC=C2P(c2ccccc2)8->c2ccccc2)C=C1.[Rh+]89,50,30,100,3.186966174,0.99,ferrocene type,"['ferrocene type', 'double P type']",tri-sub
8929,COC(=O)/C(=C/c1ccc(Cl)cc1)NC(C)=O,COC(=O)[C@@H](Cc1ccc(Cl)cc1)NC(C)=O,ClCCl,,Rh,C[C@H](C1=C[C@H]([Fe]C2C=CC=C2)C=C1)N(C)p1oc2ccc3ccccc3c2c2c(ccc3ccccc32)o1,C[C@H](C1=C[C@H]([Fe]C2C=CC=C2)C=C1)N(C)p8->1oc2ccc3ccccc3c2c2c(ccc3ccccc32)o1.[Rh+]8,10,25,100,3.134375973,0.99,binol type,"['binol type', 'ferrocene type', 'single P type']",tri-sub
5943,C=C(NC(C)=O)C(=O)OC,COC(=O)[C@@H](C)NC(C)=O,C1CCOC1,,Rh,c1ccc2c3c(ccc2c1)CP(n1cccc1)Cc1ccc2ccccc2c1-3,c1ccc2c3c(ccc2c1)CP(n9->1cccc1)8->Cc1ccc2ccccc2c1-3.[Rh+]89,1,25,100,0.784540948,0.58,binol type,"['binol type', 'P,N type']",di-sub
225,COC(=O)/C(=C\c1ccc(F)cc1)NC(C)=O,COC(=O)[C@@H](Cc1ccc(F)cc1)NC(C)=O,ClCCl,,Rh,Cc1ccccc1OP(Oc1ccccc1C)N(c1ccccc1C)N(c1ccccc1C)p1oc2ccc3ccccc3c2c2c(ccc3ccccc32)o1,Cc1ccccc1OP(Oc1ccccc1C)8->N(c1ccccc1C)N(c1ccccc1C)p9->1oc2ccc3ccccc3c2c2c(ccc3ccccc32)o1.[Rh+]89,5,25,100,0.191126942,0.16,binol type,"['binol type', 'double P type']",tri-sub
9536,CCC/C=C(\NC(C)=O)C(=O)OC,CCCC[C@@H](NC(C)=O)C(=O)OC,CC(C)=O,,Rh,CCN(CC)p1oc2c(P(c3ccccc3)c3ccccc3)cc3ccccc3c2c2c(o1)c(P(c1ccccc1)c1ccccc1)cc1ccccc12,CCN(CC)p8->1oc2c(P(c3ccccc3)9->c3ccccc3)cc3ccccc3c2c2c(o1)c(P(c1ccccc1)c1ccccc1)cc1ccccc12.[Rh+]89,1,25,100,2.854280119,0.984,binol type,"['binol type', 'double P type']",tri-sub
1634,CC(=O)N/C(=C\c1ccccc1)C(=O)O,CC(=O)N[C@H](Cc1ccccc1)C(=O)O,ClCCl,,Rh,c1cnc2c(Np3oc4ccc5ccccc5c4c4c(ccc5ccccc54)o3)cccc2c1,c1cn9->c2c(Np8->3oc4ccc5ccccc5c4c4c(ccc5ccccc54)o3)cccc2c1.[Rh+]89,1,25,20,1.152250667,0.75,binol type,"['binol type', 'P,N type']",tri-sub
7334,C=C(NC(C)=O)C(=O)OC,COC(=O)C(C)NC(C)=O,ClCCl,,Rh,C[C@@H](c1cccc2ccccc12)N([C@@H](C)c1cccc2ccccc12)p1oc2ccccc2c2ccccc2o1,C[C@@H](c1cccc2ccccc12)N([C@@H](C)c1cccc2ccccc12)p8->1oc2ccccc2c2ccccc2o1.[Rh+]8,1,25,100,0,0,single P type,['single P type'],di-sub
5363,CC(=O)NC1=Cc2ccccc2CC1,CC(=O)NC1CCc2ccccc2C1,ClCCl,,Rh,O=C(NCCP1Cc2ccc3ccccc3c2-c2c(ccc3ccccc23)C1)Nc1ccccc1,O=C(NCCP8->1Cc2ccc3ccccc3c2-c2c(ccc3ccccc23)C1)Nc1ccccc1.[Rh+]8,39,25,100,0.180204233,0.151,binol type,"['binol type', 'single P type']",tri-sub
11104,COC(=O)/C=C(\C#N)c1ccc(C)cc1,COC(=O)C[C@@H](C#N)c1ccc(C)cc1,CO,,Rh,C[C@@H](C1=C(P(c2ccccc2)c2ccccc2)[C@@H]([Fe][C@H]2C=CC=C2P(c2ccccc2)c2ccccc2)C=C1)N(C)C(=S)Nc1cc(C(F)(F)F)cc(C(F)(F)F)c1,C[C@@H](C1=C(P(c2ccccc2)8->c2ccccc2)[C@@H]([Fe][C@H]2C=CC=C2P(c2ccccc2)9->c2ccccc2)C=C1)N(C)C(=S)Nc1cc(C(F)(F)F)cc(C(F)(F)F)c1.[Rh+]89,50,20,100,2.675299354,0.98,ferrocene type,"['ferrocene type', 'double P type']",tri-sub
12365,CCC(/C=C(\NC(C)=O)C(=O)OC)CC,CCC(CC)C[C@@H](NC(C)=O)C(=O)OC,CO,,Rh,CC(C)(C)P1Cc2ccccc2C1[C@H]1c2ccccc2CP1C(C)(C)C,CC(C)(C)P8->1Cc2ccccc2C1[C@H]1c2ccccc2CP9->1C(C)(C)C.[Rh+]89,7,25,100,2.385079212,0.965,double P type,['double P type'],tri-sub
11833,COC(=O)c1ccc(/C=C2\CCCOC2=O)cc1,COC(=O)c1ccc(C[C@H]2CCCOC2=O)cc1,ClCCCl,,Rh,C[C@H](NC(=S)Nc1cc(C(F)(F)F)cc(C(F)(F)F)c1)C1=C(P(c2ccccc2)c2ccccc2)[C@@H]([Fe][C@H]2C=CC=C2P(c2ccccc2)c2ccccc2)C=C1,C[C@H](NC(=S)Nc1cc(C(F)(F)F)cc(C(F)(F)F)c1)C1=C(P(c2ccccc2)9->c2ccccc2)[C@@H]([Fe][C@H]2C=CC=C2P(c2ccccc2)8->c2ccccc2)C=C1.[Rh+]89,50,35,50,1.802026594,0.9,ferrocene type,"['ferrocene type', 'double P type']",tri-sub
8946,COC(=O)/C=C(\CP(=O)(OC)OC)c1cccc(OC)c1,COC(=O)CC(CP(=O)(OC)OC)c1cccc(OC)c1,ClCCl,,Rh,C[C@@H](C1=C([P@](c2ccccc2)c2cccc3ccccc23)C=C[C@H]1[Fe]C1C=CC=C1)N(C)P(c1ccc(C(F)(F)F)cc1)c1ccc(C(F)(F)F)cc1,C[C@@H](C1=C([P@](c2ccccc2)9->c2cccc3ccccc23)C=C[C@H]1[Fe]C1C=CC=C1)N(C)P(c1ccc(C(F)(F)F)cc1)8->c1ccc(C(F)(F)F)cc1.[Rh+]89,59,25,100,2.477862753,0.97,ferrocene type,"['ferrocene type', 'double P type']",tri-sub
6303,COCO/C(=C(\NC(C)=O)c1ccccc1)c1ccccc1,COCO[C@@H](c1ccccc1)[C@H](NC(C)=O)c1ccccc1,C1CCOC1,,Rh,C[C@H](C1=C[C@@H]([Fe]C2C=CC=C2)C=C1P(c1ccccc1)c1ccccc1)P(C1CCCCC1)C1CCCCC1,C[C@H](C1=C[C@@H]([Fe]C2C=CC=C2)C=C1P(c1ccccc1)8->c1ccccc1)P(C1CCCCC1)9->C1CCCCC1.[Rh+]89,40,40,100,0.769198824,0.55,ferrocene type,"['ferrocene type', 'double P type']",tetra-sub
2419,CC(=O)N/C(=C\c1ccccc1)C(=O)O,CC(=O)N[C@@H](Cc1ccccc1)C(=O)O,C1CCOC1.CO,,Rh,C[C@H](C1=C(P(c2ccccc2)c2ccccc2)C=C[C@@H]1[Fe]C1C=CC=C1)N(C)P(c1ccc(Cl)cc1)c1ccc(Cl)cc1,C[C@H](C1=C(P(c2ccccc2)8->c2ccccc2)C=C[C@@H]1[Fe]C1C=CC=C1)N(C)P(c1ccc(Cl)cc1)9->c1ccc(Cl)cc1.[Rh+]89,3,25,3000,2.498237711,0.971,ferrocene type,"['ferrocene type', 'double P type']",tri-sub
825,CC(=O)N/C(C)=C/c1ccccc1Cl,CC(=O)N[C@H](C)Cc1ccccc1Cl,ClCCl,,Rh,CC(C)(C)P1c2c(cccc2-c2c3ccccc3cc3ccccc23)O[C@@H]1[C@H]1Oc2cccc(-c3c4ccccc4cc4ccccc34)c2P1C(C)(C)C,CC(C)(C)P8->1c2c(cccc2-c2c3ccccc3cc3ccccc23)O[C@@H]1[C@H]1Oc2cccc(-c3c4ccccc4cc4ccccc34)c2P9->1C(C)(C)C.[Rh+]89,51,50,200,2.949220789,0.98,double P type,['double P type'],tri-sub
12128,CC(=O)N/C(=C\c1ccccc1)C(F)(F)F,CC(=O)N[C@@H](Cc1ccccc1)C(F)(F)F,ClCCl,,Rh,CC(C)(C)P1Cc2ccccc2[C@H]1[C@@H]1c2ccccc2CP1C(C)(C)C,CC(C)(C)P8->1Cc2ccccc2[C@H]1[C@@H]1c2ccccc2CP9->1C(C)(C)C.[Rh+]89,5,25,100,2.720952926,0.98,double P type,['double P type'],tri-sub
5634,COC(=O)/C(=C/c1cccc(Br)c1)NC(C)=O,COC(=O)[C@@H](Cc1cccc(Br)c1)NC(C)=O,CO,,Rh,CC(C)(C)P1CCC[C@@H]1[C@H]1CCCP1C(C)(C)C,CC(C)(C)P8->1CCC[C@@H]1[C@H]1CCCP9->1C(C)(C)C.[Rh+]89,1,25,100,3.134375973,0.99,double P type,['double P type'],tri-sub
300,C/C=C(\NC(C)=O)C(=O)OC,CC[C@H](NC(C)=O)C(=O)OC,ClCCl,,Rh,CC(C)P1Oc2cccc3c2C2(CC3)CCc3cccc(c32)O1,CC(C)P8->1Oc2cccc3c2C2(CC3)CCc3cccc(c32)O1.[Rh+]8,1,25,100,2.933945973,0.986,single P type,['single P type'],tri-sub
7326,C=C(NC(C)=O)C(=O)OC,COC(=O)[C@H](C)NC(C)=O,ClCCl,,Rh,c1ccc([C@@H]2CCCC[C@H]2Op2oc3ccccc3c3ccccc3o2)cc1,c1ccc([C@@H]2CCCC[C@H]2Op8->2oc3ccccc3c3ccccc3o2)cc1.[Rh+]8,1,25,100,0.698896765,0.53,single P type,['single P type'],di-sub
5940,C=C(NC(C)=O)C(=O)OC,COC(=O)[C@@H](C)NC(C)=O,CCOC(C)=O,,Rh,c1ccc2c3c(ccc2c1)CP(N1CCC1)Cc1ccc2ccccc2c1-3,c1ccc2c3c(ccc2c1)CP(N1CCC1)8->Cc1ccc2ccccc2c1-3.[Rh+]8,1,25,100,0.392762844,0.32,binol type,"['binol type', 'single P type']",di-sub
11694,CCOC(=O)/C=C(\Sc1ccccc1)c1ccc(F)cc1,CCOC(=O)C[C@@H](Sc1ccccc1)c1ccc(F)cc1,ClCCl,,Rh,C[C@H](NC(=S)Nc1cc(C(F)(F)F)cc(C(F)(F)F)c1)C1=C(P(c2ccccc2)c2ccccc2)[C@@H]([Fe][C@H]2C=CC=C2P(c2ccccc2)c2ccccc2)C=C1,C[C@H](NC(=S)Nc1cc(C(F)(F)F)cc(C(F)(F)F)c1)C1=C(P(c2ccccc2)9->c2ccccc2)[C@@H]([Fe][C@H]2C=CC=C2P(c2ccccc2)8->c2ccccc2)C=C1.[Rh+]89,50,30,100,2.092871903,0.94,ferrocene type,"['ferrocene type', 'double P type']",tri-sub
296,COC(=O)/C(=C/c1ccccc1Cl)NC(C)=O,COC(=O)[C@H](Cc1ccccc1Cl)NC(C)=O,ClCCl,,Rh,CC(C)P1Oc2cccc3c2C2(CC3)CCc3cccc(c32)O1,CC(C)P8->1Oc2cccc3c2C2(CC3)CCc3cccc(c32)O1.[Rh+]8,1,25,100,2.519317024,0.972,single P type,['single P type'],tri-sub
1457,COC(=O)/C=C(\NC(C)=O)c1ccccc1,COC(=O)C[C@H](NC(C)=O)c1ccccc1,CO,,Rh,CP(c1ccccc1P(C)C(C)(C)C)C(C)(C)C,CP(c1ccccc1P(C)9->C(C)(C)C)8->C(C)(C)C.[Rh+]89,3,25,1000,2.519317024,0.972,double P type,['double P type'],tri-sub
2420,CC(=O)N/C(=C\c1ccccc1)C(=O)O,CC(=O)N[C@@H](Cc1ccccc1)C(=O)O,C1CCOC1.CO,,Rh,C[C@H](C1=C(P(c2ccccc2)c2ccccc2)C=C[C@@H]1[Fe]C1C=CC=C1)N(C)P(c1cccc(F)c1)c1cccc(F)c1,C[C@H](C1=C(P(c2ccccc2)8->c2ccccc2)C=C[C@@H]1[Fe]C1C=CC=C1)N(C)P(c1cccc(F)c1)9->c1cccc(F)c1.[Rh+]89,3,25,3000,3.267102947,0.992,ferrocene type,"['ferrocene type', 'double P type']",tri-sub
6358,COC(=O)C(NC(C)=O)=C(C)C,COC(=O)[C@H](NC(C)=O)C(C)C,CO,,Rh,CP(CCP(C)C1C=CC=C1)C1C=CC=C1,CP(CCP(C)9->C1C=CC=C1)8->C1C=CC=C1.[Rh+]89,2,25,100,1.004216547,0.69,double P type,['double P type'],tetra-sub
12596,O=C1C=C(c2ccccc2)C(=O)O1,O=C1C[C@H](c2ccccc2)C(=O)O1,ClCCl,,Rh,C[C@H](C1=C[C@@H]([Fe]C2C=CC=C2)C=C1c1ccccc1P(c1ccccc1)c1ccccc1)P(c1ccccc1)c1ccccc1,C[C@H](C1=C[C@@H]([Fe]C2C=CC=C2)C=C1c1ccccc1P(c1ccccc1)8->c1ccccc1)P(c1ccccc1)9->c1ccccc1.[Rh+]89,30,25,100,0,0,ferrocene type,"['ferrocene type', 'double P type']",tri-sub
9530,COC(=O)/C(=C/c1ccc(C(F)(F)F)cc1)NC(C)=O,COC(=O)[C@@H](Cc1ccc(C(F)(F)F)cc1)NC(C)=O,CC(C)=O,,Rh,c1ccc(P(c2ccccc2)c2cc3ccccc3c3c2op(N2CCCCC2)oc2c(P(c4ccccc4)c4ccccc4)cc4ccccc4c23)cc1,c1ccc(P(c2ccccc2)c2cc3ccccc3c3c2op(N2CCCCC2)9->oc2c(P(c4ccccc4)8->c4ccccc4)cc4ccccc4c23)cc1.[Rh+]89,1,25,100,2.40254515,0.966,binol type,"['binol type', 'double P type']",tri-sub
12351,CCCCC/C=C(\NC(C)=O)C(=O)OC,CCCCCC[C@@H](NC(C)=O)C(=O)OC,ClCCl,,Rh,CC(C)(C)P1Cc2ccccc2C1[C@H]1c2ccccc2CP1C(C)(C)C,CC(C)(C)P8->1Cc2ccccc2C1[C@H]1c2ccccc2CP9->1C(C)(C)C.[Rh+]89,7,25,100,3.134375973,0.99,double P type,['double P type'],tri-sub
4107,COC(=O)/C(=C/c1ccccc1F)NC(C)=O,COC(=O)[C@@H](Cc1ccccc1F)NC(C)=O,ClCCl,,Rh,CN(C)p1oc2ccc3ccccc3c2c2c(ccc3ccccc32)o1,CN(C)p8->1oc2ccc3ccccc3c2c2c(ccc3ccccc32)o1.[Rh+]8,5,25,100,2.058336063,0.94,binol type,"['binol type', 'single P type']",tri-sub
1582,COC(=O)/C(=C/c1cccc(Cl)c1)NC(C)=O,COC(=O)[C@H](Cc1cccc(Cl)c1)NC(C)=O,ClCCl,,Rh,CCN(Cc1ccccc1)p1oc2ccc3ccccc3c2c2c(ccc3ccccc32)o1,CCN(Cc1ccccc1)p8->1oc2ccc3ccccc3c2c2c(ccc3ccccc32)o1.[Rh+]8,20,25,100,2.663917561,0.978,binol type,"['binol type', 'single P type']",tri-sub
6376,CC/C(C)=C(\NC(C)=O)C(=O)OC,CC[C@@H](C)[C@@H](NC(C)=O)C(=O)OC,CO,,Rh,CP(CCP(C)C1C=CC=C1)C1C=CC=C1,CP(CCP(C)9->C1C=CC=C1)8->C1C=CC=C1.[Rh+]89,2,25,100,1.881851867,0.92,double P type,['double P type'],tetra-sub
8534,COC(=O)/C(=C/c1ccc(OCc2ccccc2)c(OCc2ccccc2)c1)NC(C)=O,COC(=O)[C@H](Cc1ccc(OCc2ccccc2)c(OCc2ccccc2)c1)NC(C)=O,CO,,Rh,CP(NP(C(C)(C)C)C(C)(C)C)C(C)(C)C,CP(NP(C(C)(C)C)9->C(C)(C)C)8->C(C)(C)C.[Rh+]89,16,25,33,3.134375973,0.99,double P type,['double P type'],tri-sub
3582,CC(=O)N/C(=C\c1ccccc1)C(=O)O,CC(=O)N[C@H](Cc1ccccc1)C(=O)O,ClCCl,,Rh,CC1(C)O[C@H](CP(c2ccccc2)c2ccccc2)[C@@H](CP(c2ccccc2)c2ccccc2)O1,CC1(C)O[C@H](CP(c2ccccc2)8->c2ccccc2)[C@@H](CP(c2ccccc2)9->c2ccccc2)O1.[Rh+]89,1,25,100,1.074905271,0.72,double P type,['double P type'],tri-sub
6899,COC(=O)/C(=C/c1ccc(OC)cc1)NC(C)=O,COC(=O)[C@H](Cc1ccc(OC)cc1)NC(C)=O,ClCCl,,Rh,CO[C@@H]1COC(c2ccccc2)O[C@H]1[C@@H]1OC(c2ccccc2)OC[C@H]1Op1oc2ccc3ccccc3c2c2c(ccc3ccccc32)o1,CO[C@@H]1COC(c2ccccc2)O[C@H]1[C@@H]1OC(c2ccccc2)OC[C@H]1Op8->1oc2ccc3ccccc3c2c2c(ccc3ccccc32)o1.[Rh+]8,1.2,20,100,2.675299354,0.98,binol type,"['binol type', 'single P type']",tri-sub
1697,CCOC(=O)/C=C(\NC(C)=O)c1ccccc1,CCOC(=O)C[C@H](NC(C)=O)c1ccccc1,CC(C)O,,Rh,C[C@@H](Np1oc2ccc3ccccc3c2c2c(ccc3ccccc32)o1)c1ccccc1,C[C@@H](Np8->1oc2ccc3ccccc3c2c2c(ccc3ccccc32)o1)c1ccccc1.[Rh+]8,10,25,50,1.881851867,0.92,binol type,"['binol type', 'single P type']",tri-sub
6526,COC(=O)/C(=C/c1ccccc1)CNC(C)=O,COC(=O)[C@@H](CNC(C)=O)Cc1ccccc1,ClCCl,,Rh,O=C(Nc1cccc(COp2oc3ccc4ccccc4c3c3c(ccc4ccccc43)o2)c1)c1ccc(C(F)(F)F)cc1,O=C(Nc1cccc(COp8->2oc3ccc4ccccc4c3c3c(ccc4ccccc43)o2)c1)c1ccc(C(F)(F)F)cc1.[Rh+]8,49,25,100,0.732336261,0.55,binol type,"['binol type', 'single P type']",tri-sub
1425,COC(=O)/C(=C/c1ccc2ccccc2c1)NC(C)=O,COC(=O)[C@@H](Cc1ccc2ccccc2c1)NC(C)=O,CO,,Rh,CP(c1nc2ccccc2nc1P(C)C(C)(C)C)C(C)(C)C,CP(c1nc2ccccc2nc1P(C)8->C(C)(C)C)9->C(C)(C)C.[Rh+]89,5,25,1000,3.678730759,0.996,double P type,['double P type'],tri-sub
2331,CC(=O)N/C(=C\c1ccccc1)C(=O)O,CC(=O)N[C@@H](Cc1ccccc1)C(=O)O,C1CCOC1.CO,,Rh,C[C@@H](c1ccccc1)N([C@H](C)C1=C(P(c2ccccc2)c2ccccc2)C=C[C@@H]1[Fe]C1C=CC=C1)P(c1ccccc1)c1ccccc1,C[C@@H](c1ccccc1)N([C@H](C)C1=C(P(c2ccccc2)8->c2ccccc2)C=C[C@@H]1[Fe]C1C=CC=C1)P(c1ccccc1)9->c1ccccc1.[Rh+]89,1,25,100,1.399512296,0.828,ferrocene type,"['ferrocene type', 'double P type']",tri-sub
12344,CCCCC/C=C(\NC(C)=O)C(=O)OC,CCCCCC[C@@H](NC(C)=O)C(=O)OC,CO,,Rh,C[C@H](C1=C[C@@H]([Fe]C2C=CC=C2)C=C1P(c1ccccc1)c1ccccc1)P(C(C)(C)C)C(C)(C)C,C[C@H](C1=C[C@@H]([Fe]C2C=CC=C2)C=C1P(c1ccccc1)8->c1ccccc1)P(C(C)(C)C)9->C(C)(C)C.[Rh+]89,7,25,100,0.064013358,0.054,ferrocene type,"['ferrocene type', 'double P type']",tri-sub
10151,COC(=O)/C=C(\NC(C)=O)c1ccc(OC)cc1,COC(=O)CC(NC(C)=O)c1ccc(OC)cc1,CO,,Rh,FC(F)(F)c1ccc(P(N[C@@H]2CCCc3cccc(P(c4ccccc4)c4ccccc4)c32)c2ccc(C(F)(F)F)cc2)cc1,FC(F)(F)c1ccc(P(N[C@@H]2CCCc3cccc(P(c4ccccc4)9->c4ccccc4)c32)8->c2ccc(C(F)(F)F)cc2)cc1.[Rh+]89,10,25,100,2.43904547,0.968,double P type,['double P type'],tri-sub
2967,C=C(NC(C)=O)C(=O)OC,COC(=O)[C@@H](C)NC(C)=O,ClCCl,,Rh,CN(C)p1oc2ccc3ccccc3c2c2c(o1)c(COC(=O)c1ccccc1)cc1ccccc12,CN(C)p8->1oc2ccc3ccccc3c2c2c(o1)c(COC(=O)c1ccccc1)cc1ccccc12.[Rh+]8,1,25,200,2.978126328,0.987,binol type,"['binol type', 'single P type']",di-sub
1422,COC(=O)/C(=C/c1ccc(OC(C)=O)c(OC)c1)NC(C)=O,COC(=O)[C@@H](Cc1ccc(OC(C)=O)c(OC)c1)NC(C)=O,CO,,Rh,CP(c1nc2ccccc2nc1P(C)C(C)(C)C)C(C)(C)C,CP(c1nc2ccccc2nc1P(C)8->C(C)(C)C)9->C(C)(C)C.[Rh+]89,3,25,1000,4.500500019,0.999,double P type,['double P type'],tri-sub
9976,CC(=O)NC1=Cc2ccccc2C1=O,CC(=O)N[C@H]1Cc2ccccc2C1=O,CO,,Rh,CP(CP(C(C)(C)C)C(C)(C)C)C(C)(C)C,CP(CP(C(C)(C)C)9->C(C)(C)C)8->C(C)(C)C.[Rh+]89,3,25,100,0.240091991,0.2,double P type,['double P type'],tri-sub
6049,C=C(NC(C)=O)C(=O)OC,COC(=O)[C@H](C)NC(C)=O,ClCCl,,Rh,CC(C)P(C(C)C)C(C)C,CC(C)P(C(C)C)8->C(C)C.[Rh+]8,1,25,1000,0,0,single P type,['single P type'],di-sub
5482,CC(=O)N/C(=C\c1ccccc1)C(=O)O,CC(=O)N[C@@H](Cc1ccccc1)C(=O)O,C1CCOC1,,Rh,CC(C)(C)S[C@H]1CCCC[C@@H]1OP(c1ccccc1)c1ccccc1,CC(C)(C)S[C@H]1CCCC[C@@H]1OP(c1ccccc1)8->c1ccccc1.[Rh+]8,7.8,25,100,2.304501335,0.96,single P type,['single P type'],tri-sub
11111,COC(=O)/C=C(\C#N)c1ccc(C(F)(F)F)cc1,COC(=O)C[C@@H](C#N)c1ccc(C(F)(F)F)cc1,CO,,Rh,C[C@H](NC(=S)Nc1cc(C(F)(F)F)cc(C(F)(F)F)c1)C1=C(P(c2ccccc2)c2ccccc2)[C@@H]([Fe][C@H]2C=CC=C2P(c2ccccc2)c2ccccc2)C=C1,C[C@H](NC(=S)Nc1cc(C(F)(F)F)cc(C(F)(F)F)c1)C1=C(P(c2ccccc2)9->c2ccccc2)[C@@H]([Fe][C@H]2C=CC=C2P(c2ccccc2)8->c2ccccc2)C=C1.[Rh+]89,50,35,100,1.945001259,0.92,ferrocene type,"['ferrocene type', 'double P type']",tri-sub
7936,CC(=O)N1/C(=C\c2ccccc2)COc2ccc(C)cc21,CC(=O)N1c2cc(C)ccc2OC[C@H]1Cc1ccccc1,CO,,Rh,C[C@@H]1CC[C@@H](C)P1c1ccccc1P1[C@H](C)CC[C@H]1C,C[C@@H]1CC[C@@H](C)P8->1c1ccccc1P9->1[C@H](C)CC[C@H]1C.[Rh+]89,4,25,100,2.720952926,0.98,double P type,['double P type'],tri-sub
7344,C=C(NC(C)=O)C(=O)OC,COC(=O)[C@H](C)NC(C)=O,ClCCl,,Rh,CS(C)(=O)=Np1oc2ccc3ccccc3c2c2c(ccc3ccccc32)o1,CS(C)(=O)=N9->p8->1oc2ccc3ccccc3c2c2c(ccc3ccccc32)o1.[Rh+]89,1,25,1000,2.78393889,0.982,binol type,"['binol type', 'P,N type']",di-sub
6299,COCO/C(=C(\NC(C)=O)c1ccccc1)c1ccccc1,COCO[C@@H](c1ccccc1)[C@H](NC(C)=O)c1ccccc1,CO,,Rh,CN(C)[C@H](C1=C[C@@H]([Fe]C2C=CC=C2)C=C1P(c1ccccc1)c1ccccc1)c1ccccc1P(c1ccccc1)c1ccccc1,CN(C)[C@H](C1=C[C@@H]([Fe]C2C=CC=C2)C=C1P(c1ccccc1)9->c1ccccc1)c1ccccc1P(c1ccccc1)8->c1ccccc1.[Rh+]89,40,40,100,0.602914215,0.45,ferrocene type,"['ferrocene type', 'double P type']",tetra-sub
9982,CC(=O)NC1=Cc2cccc(C)c2C1=O,CC(=O)N[C@H]1Cc2cccc(C)c2C1=O,CCOC(C)=O,,Rh,CP(CP(C(C)(C)C)C(C)(C)C)C(C)(C)C,CP(CP(C(C)(C)C)9->C(C)(C)C)8->C(C)(C)C.[Rh+]89,3,25,100,3.134375973,0.99,double P type,['double P type'],tri-sub
11998,CCOC(=O)/C=C(/c1ccccc1)[Si](C)(C)C,CCOC(=O)C[C@H](c1ccccc1)[Si](C)(C)C,OCC(F)(F)F,,Rh,C[C@H](NC(=S)Nc1cc(C(F)(F)F)cc(C(F)(F)F)c1)C1=C(P(c2ccccc2)c2ccccc2)[C@@H]([Fe][C@H]2C=CC=C2P(c2ccccc2)c2ccccc2)C=C1,C[C@H](NC(=S)Nc1cc(C(F)(F)F)cc(C(F)(F)F)c1)C1=C(P(c2ccccc2)9->c2ccccc2)[C@@H]([Fe][C@H]2C=CC=C2P(c2ccccc2)8->c2ccccc2)C=C1.[Rh+]89,50,40,100,2.602587389,0.97,ferrocene type,"['ferrocene type', 'double P type']",tri-sub
9600,CC(=O)NC1=Cc2ccccc2CC1,CC(=O)N[C@H]1CCc2ccccc2C1,ClCCl,,Rh,Cc1cc(C(C)(C)C)c2op(OCCP(c3ccccc3)c3ccccc3)oc3c(C(C)(C)C)cc(C)c(C)c3c2c1C,Cc1cc(C(C)(C)C)c2op(OCCP(c3ccccc3)8->c3ccccc3)9->oc3c(C(C)(C)C)cc(C)c(C)c3c2c1C.[Rh+]89,20,25,100,1.334717277,0.81,double P type,['double P type'],tri-sub
11947,COC(=O)/C(=C/C=C/c1ccco1)NC(C)=O,COC(=O)[C@@H](C/C=C/c1ccco1)NC(C)=O,ClCCl,,Rh,CC(C)(C)P1CCC[C@@H]1[C@H]1CCCP1C(C)(C)C,CC(C)(C)P8->1CCC[C@@H]1[C@H]1CCCP9->1C(C)(C)C.[Rh+]89,1.5,25,3000,3.134375973,0.99,double P type,['double P type'],tri-sub
12565,CCOC(=O)/C(NC(C)=O)=C(\OC(C)=O)c1ccc2ccccc2c1,CCOC(=O)[C@@H](NC(C)=O)[C@H](OC(C)=O)c1ccc2ccccc2c1,ClCCl,,Rh,CC(C)(C)P1Cc2ccccc2C1[C@H]1c2ccccc2CP1C(C)(C)C,CC(C)(C)P8->1Cc2ccccc2C1[C@H]1c2ccccc2CP9->1C(C)(C)C.[Rh+]89,30,25,50,3.134375973,0.99,double P type,['double P type'],tetra-sub
8182,CC(=O)NC1=Cc2ccccc2CC1,CC(=O)N[C@@H]1CCc2ccccc2C1,ClCCl,,Rh,c1ccc2c(c1)ccc1op(N3CCCC3)oc3ccc4ccccc4c3c12,c1ccc2c(c1)ccc1op(N3CCCC3)8->oc3ccc4ccccc4c3c12.[Rh+]8,25,25,50,0.130800009,0.11,binol type,"['binol type', 'single P type']",tri-sub
9527,COC(=O)/C(=C/c1ccc(C(F)(F)F)cc1)NC(C)=O,COC(=O)[C@@H](Cc1ccc(C(F)(F)F)cc1)NC(C)=O,CC(C)=O,,Rh,CN(C)p1oc2c(P(c3ccccc3)c3ccccc3)cc3ccccc3c2c2c(o1)c(P(c1ccccc1)c1ccccc1)cc1ccccc12,CN(C)p9->1oc2c(P(c3ccccc3)c3ccccc3)cc3ccccc3c2c2c(o1)c(P(c1ccccc1)8->c1ccccc1)cc1ccccc12.[Rh+]89,1,25,100,2.56379954,0.974,binol type,"['binol type', 'double P type']",tri-sub
12551,CCOC(=O)/C(NC(C)=O)=C(\OC(C)=O)c1ccccc1,CCOC(=O)[C@@H](NC(C)=O)[C@H](OC(C)=O)c1ccccc1,C1CCOC1,,Rh,CC(C)(C)P1Cc2ccccc2C1[C@H]1c2ccccc2CP1C(C)(C)C,CC(C)(C)P8->1Cc2ccccc2C1[C@H]1c2ccccc2CP9->1C(C)(C)C.[Rh+]89,30,25,50,0,0,double P type,['double P type'],tetra-sub
1724,COC(=O)/C(=C/c1ccc(F)cc1)NC(C)=O,COC(=O)[C@@H](Cc1ccc(F)cc1)NC(C)=O,ClCCl,,Rh,c1ccc2c3c(ccc2c1)CN(p1oc2ccc4ccccc4c2c2c(ccc4ccccc42)o1)Cc1ccc2ccccc2c1-3,c1ccc2c3c(ccc2c1)CN(p8->1oc2ccc4ccccc4c2c2c(ccc4ccccc42)o1)Cc1ccc2ccccc2c1-3.[Rh+]8,5,25,100,3.134375973,0.99,binol type,"['binol type', 'single P type']",tri-sub
12113,CC(=O)N/C(=C\c1ccccc1)C(F)(F)F,CC(=O)N[C@@H](Cc1ccccc1)C(F)(F)F,CO,,Rh,c1ccc(P(c2ccccc2)c2cccc3c2-c2c(cccc2P(c2ccccc2)c2ccccc2)OCCCO3)cc1,c1ccc(P(c2ccccc2)8->c2cccc3c2-c2c(cccc2P(c2ccccc2)9->c2ccccc2)OCCCO3)cc1.[Rh+]89,5,25,100,0.619359515,0.48,double P type,['double P type'],tri-sub
1420,C=C(NC(C)=O)C(=O)OC,COC(=O)[C@@H](C)NC(C)=O,CO,,Rh,CP(c1cc2c(cc1P(C)C(C)(C)C)OCO2)C(C)(C)C,CP(c1cc2c(cc1P(C)9->C(C)(C)C)OCO2)8->C(C)(C)C.[Rh+]89,3,25,1000,4.500500019,0.999,double P type,['double P type'],di-sub
1499,COC(=O)/C(=C/c1c(C)cc(OC(C)=O)cc1C)NC(C)=O,COC(=O)[C@H](Cc1c(C)cc(OC(C)=O)cc1C)NC(C)=O,C1CCOC1,,Rh,CP(c1cc2c(cc1P(C)C(C)(C)C)OCO2)C(C)(C)C,CP(c1cc2c(cc1P(C)9->C(C)(C)C)OCO2)8->C(C)(C)C.[Rh+]89,4,25,200,0.732336261,0.55,double P type,['double P type'],tri-sub
11923,COC(=O)/C(=C/C=C/c1ccccc1)NC(C)=O,COC(=O)[C@@H](C/C=C/c1ccccc1)NC(C)=O,ClCCl,,Rh,CC(C)(C)P1CCC[C@@H]1[C@H]1CCCP1C(C)(C)C,CC(C)(C)P8->1CCC[C@@H]1[C@H]1CCCP9->1C(C)(C)C.[Rh+]89,1.5,25,100,4.500500019,0.999,double P type,['double P type'],tri-sub
4346,COC(=O)/C(=C/c1ccc(F)cc1)NC(C)=O,COC(=O)[C@H](Cc1ccc(F)cc1)NC(C)=O,CO,,Rh,CC(C)(C)Oc1ccccc1P(CCP(c1ccccc1)c1ccccc1OC(C)(C)C)c1ccccc1,CC(C)(C)Oc1ccccc1P(CCP(c1ccccc1)9->c1ccccc1OC(C)(C)C)8->c1ccccc1.[Rh+]89,1,22,1000,4.048591639,0.998,double P type,['double P type'],tri-sub
6892,C=C(NC(C)=O)C(=O)OC,COC(=O)[C@H](C)NC(C)=O,ClCCl,,Rh,CCCO[C@@H]1COC(c2ccccc2)O[C@H]1[C@@H]1OC(c2ccccc2)OC[C@H]1Op1oc2ccc3ccccc3c2c2c(ccc3ccccc32)o1,CCCO[C@@H]1COC(c2ccccc2)O[C@H]1[C@@H]1OC(c2ccccc2)OC[C@H]1Op8->1oc2ccc3ccccc3c2c2c(ccc3ccccc32)o1.[Rh+]8,1.2,20,100,2.312115212,0.963,binol type,"['binol type', 'single P type']",di-sub
6313,COCO/C(=C(\NC(C)=O)c1ccc(F)cc1)c1ccc(F)cc1,COCO[C@@H](c1ccc(F)cc1)[C@H](NC(C)=O)c1ccc(F)cc1,OC(F)(F)CF,,Rh,C[C@H](C1=C[C@@H]([Fe]C2C=CC=C2)C=C1P(c1ccccc1)c1ccccc1)P(C1CCCCC1)C1CCCCC1,C[C@H](C1=C[C@@H]([Fe]C2C=CC=C2)C=C1P(c1ccccc1)8->c1ccccc1)P(C1CCCCC1)9->C1CCCCC1.[Rh+]89,40,40,100,2.278535306,0.95,ferrocene type,"['ferrocene type', 'double P type']",tetra-sub
1508,CCOC(=O)/C=C(\NC(C)=O)c1ccc(OC)c(OC)c1,CCOC(=O)C[C@H](NC(C)=O)c1ccc(OC)c(OC)c1,CO,,Rh,CP(c1cc2c(cc1P(C)C(C)(C)C)OCO2)C(C)(C)C,CP(c1cc2c(cc1P(C)9->C(C)(C)C)OCO2)8->C(C)(C)C.[Rh+]89,3,25,1000,2.691763197,0.979,double P type,['double P type'],tri-sub
10157,CCOC(=O)/C(=C/c1ccc(OC)cc1)NC(C)=O,COC(=O)C(Cc1ccc(OC)cc1)NC(C)=O,ClCCl,,Rh,FC(F)(F)c1cc(P(N[C@@H]2CCCc3cccc(P(c4ccccc4)c4ccccc4)c32)c2cc(C(F)(F)F)cc(C(F)(F)F)c2)cc(C(F)(F)F)c1,FC(F)(F)c1cc(P(N[C@@H]2CCCc3cccc(P(c4ccccc4)9->c4ccccc4)c32)8->c2cc(C(F)(F)F)cc(C(F)(F)F)c2)cc(C(F)(F)F)c1.[Rh+]89,10,25,100,2.24685471,0.956,double P type,['double P type'],tri-sub
11314,COC(=O)/C(NC(=O)OC(C)(C)C)=C(\c1ccc(C(F)(F)F)cc1)c1cc(F)cc(F)c1,COC(=O)[C@@H](NC(=O)OC(C)(C)C)[C@H](c1ccc(C(F)(F)F)cc1)c1cc(F)cc(F)c1,CO,,Rh,C[C@H](C1=C[C@@H]([Fe]C2C=CC=C2)C=C1P(c1ccco1)c1ccco1)P(C(C)(C)C)C(C)(C)C,C[C@H](C1=C[C@@H]([Fe]C2C=CC=C2)C=C1P(c1ccco1)8->c1ccco1)P(C(C)(C)C)9->C(C)(C)C.[Rh+]89,8,80,10,2.935186416,0.97,ferrocene type,"['ferrocene type', 'double P type']",tetra-sub
5487,CC(=O)N/C(=C\c1ccccc1)C(=O)O,CC(=O)N[C@H](Cc1ccccc1)C(=O)O,C1CCOC1,,Rh,Cc1cc(C)cc(S[C@H](C(C)C)[C@@H](C)OP(c2ccccc2)c2ccccc2)c1,Cc1cc(C)cc(S[C@H](C(C)C)[C@@H](C)OP(c2ccccc2)8->c2ccccc2)c1.[Rh+]8,7.8,25,100,2.477862753,0.97,single P type,['single P type'],tri-sub
6531,COC(=O)/C(=C/c1ccccc1)CNC(C)=O,COC(=O)[C@@H](CNC(C)=O)Cc1ccccc1,ClCCl,,Rh,COc1ccc(C(=O)NCc2ccc(COp3oc4ccc5ccccc5c4c4c(ccc5ccccc54)o3)cc2)cc1,COc1ccc(C(=O)NCc2ccc(COp8->3oc4ccc5ccccc5c4c4c(ccc5ccccc54)o3)cc2)cc1.[Rh+]8,49,25,100,3.134375973,0.99,binol type,"['binol type', 'single P type']",tri-sub
9986,COC(=O)c1ccc2c(c1)C(=O)C(NC(C)=O)=C2,COC(=O)c1ccc2c(c1)C(=O)[C@@H](NC(C)=O)C2,CCOC(C)=O,,Rh,CP(CP(C(C)(C)C)C(C)(C)C)C(C)(C)C,CP(CP(C(C)(C)C)9->C(C)(C)C)8->C(C)(C)C.[Rh+]89,3,25,100,3.134375973,0.99,double P type,['double P type'],tri-sub
4597,[H]/C=C(/NC(C)=O)C(=O)OC.[H]/C=C(/NC(C)=O)C(=O)OC,COC(=O)[C@H](C)NC(C)=O,ClCCl,,Rh,c1ccc([C@@H]2CCCC[C@H]2Op2oc3ccccc3c3ccccc3o2)cc1,c1ccc([C@@H]2CCCC[C@H]2Op8->2oc3ccccc3c3ccccc3o2)cc1.[Rh+]8,1,60,500,0.780981956,0.53,single P type,['single P type'],di-sub
6529,COC(=O)/C(=C/c1ccccc1)CNC(C)=O,COC(=O)[C@@H](CNC(C)=O)Cc1ccccc1,ClCCl,,Rh,COc1ccc(C(=O)NCc2cccc(COp3oc4ccc5ccccc5c4c4c(ccc5ccccc54)o3)c2)cc1,COc1ccc(C(=O)NCc2cccc(COp8->3oc4ccc5ccccc5c4c4c(ccc5ccccc54)o3)c2)cc1.[Rh+]8,49,25,100,1.881851867,0.92,binol type,"['binol type', 'single P type']",tri-sub
178,COC(=O)/C(=C\c1ccc(F)cc1)NC(C)=O,COC(=O)[C@H](Cc1ccc(F)cc1)NC(C)=O,ClCCl,,Rh,CN(N(C)p1oc2ccc3ccccc3c2c2c(ccc3ccccc32)o1)p1oc2ccc3ccccc3c2c2c(ccc3ccccc32)o1,CN(N(C)p8->1oc2ccc3ccccc3c2c2c(ccc3ccccc32)o1)p9->1oc2ccc3ccccc3c2c2c(ccc3ccccc32)o1.[Rh+]89,5,25,100,1.334717277,0.81,binol type,"['binol type', 'double P type']",tri-sub
817,COc1cc(/C=C(\C)NC(C)=O)cc(OC)c1,COc1cc(C[C@@H](C)NC(C)=O)cc(OC)c1,ClCCl,,Rh,CC(C)(C)P1c2c(cccc2-c2c3ccccc3cc3ccccc23)O[C@@H]1[C@H]1Oc2cccc(-c3c4ccccc4cc4ccccc34)c2P1C(C)(C)C,CC(C)(C)P8->1c2c(cccc2-c2c3ccccc3cc3ccccc23)O[C@@H]1[C@H]1Oc2cccc(-c3c4ccccc4cc4ccccc34)c2P9->1C(C)(C)C.[Rh+]89,20,25,200,2.477862753,0.97,double P type,['double P type'],tri-sub
11821,O=C1OCCC/C1=C\c1ccccc1,O=C1OCCC[C@@H]1Cc1ccccc1,ClC(Cl)Cl,,Rh,C[C@H](NC(=S)Nc1cc(C(F)(F)F)cc(C(F)(F)F)c1)C1=C(P(c2ccccc2)c2ccccc2)[C@@H]([Fe][C@H]2C=CC=C2P(c2ccccc2)c2ccccc2)C=C1,C[C@H](NC(=S)Nc1cc(C(F)(F)F)cc(C(F)(F)F)c1)C1=C(P(c2ccccc2)9->c2ccccc2)[C@@H]([Fe][C@H]2C=CC=C2P(c2ccccc2)8->c2ccccc2)C=C1.[Rh+]89,50,25,100,0,0,ferrocene type,"['ferrocene type', 'double P type']",tri-sub
6549,COC(=O)/C(=C/c1ccccc1)CNC(C)=O,COC(=O)[C@@H](CNC(C)=O)Cc1ccccc1,ClCCl.OCC(F)(F)F,,Rh,c1ccc(COp2oc3ccc4ccccc4c3c3c(ccc4ccccc43)o2)cc1,c1ccc(COp8->2oc3ccc4ccccc4c3c3c(ccc4ccccc43)o2)cc1.[Rh+]8,49,25,100,1.963997164,0.93,binol type,"['binol type', 'single P type']",tri-sub
1833,COC(=O)/C(=C/c1ccc(Cl)cc1)NC(C)=O,COC(=O)[C@@H](Cc1ccc(Cl)cc1)NC(C)=O,ClCCl,,Rh,Cc1ccccc1N(N(c1ccccc1C)p1oc2ccc3ccccc3c2c2c(ccc3ccccc32)o1)P(c1ccccc1)c1ccccc1,Cc1ccccc1N(N(c1ccccc1C)p9->1oc2ccc3ccccc3c2c2c(ccc3ccccc32)o1)P(c1ccccc1)8->c1ccccc1.[Rh+]89,5,25,100,0.106874334,0.09,binol type,"['binol type', 'double P type']",tri-sub
7296,C=C(NC(C)=O)C(=O)OC,COC(=O)[C@H](C)NC(C)=O,CO,,Rh,C[C@@H](c1ccc(C(C)(C)C)cc1P(c1ccccc1)c1ccccc1)P(C1CCCCC1)C1CCCCC1.O=C[Cr](C=O)C=O,C[C@@H](c1ccc(C(C)(C)C)cc1P(c1ccccc1)8->c1ccccc1)P(C1CCCCC1)9->C1CCCCC1.O=C[Cr](C=O)C=O.[Rh+]89,1,25,100,1.822942522,0.912,double P type,['double P type'],di-sub
2989,C=C(NC(C)=O)C(=O)OC,COC(=O)[C@@H](C)NC(C)=O,ClCCl,,Rh,CN(C)p1oc2ccc3ccccc3c2c2c(o1)c(Sc1ccccc1)cc1ccccc12,CN(C)p8->1oc2ccc3ccccc3c2c2c(o1)c(Sc1ccccc1)cc1ccccc12.[Rh+]8,1,25,200,2.519317024,0.972,binol type,"['binol type', 'single P type']",di-sub
1462,CCOC(=O)/C=C(\NC(C)=O)c1ccc(F)cc1,CCOC(=O)C[C@H](NC(C)=O)c1ccc(F)cc1,CO,,Rh,CP(c1nc2ccccc2nc1P(C)C(C)(C)C)C(C)(C)C,CP(c1nc2ccccc2nc1P(C)8->C(C)(C)C)9->C(C)(C)C.[Rh+]89,4,25,1000,2.385079212,0.965,double P type,['double P type'],tri-sub
2403,COC(=O)/C(=C/c1ccc2ccccc2c1)NC(C)=O,COC(=O)[C@H](Cc1ccc2ccccc2c1)NC(C)=O,C1CCOC1.CO,,Rh,C[C@H](C1=C(P(c2ccccc2)c2ccccc2)C=C[C@@H]1[Fe]C1C=CC=C1)N(C)P(c1cc(F)cc(F)c1)c1cc(F)cc(F)c1,C[C@H](C1=C(P(c2ccccc2)8->c2ccccc2)C=C[C@@H]1[Fe]C1C=CC=C1)N(C)P(c1cc(F)cc(F)c1)9->c1cc(F)cc(F)c1.[Rh+]89,1,25,100,2.933945973,0.986,ferrocene type,"['ferrocene type', 'double P type']",tri-sub
3897,O=C(NC1=Cc2ccccc2CC1)c1ccccc1,O=C(N[C@H]1CCc2ccccc2C1)c1ccccc1,CO,,Rh,C1=CC([Fe][C@@]2(P(c3ccccc3)c3ccccc3)C=CC=C2P(C2CCCCC2)C2CCCCC2)C=C1,C1=CC([Fe][C@@]2(P(c3ccccc3)8->c3ccccc3)C=CC=C2P(C2CCCCC2)9->C2CCCCC2)C=C1.[Rh+]89,10,25,100,0.35358588,0.29,ferrocene type,"['ferrocene type', 'double P type']",tri-sub
9969,CC(=O)NC1=Cc2ccccc2C1=O,CC(=O)N[C@H]1Cc2ccccc2C1=O,CO,,Rh,C[C@@H]1CC[C@@H](C)P1c1ccccc1P1[C@H](C)CC[C@H]1C,C[C@@H]1CC[C@@H](C)P8->1c1ccccc1P9->1[C@H](C)CC[C@H]1C.[Rh+]89,3,25,100,0.918170299,0.65,double P type,['double P type'],tri-sub
6457,C=C(NC(C)=O)C(=O)OC,COC(=O)[C@@H](C)NC(C)=O,ClCCl,,Rh,O=C(NCCc1cccc(COp2oc3ccc4ccccc4c3c3c(ccc4ccccc43)o2)c1)c1ccccc1,O=C(NCCc1cccc(COp8->2oc3ccc4ccccc4c3c3c(ccc4ccccc43)o2)c1)c1ccccc1.[Rh+]8,1,25,100,2.720952926,0.98,binol type,"['binol type', 'single P type']",di-sub
6112,C=C(NC(C)=O)C(=O)OC,COC(=O)[C@@H](C)NC(C)=O,ClCCl,,Rh,COc1ccccc1Np1oc2ccc3ccccc3c2c2c(ccc3ccccc32)o1,COc1ccccc1Np8->1oc2ccc3ccccc3c2c2c(ccc3ccccc32)o1.[Rh+]8,1,25,20,1.179797016,0.76,binol type,"['binol type', 'single P type']",di-sub
3272,COC(=O)/C(=C/c1ccccc1)CN(C)C(C)=O,COC(=O)C(Cc1ccccc1)CN(C)C(C)=O,ClCCl,,Rh,c1ccc(Op2oc3ccc4ccccc4c3c3c(ccc4ccccc43)o2)cc1,c1ccc(Op8->2oc3ccc4ccccc4c3c3c(ccc4ccccc43)o2)cc1.[Rh+]8,49,25,100,1.809015734,0.91,binol type,"['binol type', 'single P type']",tri-sub
5201,CC(=O)N/C(=C\c1cccc(F)c1)C(=O)O,CC(=O)N[C@H](Cc1cccc(F)c1)C(=O)O,ClCCl,,Rh,CN(C)p1oc2ccc3ccccc3c2c2c(ccc3ccccc32)o1,CN(C)p8->1oc2ccc3ccccc3c2c2c(ccc3ccccc32)o1.[Rh+]8,10,25,1000,2.304501335,0.96,binol type,"['binol type', 'single P type']",tri-sub
10148,COC(=O)/C=C(\NC(C)=O)c1ccc(C)cc1,COC(=O)CC(NC(C)=O)c1ccc(C)cc1,CO,,Rh,FC(F)(F)c1ccc(P(N[C@@H]2CCCc3cccc(P(c4ccccc4)c4ccccc4)c32)c2ccc(C(F)(F)F)cc2)cc1,FC(F)(F)c1ccc(P(N[C@@H]2CCCc3cccc(P(c4ccccc4)9->c4ccccc4)c32)8->c2ccc(C(F)(F)F)cc2)cc1.[Rh+]89,10,25,100,2.260770369,0.957,double P type,['double P type'],tri-sub
9150,CC(=O)NC1=Cc2ccccc2CC1,CC(=O)NC1CCc2ccccc2C1,ClCCl,,Rh,O=C(Nc1ccccc1)N[C@@H](c1ccccc1)[C@H](c1ccccc1)P1Cc2ccc3ccccc3c2-c2c(ccc3ccccc23)C1,O=C(Nc1ccccc1)N[C@@H](c1ccccc1)[C@H](c1ccccc1)P8->1Cc2ccc3ccccc3c2-c2c(ccc3ccccc23)C1.[Rh+]8,20,25,50,1.578738765,0.87,binol type,"['binol type', 'single P type']",tri-sub
5795,COC(=O)/C(=C/c1cccnc1)NC(C)=O,COC(=O)[C@H](Cc1cccnc1)NC(C)=O,CO,CCOCC.F[B-](F)(F)F.[H+],Rh,c1ccc(P(CCP(c2ccccc2)c2ccccc2OC2CCCCC2)c2ccccc2OC2CCCCC2)cc1,c1ccc(P(CCP(c2ccccc2)9->c2ccccc2OC2CCCCC2)8->c2ccccc2OC2CCCCC2)cc1.[Rh+]89,1,25,1000,3.678730759,0.996,double P type,['double P type'],tri-sub
1823,COC(=O)/C(=C/c1ccc(F)cc1)NC(C)=O,COC(=O)[C@H](Cc1ccc(F)cc1)NC(C)=O,ClCCl,,Rh,c1ccc(N(N(c2ccccc2)p2oc3ccc4ccccc4c3c3c(ccc4ccccc43)o2)P(c2ccccc2)c2ccccc2)cc1,c1ccc(N(N(c2ccccc2)p9->2oc3ccc4ccccc4c3c3c(ccc4ccccc43)o2)P(c2ccccc2)8->c2ccccc2)cc1.[Rh+]89,5,25,100,1.68395754,0.89,binol type,"['binol type', 'double P type']",tri-sub
8937,CCOC(=O)/C=C(\CP(=O)(OC(C)C)OC(C)C)c1ccccc1,CCOC(=O)CC(CP(=O)(OC(C)C)OC(C)C)c1ccccc1,ClCCl,,Rh,C[C@@H](C1=C([P@](c2ccccc2)c2cccc3ccccc23)C=C[C@H]1[Fe]C1C=CC=C1)N(C)P(c1ccc(C(F)(F)F)cc1)c1ccc(C(F)(F)F)cc1,C[C@@H](C1=C([P@](c2ccccc2)9->c2cccc3ccccc23)C=C[C@H]1[Fe]C1C=CC=C1)N(C)P(c1ccc(C(F)(F)F)cc1)8->c1ccc(C(F)(F)F)cc1.[Rh+]89,59,25,100,2.058336063,0.94,ferrocene type,"['ferrocene type', 'double P type']",tri-sub
12372,COC(=O)/C(=C/CCN1C(=O)c2ccccc2C1=O)NC(C)=O,COC(=O)[C@@H](CCCN1C(=O)c2ccccc2C1=O)NC(C)=O,CO,,Rh,CC(C)(C)P1Cc2ccccc2C1[C@H]1c2ccccc2CP1C(C)(C)C,CC(C)(C)P8->1Cc2ccccc2C1[C@H]1c2ccccc2CP9->1C(C)(C)C.[Rh+]89,7,50,5000,3.987349112,0.996,double P type,['double P type'],tri-sub
12612,O=C1C=C(c2cccc(F)c2)C(=O)O1,O=C1C[C@H](c2cccc(F)c2)C(=O)O1,CCOC(C)=O,,Rh,C[C@H](NC(=S)Nc1cc(C(F)(F)F)cc(C(F)(F)F)c1)C1=C(P(c2ccccc2)c2ccccc2)[C@@H]([Fe][C@H]2C=CC=C2P(c2ccccc2)c2ccccc2)C=C1,C[C@H](NC(=S)Nc1cc(C(F)(F)F)cc(C(F)(F)F)c1)C1=C(P(c2ccccc2)9->c2ccccc2)[C@@H]([Fe][C@H]2C=CC=C2P(c2ccccc2)8->c2ccccc2)C=C1.[Rh+]89,1,25,100,2.169340323,0.95,ferrocene type,"['ferrocene type', 'double P type']",tri-sub
7291,COC(=O)/C(=C\c1ccccc1)NC(C)=O,COC(=O)[C@@H](Cc1ccccc1)NC(C)=O,CO,,Rh,C[C@H](c1ccccc1P(c1ccccc1)c1ccccc1)P(C(C)(C)C)C(C)(C)C.O=C[Cr](C=O)C=O,C[C@H](c1ccccc1P(c1ccccc1)8->c1ccccc1)P(C(C)(C)C)9->C(C)(C)C.O=C[Cr](C=O)C=O.[Rh+]89,1,25,100,0.014212035,0.012,double P type,['double P type'],tri-sub
12117,CC(=O)N/C(=C\c1ccccc1)C(F)(F)F,CC(=O)N[C@@H](Cc1ccccc1)C(F)(F)F,CO,,Rh,C[C@H](C1=C[C@@H]([Fe]C2C=CC=C2)C=C1c1ccccc1P(c1ccccc1)c1ccccc1)P(C1CCCCC1)C1CCCCC1,C[C@H](C1=C[C@@H]([Fe]C2C=CC=C2)C=C1c1ccccc1P(c1ccccc1)8->c1ccccc1)P(C1CCCCC1)9->C1CCCCC1.[Rh+]89,5,25,100,0.09494525,0.08,ferrocene type,"['ferrocene type', 'double P type']",tri-sub
11921,COC(=O)/C(=C/C=C/c1ccccc1)NC(C)=O,COC(=O)[C@@H](C/C=C/c1ccccc1)NC(C)=O,ClCCCl,,Rh,CC(C)(C)P1CCC[C@@H]1[C@H]1CCCP1C(C)(C)C,CC(C)(C)P8->1CCC[C@@H]1[C@H]1CCCP9->1C(C)(C)C.[Rh+]89,1.5,25,100,1.881851867,0.92,double P type,['double P type'],tri-sub
11101,CCOC(=O)/C=C(\C#N)c1ccccc1,CCOC(=O)C[C@@H](C#N)c1ccccc1,CO,,Rh,C[C@H](NC(=S)Nc1cc(C(F)(F)F)cc(C(F)(F)F)c1)C1=C(P(c2ccccc2)c2ccccc2)[C@@H]([Fe][C@H]2C=CC=C2P(c2ccccc2)c2ccccc2)C=C1,C[C@H](NC(=S)Nc1cc(C(F)(F)F)cc(C(F)(F)F)c1)C1=C(P(c2ccccc2)9->c2ccccc2)[C@@H]([Fe][C@H]2C=CC=C2P(c2ccccc2)8->c2ccccc2)C=C1.[Rh+]89,50,35,100,1.945001259,0.92,ferrocene type,"['ferrocene type', 'double P type']",tri-sub
5206,COC(=O)/C(=C/c1cccc([N+](=O)[O-])c1)NC(C)=O,COC(=O)[C@@H](Cc1cccc([N+](=O)[O-])c1)NC(C)=O,ClCCl,,Rh,CN(C)p1oc2ccc3ccccc3c2c2c(ccc3ccccc32)o1,CN(C)p8->1oc2ccc3ccccc3c2c2c(ccc3ccccc32)o1.[Rh+]8,5,25,25,2.169340323,0.95,binol type,"['binol type', 'single P type']",tri-sub
10152,CCOC(=O)/C=C(\NC(C)=O)c1ccc(OC)cc1,CCOC(=O)CC(NC(C)=O)c1ccc(OC)cc1,CO,,Rh,FC(F)(F)c1ccc(P(N[C@@H]2CCCc3cccc(P(c4ccccc4)c4ccccc4)c32)c2ccc(C(F)(F)F)cc2)cc1,FC(F)(F)c1ccc(P(N[C@@H]2CCCc3cccc(P(c4ccccc4)9->c4ccccc4)c32)8->c2ccc(C(F)(F)F)cc2)cc1.[Rh+]89,10,25,100,2.351571103,0.963,double P type,['double P type'],tri-sub
5471,COC(=O)/C(=C/c1ccc(F)c([N+](=O)[O-])c1)NC(C)=O,COC(=O)[C@H](Cc1ccc(F)c([N+](=O)[O-])c1)NC(C)=O,C1CCOC1,,Rh,Cc1cc(C)cc(S[C@H](C(C)C)[C@@H](C)OP(c2ccccc2)c2ccccc2)c1,Cc1cc(C)cc(S[C@H](C(C)C)[C@@H](C)OP(c2ccccc2)8->c2ccccc2)c1.[Rh+]8,7.8,25,100,1.881851867,0.92,single P type,['single P type'],tri-sub
2423,CC(=O)N/C(=C\c1ccccc1)C(=O)O,CC(=O)N[C@@H](Cc1ccccc1)C(=O)O,C1CCOC1.CO,,Rh,C[C@H](C1=C(P(c2ccccc2)c2ccccc2)C=C[C@@H]1[Fe]C1C=CC=C1)N(C)P(c1cc(F)cc(F)c1)c1cc(F)cc(F)c1,C[C@H](C1=C(P(c2ccccc2)8->c2ccccc2)C=C[C@@H]1[Fe]C1C=CC=C1)N(C)P(c1cc(F)cc(F)c1)9->c1cc(F)cc(F)c1.[Rh+]89,3,25,3000,3.134375973,0.99,ferrocene type,"['ferrocene type', 'double P type']",tri-sub
1872,COC(=O)/C(=C/c1ccc(F)cc1)NC(C)=O,COC(=O)[C@@H](Cc1ccc(F)cc1)NC(C)=O,ClCCl,,Rh,CN(N(C)p1oc2ccc3ccccc3c2c2c(ccc3ccccc32)o1)p1oc2ccc3ccccc3c2c2c(ccc3ccccc32)o1,CN(N(C)p8->1oc2ccc3ccccc3c2c2c(ccc3ccccc32)o1)p9->1oc2ccc3ccccc3c2c2c(ccc3ccccc32)o1.[Rh+]89,5,25,100,1.369995111,0.82,binol type,"['binol type', 'double P type']",tri-sub
1501,COC(=O)/C(=C/c1c(C)cc(OC(C)=O)cc1C)NC(C)=O,COC(=O)[C@H](Cc1c(C)cc(OC(C)=O)cc1C)NC(C)=O,ClCCl,,Rh,CP(c1cc2c(cc1P(C)C(C)(C)C)OCO2)C(C)(C)C,CP(c1cc2c(cc1P(C)9->C(C)(C)C)OCO2)8->C(C)(C)C.[Rh+]89,20,25,200,2.78393889,0.982,double P type,['double P type'],tri-sub
827,CC(=O)N/C(C)=C/c1ccc(Br)cc1,CC(=O)N[C@H](C)Cc1ccc(Br)cc1,ClCCl,,Rh,CC(C)(C)P1c2c(cccc2-c2c3ccccc3cc3ccccc23)O[C@@H]1[C@H]1Oc2cccc(-c3c4ccccc4cc4ccccc34)c2P1C(C)(C)C,CC(C)(C)P8->1c2c(cccc2-c2c3ccccc3cc3ccccc23)O[C@@H]1[C@H]1Oc2cccc(-c3c4ccccc4cc4ccccc34)c2P9->1C(C)(C)C.[Rh+]89,51,50,200,2.949220789,0.98,double P type,['double P type'],tri-sub
11608,COC(=O)/C(OC(C)=O)=C(\NC(C)=O)c1ccc(F)cc1,COC(=O)[C@H](OC(C)=O)[C@@H](NC(C)=O)c1ccc(F)cc1,ClCCl,,Rh,CC(C)(C)P1Cc2ccccc2[C@H]1[C@@H]1c2ccccc2CP1C(C)(C)C,CC(C)(C)P8->1Cc2ccccc2[C@H]1[C@@H]1c2ccccc2CP9->1C(C)(C)C.[Rh+]89,30,25,100,2.304501335,0.96,double P type,['double P type'],tetra-sub
9984,CCc1ccc2c(c1)C(=O)C(NC(C)=O)=C2,CCc1ccc2c(c1)C(=O)[C@@H](NC(C)=O)C2,CCOC(C)=O,,Rh,CP(CP(C(C)(C)C)C(C)(C)C)C(C)(C)C,CP(CP(C(C)(C)C)9->C(C)(C)C)8->C(C)(C)C.[Rh+]89,3,25,100,3.134375973,0.99,double P type,['double P type'],tri-sub
12124,CC(=O)N/C(=C\c1ccccc1)C(F)(F)F,CC(=O)N[C@@H](Cc1ccccc1)C(F)(F)F,CO,,Rh,CC(C)(C)P1Cc2ccccc2[C@H]1[C@@H]1c2ccccc2CP1C(C)(C)C,CC(C)(C)P8->1Cc2ccccc2[C@H]1[C@@H]1c2ccccc2CP9->1C(C)(C)C.[Rh+]89,5,25,100,2.720952926,0.98,double P type,['double P type'],tri-sub
9459,C=C(NC(C)=O)C(=O)OC,COC(=O)[C@H](C)NC(C)=O,ClCCl,,Rh,c1ccc([C@H]2CC[C@H](c3ccccc3)N2p2oc3ccccc3c3ccccc3o2)cc1,c1ccc([C@H]2CC[C@H](c3ccccc3)N2p8->2oc3ccccc3c3ccccc3o2)cc1.[Rh+]8,1,25,100,0.154832513,0.13,single P type,['single P type'],di-sub
6361,COC(=O)C(NC(C)=O)=C(C)C,COC(=O)[C@H](NC(C)=O)C(C)C,CO,,Rh,CP(CCP(C)C1CCCCC1)C1C=CC=C1,CP(CCP(C)9->C1CCCCC1)8->C1C=CC=C1.[Rh+]89,2,25,100,1.154962245,0.751,double P type,['double P type'],tetra-sub
11090,COC(=O)/C=C(\C#N)c1ccccc1,COC(=O)C[C@@H](C#N)c1ccccc1,CO,,Rh,C[C@H]1CC[C@H](C)P1c1ccccc1P1[C@@H](C)CC[C@@H]1C,C[C@H]1CC[C@H](C)P8->1c1ccccc1P9->1[C@@H](C)CC[C@@H]1C.[Rh+]89,30,20,100,0,0,double P type,['double P type'],tri-sub
11668,CCOC(=O)/C=C(\Sc1ccccc1)c1ccccc1,CCOC(=O)C[C@@H](Sc1ccccc1)c1ccccc1,CO,,Rh,C[C@H](NC(=S)Nc1cc(C(F)(F)F)cc(C(F)(F)F)c1)C1=C(P(c2ccccc2)c2ccccc2)[C@@H]([Fe][C@H]2C=CC=C2P(c2ccccc2)c2ccccc2)C=C1,C[C@H](NC(=S)Nc1cc(C(F)(F)F)cc(C(F)(F)F)c1)C1=C(P(c2ccccc2)9->c2ccccc2)[C@@H]([Fe][C@H]2C=CC=C2P(c2ccccc2)8->c2ccccc2)C=C1.[Rh+]89,50,30,100,3.186966174,0.99,ferrocene type,"['ferrocene type', 'double P type']",tri-sub
1571,CC(=O)N/C(=C\c1ccccc1)C(=O)O,CC(=O)N[C@H](Cc1ccccc1)C(=O)O,ClCCl,,Rh,COc1ccccc1Np1oc2ccc3ccccc3c2c2c(ccc3ccccc32)o1,COc1ccccc1Np8->1oc2ccc3ccccc3c2c2c(ccc3ccccc32)o1.[Rh+]8,1,25,20,0.878043878,0.63,binol type,"['binol type', 'single P type']",tri-sub
1656,C=C(NC(C)=O)C(=O)OC,COC(=O)[C@@H](C)NC(C)=O,ClCCl,,Rh,c1ccc(N2CCN(p3oc4ccc5ccccc5c4c4c(ccc5ccccc54)o3)CC2)cc1,c1ccc(N2CCN(p8->3oc4ccc5ccccc5c4c4c(ccc5ccccc54)o3)CC2)cc1.[Rh+]8,5,25,50,2.304501335,0.96,binol type,"['binol type', 'single P type']",di-sub
7333,C=C(NC(C)=O)C(=O)OC,COC(=O)[C@@H](C)NC(C)=O,ClCCl,,Rh,C[C@H](c1ccccc1)N(C)p1oc2ccccc2c2ccccc2o1,C[C@H](c1ccccc1)N(C)p8->1oc2ccccc2c2ccccc2o1.[Rh+]8,1,25,100,0.559253221,0.44,single P type,['single P type'],di-sub
5892,CCOC(=O)/C=C(\NC(C)=O)c1ccccc1,CCOC(=O)C[C@@H](NC(C)=O)c1ccccc1,CCO,,Rh,COc1ccc(P2Cc3ccc4ccccc4c3-c3c(ccc4ccccc34)C2)cc1OC,COc1ccc(P8->2Cc3ccc4ccccc4c3-c3c(ccc4ccccc34)C2)cc1OC.[Rh+]8,49,10,100,0.449934301,0.38,binol type,"['binol type', 'single P type']",tri-sub
9650,COC(=O)/C(=C/c1ccc(F)cc1)NC(C)=O,COC(=O)[C@@H](Cc1ccc(F)cc1)NC(C)=O,CC(C)=O,,Rh,CCN(CC)p1oc2c(P(c3ccccc3)c3ccccc3)cc3ccccc3c2c2c(o1)c(P(c1ccccc1)c1ccccc1)cc1ccccc12,CCN(CC)p8->1oc2c(P(c3ccccc3)9->c3ccccc3)cc3ccccc3c2c2c(o1)c(P(c1ccccc1)c1ccccc1)cc1ccccc12.[Rh+]89,1,25,100,2.56379954,0.974,binol type,"['binol type', 'double P type']",tri-sub
218,COC(=O)/C(=C\c1ccc(Cl)cc1)NC(C)=O,COC(=O)[C@@H](Cc1ccc(Cl)cc1)NC(C)=O,ClCCl,,Rh,c1ccc(OP(Oc2ccccc2)N(c2ccccc2)N(c2ccccc2)p2oc3ccc4ccccc4c3c3c(ccc4ccccc43)o2)cc1,c1ccc(OP(Oc2ccccc2)8->N(c2ccccc2)N(c2ccccc2)p9->2oc3ccc4ccccc4c3c3c(ccc4ccccc43)o2)cc1.[Rh+]89,5,25,100,1.629293317,0.88,binol type,"['binol type', 'double P type']",tri-sub
6895,C=C(NC(C)=O)C(=O)OC,COC(=O)[C@H](C)NC(C)=O,ClCCl,,Rh,c1ccc(CO[C@@H]2COC(c3ccccc3)O[C@H]2[C@@H]2OC(c3ccccc3)OC[C@H]2Op2oc3ccc4ccccc4c3c3c(ccc4ccccc43)o2)cc1,c1ccc(CO[C@@H]2COC(c3ccccc3)O[C@H]2[C@@H]2OC(c3ccccc3)OC[C@H]2Op8->2oc3ccc4ccccc4c3c3c(ccc4ccccc43)o2)cc1.[Rh+]8,1.2,20,100,2.065167368,0.944,binol type,"['binol type', 'single P type']",di-sub
2366,CC(=O)N/C(=C\c1ccccc1)C(=O)O,CC(=O)N[C@@H](Cc1ccccc1)C(=O)O,C1CCOC1.CO,,Rh,C[C@H](C1=C(P(c2ccccc2)c2ccccc2)C=C[C@@H]1[Fe]C1C=CC=C1)N(C)P(c1ccc(F)cc1)c1ccc(F)cc1,C[C@H](C1=C(P(c2ccccc2)8->c2ccccc2)C=C[C@@H]1[Fe]C1C=CC=C1)N(C)P(c1ccc(F)cc1)9->c1ccc(F)cc1.[Rh+]89,1,25,100,3.025820725,0.988,ferrocene type,"['ferrocene type', 'double P type']",tri-sub
1624,COC(=O)/C(=C/c1ccc(F)cc1)NC(C)=O,COC(=O)[C@H](Cc1ccc(F)cc1)NC(C)=O,ClCCl,,Rh,COC(=O)[C@@H](C)N(C)p1oc2ccc3ccccc3c2c2c(ccc3ccccc32)o1,COC(=O)[C@@H](C)N(C)p8->1oc2ccc3ccccc3c2c2c(ccc3ccccc32)o1.[Rh+]8,5,25,100,1.238010823,0.78,binol type,"['binol type', 'single P type']",tri-sub
11586,CCOC(=O)/C(OC(C)=O)=C(\NC(C)=O)c1ccccc1,CCOC(=O)[C@H](OC(C)=O)[C@@H](NC(C)=O)c1ccccc1,CCOC(C)=O,,Rh,CC(C)(C)P1Cc2ccccc2[C@H]1[C@@H]1c2ccccc2CP1C(C)(C)C,CC(C)(C)P8->1Cc2ccccc2[C@H]1[C@@H]1c2ccccc2CP9->1C(C)(C)C.[Rh+]89,30,25,100,2.720952926,0.98,double P type,['double P type'],tetra-sub
190,COC(=O)/C(=C\c1ccc(Cl)cc1)NC(C)=O,COC(=O)[C@H](Cc1ccc(Cl)cc1)NC(C)=O,ClCCl,,Rh,CC(C)(C)N(N(p1oc2ccc3ccccc3c2c2c(ccc3ccccc32)o1)C(C)(C)C)p1oc2ccc3ccccc3c2c2c(ccc3ccccc32)o1,CC(C)(C)N(N(p8->1oc2ccc3ccccc3c2c2c(ccc3ccccc32)o1)C(C)(C)C)p9->1oc2ccc3ccccc3c2c2c(ccc3ccccc32)o1.[Rh+]89,5,25,100,1.881851867,0.92,binol type,"['binol type', 'double P type']",tri-sub
9532,COC(=O)/C(=C/Sc1ccccc1)NC(C)=O,COC(=O)[C@@H](CSc1ccccc1)NC(C)=O,CC(C)=O,,Rh,CCN(CC)p1oc2c(P(c3ccccc3)c3ccccc3)cc3ccccc3c2c2c(o1)c(P(c1ccccc1)c1ccccc1)cc1ccccc12,CCN(CC)p8->1oc2c(P(c3ccccc3)9->c3ccccc3)cc3ccccc3c2c2c(o1)c(P(c1ccccc1)c1ccccc1)cc1ccccc12.[Rh+]89,1,25,100,2.24685471,0.956,binol type,"['binol type', 'double P type']",tri-sub
6541,COC(=O)/C(=C/c1ccccc1)CNC(C)=O,COC(=O)[C@@H](CNC(C)=O)Cc1ccccc1,ClCCl,,Rh,CN(Cc1cccc(COp2oc3ccc4ccccc4c3c3c(ccc4ccccc43)o2)c1)C(=O)c1ccc(C(F)(F)F)cc1,CN(Cc1cccc(COp8->2oc3ccc4ccccc4c3c3c(ccc4ccccc43)o2)c1)C(=O)c1ccc(C(F)(F)F)cc1.[Rh+]8,49,25,100,2.304501335,0.96,binol type,"['binol type', 'single P type']",tri-sub
9152,CCC(=O)NC1=Cc2ccccc2CC1,CCC(=O)NC1CCc2ccccc2C1,ClCCl,,Rh,O=C(NCCP1Cc2ccc3ccccc3c2-c2c(ccc3ccccc23)C1)Nc1ccccc1,O=C(NCCP8->1Cc2ccc3ccccc3c2-c2c(ccc3ccccc23)C1)Nc1ccccc1.[Rh+]8,20,25,50,0.732336261,0.55,binol type,"['binol type', 'single P type']",tri-sub
9604,CC(=O)NC1=Cc2ccccc2CC1,CC(=O)N[C@H]1CCc2ccccc2C1,ClCCl,,Rh,Cc1cc(C(C)(C)C)c2op(OCCP(c3ccccc3)c3ccccc3)oc3c(C(C)(C)C)cc(C)c(C)c3c2c1C,Cc1cc(C(C)(C)C)c2op(OCCP(c3ccccc3)8->c3ccccc3)9->oc3c(C(C)(C)C)cc(C)c(C)c3c2c1C.[Rh+]89,30,25,100,1.208353162,0.77,double P type,['double P type'],tri-sub
191,COC(=O)/C(=C\c1ccc(Cl)c(Cl)c1)NC(C)=O,COC(=O)[C@H](Cc1ccc(Cl)c(Cl)c1)NC(C)=O,ClCCl,,Rh,CC(C)(C)N(N(p1oc2ccc3ccccc3c2c2c(ccc3ccccc32)o1)C(C)(C)C)p1oc2ccc3ccccc3c2c2c(ccc3ccccc32)o1,CC(C)(C)N(N(p8->1oc2ccc3ccccc3c2c2c(ccc3ccccc32)o1)C(C)(C)C)p9->1oc2ccc3ccccc3c2c2c(ccc3ccccc32)o1.[Rh+]89,5,25,100,1.881851867,0.92,binol type,"['binol type', 'double P type']",tri-sub
11317,COC(=O)/C(NC(=O)OC(C)(C)C)=C(\c1ccc(C(=O)OC)cc1)c1cc(F)cc(F)c1,COC(=O)c1ccc([C@H](c2cc(F)cc(F)c2)[C@H](NC(=O)OC(C)(C)C)C(=O)OC)cc1,CO,,Rh,C[C@H](C1=C[C@@H]([Fe]C2C=CC=C2)C=C1P(c1ccco1)c1ccco1)P(C(C)(C)C)C(C)(C)C,C[C@H](C1=C[C@@H]([Fe]C2C=CC=C2)C=C1P(c1ccco1)8->c1ccco1)P(C(C)(C)C)9->C(C)(C)C.[Rh+]89,8,80,10,2.22917352,0.92,ferrocene type,"['ferrocene type', 'double P type']",tetra-sub
1456,COC(=O)/C=C(\NC(C)=O)c1ccccc1,COC(=O)C[C@H](NC(C)=O)c1ccccc1,CO,,Rh,CP(c1nc2ccccc2nc1P(C)C(C)(C)C)C(C)(C)C,CP(c1nc2ccccc2nc1P(C)8->C(C)(C)C)9->C(C)(C)C.[Rh+]89,3,25,1000,2.751624708,0.981,double P type,['double P type'],tri-sub
11286,COC(=O)/C(NC(C)=O)=C(/c1ccccc1)c1cn(C(=O)OC(C)(C)C)c2ncccc12,COC(=O)[C@@H](NC(C)=O)[C@@H](c1ccccc1)c1cn(C(=O)OC(C)(C)C)c2ncccc12,CO,,Rh,C[C@H](C1=C[C@@H]([Fe]C2C=CC=C2)C=C1c1ccccc1P(c1ccccc1)c1ccccc1)P(C1CC2CCC1C2)C1C[C@H]2CC[C@@H]1C2,C[C@H](C1=C[C@@H]([Fe]C2C=CC=C2)C=C1c1ccccc1P(c1ccccc1)8->c1ccccc1)P(C1CC2CCC1C2)9->C1C[C@H]2CC[C@@H]1C2.[Rh+]89,34,40,5,1.976575954,0.92,ferrocene type,"['ferrocene type', 'double P type']",tetra-sub
11931,COC(=O)/C(=C/C=C/c1ccccc1)NC(C)=O,COC(=O)[C@@H](C/C=C/c1ccccc1)NC(C)=O,CO,,Rh,CP(c1nc2ccccc2nc1P(C)C(C)(C)C)C(C)(C)C,CP(c1nc2ccccc2nc1P(C)8->C(C)(C)C)9->C(C)(C)C.[Rh+]89,1.5,25,100,0.154832513,0.13,double P type,['double P type'],tri-sub
9645,C=C(NC(C)=O)C(=O)OC,COC(=O)[C@@H](C)NC(C)=O,CC(C)=O,,Rh,CN(C)p1oc2c(P(c3ccccc3)c3ccccc3)cc3ccccc3c2c2c(o1)c(P(c1ccccc1)c1ccccc1)cc1ccccc12,CN(C)p9->1oc2c(P(c3ccccc3)c3ccccc3)cc3ccccc3c2c2c(o1)c(P(c1ccccc1)8->c1ccccc1)cc1ccccc12.[Rh+]89,1,25,100,1.822942522,0.912,binol type,"['binol type', 'double P type']",di-sub
11320,C=C(NC(C)=O)C(=O)OC,COC(=O)[C@H](C)NC(C)=O,CCO,,Rh,C[C@@H](C1=C(P(C)c2ccccc2P(C2CCCCC2)C2CCCCC2)C=C[C@H]1[Fe]C1C=CC=C1)N(C)C,C[C@@H](C1=C(P(C)8->c2ccccc2P(C2CCCCC2)9->C2CCCCC2)C=C[C@H]1[Fe]C1C=CC=C1)N(C)C.[Rh+]89,10,25,100,2.477862753,0.97,ferrocene type,"['ferrocene type', 'double P type']",di-sub
9629,CC(=O)NC1=Cc2ccc(Br)cc2CC1,CC(=O)N[C@@H]1CCc2cc(Br)ccc2C1,ClCCl,,Rh,COc1ccccc1P(CCOp1oc2c(C(C)(C)C)cc(C)c(C)c2c2c(C)c(C)cc(C(C)(C)C)c2o1)c1ccccc1,COc1ccccc1P(CCOp9->1oc2c(C(C)(C)C)cc(C)c(C)c2c2c(C)c(C)cc(C(C)(C)C)c2o1)8->c1ccccc1.[Rh+]89,20,40,100,1.031327321,0.68,double P type,['double P type'],tri-sub
2060,[H]/C=C(\NC(C)=O)C(=O)OC,COC(=O)[C@H](C)NC(C)=O,ClCCl,,Rh,c1ccc(C2(c3ccccc3)OP(OCCOP3OC(c4ccccc4)(c4ccccc4)[C@@H]4CCCN43)N3CCC[C@H]32)cc1,c1ccc(C2(c3ccccc3)OP(OCCOP9->3OC(c4ccccc4)(c4ccccc4)[C@@H]4CCCN43)8->N3CCC[C@H]32)cc1.[Rh+]89,1.3,22,1000,0.388808856,0.32,double P type,['double P type'],di-sub
9665,COC(=O)/C(=C/c1ccc(OC)cc1)NC(C)=O,COC(=O)[C@@H](Cc1ccc(OC)cc1)NC(C)=O,CC(C)=O,,Rh,CN(C)p1oc2c(P(c3ccccc3)c3ccccc3)cc3ccccc3c2c2c(o1)c(P(c1ccccc1)c1ccccc1)cc1ccccc12,CN(C)p9->1oc2c(P(c3ccccc3)c3ccccc3)cc3ccccc3c2c2c(o1)c(P(c1ccccc1)8->c1ccccc1)cc1ccccc12.[Rh+]89,1,25,100,2.368096697,0.964,binol type,"['binol type', 'double P type']",tri-sub
11611,COC(=O)/C(OC(C)=O)=C(\NC(C)=O)c1ccc(OC)cc1,COC(=O)[C@H](OC(C)=O)[C@@H](NC(C)=O)c1ccc(OC)cc1,ClCCl,,Rh,CC(C)(C)P1Cc2ccccc2[C@H]1[C@@H]1c2ccccc2CP1C(C)(C)C,CC(C)(C)P8->1Cc2ccccc2[C@H]1[C@@H]1c2ccccc2CP9->1C(C)(C)C.[Rh+]89,30,25,100,2.304501335,0.96,double P type,['double P type'],tetra-sub
1761,COC(=O)/C=C(\NC(C)=O)c1ccccc1,COC(=O)C[C@@H](NC(C)=O)c1ccccc1,ClCCl,,Rh,C[C@H](Np1oc2ccc3ccccc3c2c2c(ccc3ccccc32)o1)C1=C[C@H]([Fe]C2C=CC=C2)C=C1P(c1ccccc1)c1ccccc1,C[C@H](Np9->1oc2ccc3ccccc3c2c2c(ccc3ccccc32)o1)C1=C[C@H]([Fe]C2C=CC=C2)C=C1P(c1ccccc1)8->c1ccccc1.[Rh+]89,10,25,100,2.720952926,0.98,binol type,"['binol type', 'ferrocene type', 'double P type']",tri-sub
6567,COC(=O)/C(=C/c1ccccc1)COC(C)=O,COC(=O)C(COC(C)=O)Cc1ccccc1,ClCCl,,Rh,CN(Cc1cccc(COp2oc3ccc4ccccc4c3c3c(ccc4ccccc43)o2)c1)C(=O)c1ccc(C(F)(F)F)cc1,CN(Cc1cccc(COp8->2oc3ccc4ccccc4c3c3c(ccc4ccccc43)o2)c1)C(=O)c1ccc(C(F)(F)F)cc1.[Rh+]8,109,25,100,0,0,binol type,"['binol type', 'single P type']",tri-sub
1717,COC(=O)/C(=C/c1ccc(Cl)cc1)NC(C)=O,COC(=O)[C@H](Cc1ccc(Cl)cc1)NC(C)=O,ClCCl,,Rh,c1ccc2c3c(ccc2c1)CN(p1oc2ccc4ccccc4c2c2c(ccc4ccccc42)o1)Cc1ccc2ccccc2c1-3,c1ccc2c3c(ccc2c1)CN(p8->1oc2ccc4ccccc4c2c2c(ccc4ccccc42)o1)Cc1ccc2ccccc2c1-3.[Rh+]8,5,25,20,2.720952926,0.98,binol type,"['binol type', 'single P type']",tri-sub
11922,COC(=O)/C(=C/C=C/c1ccccc1)NC(C)=O,COC(=O)[C@@H](C/C=C/c1ccccc1)NC(C)=O,OC(F)(F)CF,,Rh,CC(C)(C)P1CCC[C@@H]1[C@H]1CCCP1C(C)(C)C,CC(C)(C)P8->1CCC[C@@H]1[C@H]1CCCP9->1C(C)(C)C.[Rh+]89,1.5,25,100,2.169340323,0.95,double P type,['double P type'],tri-sub
5472,C/C=C(\NC(C)=O)C(=O)OC,CC[C@H](NC(C)=O)C(=O)OC,C1CCOC1,,Rh,Cc1cc(C)cc(S[C@H](C(C)C)[C@@H](C)OP(c2ccccc2)c2ccccc2)c1,Cc1cc(C)cc(S[C@H](C(C)C)[C@@H](C)OP(c2ccccc2)8->c2ccccc2)c1.[Rh+]8,7.8,25,100,2.477862753,0.97,single P type,['single P type'],tri-sub
5941,C=C(NC(C)=O)C(=O)OC,COC(=O)[C@@H](C)NC(C)=O,C1CCOC1,,Rh,c1ccc2c3c(ccc2c1)CP(N1CCCCC1)Cc1ccc2ccccc2c1-3,c1ccc2c3c(ccc2c1)CP(N1CCCCC1)8->Cc1ccc2ccccc2c1-3.[Rh+]8,1,25,100,0.698896765,0.53,binol type,"['binol type', 'single P type']",di-sub
1894,COC(=O)/C(=C/c1ccc(Cl)cc1)NC(C)=O,COC(=O)[C@@H](Cc1ccc(Cl)cc1)NC(C)=O,ClCCl,,Rh,Cc1ccccc1N(N(c1ccccc1C)p1oc2ccc3ccccc3c2c2c(ccc3ccccc32)o1)p1oc2ccc3ccccc3c2c2c(ccc3ccccc32)o1,Cc1ccccc1N(N(c1ccccc1C)p8->1oc2ccc3ccccc3c2c2c(ccc3ccccc32)o1)p9->1oc2ccc3ccccc3c2c2c(ccc3ccccc32)o1.[Rh+]89,5,25,100,0.65053196,0.5,binol type,"['binol type', 'double P type']",tri-sub
7880,CCOC(=O)/C=C(/NC(C)=O)c1ccccc1,CCOC(=O)C[C@@H](NC(C)=O)c1ccccc1,ClCCl,,Rh,CC(C)p1oc2ccc3ccccc3c2c2c(ccc3ccccc32)o1,CC(C)p8->1oc2ccc3ccccc3c2c2c(ccc3ccccc32)o1.[Rh+]8,59,25,50,1.185424693,0.762,binol type,"['binol type', 'single P type']",tri-sub
2432,CC(=O)N/C(=C\c1ccccc1)C(=O)O,CC(=O)N[C@@H](Cc1ccccc1)C(=O)O,C1CCOC1.CO,,Rh,COc1ccc(OP(Oc2ccc(OC)cc2)N(C)[C@H](C)C2=C(P(c3ccccc3)c3ccccc3)C=C[C@@H]2[Fe]C2C=CC=C2)cc1,COc1ccc(OP(Oc2ccc(OC)cc2)8->N(C)[C@H](C)C2=C(P(c3ccccc3)9->c3ccccc3)C=C[C@@H]2[Fe]C2C=CC=C2)cc1.[Rh+]89,1,25,100,2.78393889,0.982,ferrocene type,"['ferrocene type', 'double P type']",tri-sub
1466,COC(=O)/C=C(\NC(C)=O)c1cc(Cl)cc(Cl)c1,COC(=O)C[C@H](NC(C)=O)c1cc(Cl)cc(Cl)c1,ClCCl,,Rh,CP(c1nc2ccccc2nc1P(C)C(C)(C)C)C(C)(C)C,CP(c1nc2ccccc2nc1P(C)8->C(C)(C)C)9->C(C)(C)C.[Rh+]89,3,25,100,1.099872701,0.73,double P type,['double P type'],tri-sub
11226,CC(=O)N/C(C#N)=C\c1ccccc1,CC(=O)N[C@@H](C#N)Cc1ccccc1,CO,,Rh,CC(C)(C)P1Cc2ccccc2C1[C@H]1c2ccccc2CP1C(C)(C)C,CC(C)(C)P8->1Cc2ccccc2C1[C@H]1c2ccccc2CP9->1C(C)(C)C.[Rh+]89,30,25,100,2.477862753,0.97,double P type,['double P type'],tri-sub
5942,C=C(NC(C)=O)C(=O)OC,COC(=O)[C@@H](C)NC(C)=O,CCOC(C)=O,,Rh,c1ccc2c3c(ccc2c1)CP(N1CCCCC1)Cc1ccc2ccccc2c1-3,c1ccc2c3c(ccc2c1)CP(N1CCCCC1)8->Cc1ccc2ccccc2c1-3.[Rh+]8,1,25,100,0.682547308,0.52,binol type,"['binol type', 'single P type']",di-sub
179,COC(=O)/C(=C\c1ccc(Cl)cc1)NC(C)=O,COC(=O)[C@H](Cc1ccc(Cl)cc1)NC(C)=O,ClCCl,,Rh,CN(N(C)p1oc2ccc3ccccc3c2c2c(ccc3ccccc32)o1)p1oc2ccc3ccccc3c2c2c(ccc3ccccc32)o1,CN(N(C)p8->1oc2ccc3ccccc3c2c2c(ccc3ccccc32)o1)p9->1oc2ccc3ccccc3c2c2c(ccc3ccccc32)o1.[Rh+]89,5,25,100,1.407085487,0.83,binol type,"['binol type', 'double P type']",tri-sub
7937,COc1ccc2c(c1)N(C(C)=O)/C(=C\c1ccccc1)CO2,COc1ccc2c(c1)N(C(C)=O)[C@H](Cc1ccccc1)CO2,CO,,Rh,C[C@@H]1CC[C@@H](C)P1c1ccccc1P1[C@H](C)CC[C@H]1C,C[C@@H]1CC[C@@H](C)P8->1c1ccccc1P9->1[C@H](C)CC[C@H]1C.[Rh+]89,4,25,100,2.519317024,0.972,double P type,['double P type'],tri-sub
3679,COC(=O)/C(=C/c1ccccc1OC)NC(C)=O,COC(=O)[C@H](Cc1ccccc1OC)NC(C)=O,ClCCl,,Rh,CN(Cc1cc(OCc2ccccc2)cc(OCc2ccccc2)c1)p1oc2ccc3ccccc3c2c2c(ccc3ccccc32)o1,CN(Cc1cc(OCc2ccccc2)cc(OCc2ccccc2)c1)p8->1oc2ccc3ccccc3c2c2c(ccc3ccccc32)o1.[Rh+]8,20,20,100,2.209155805,0.956,binol type,"['binol type', 'single P type']",tri-sub
7233,C=C(NC(C)=O)C(=O)OC,COC(=O)[C@@H](C)NC(C)=O,ClCCl,,Rh,COC(=O)[C@H](Cc1c[nH]c2ccccc12)Np1oc2c(C(C)(C)C)cc3cc(OC)ccc3c2c2c(o1)c(C(C)(C)C)cc1cc(OC)ccc12,COC(=O)[C@H](Cc1c[nH]9->c2ccccc12)Np8->1oc2c(C(C)(C)C)cc3cc(OC)ccc3c2c2c(o1)c(C(C)(C)C)cc1cc(OC)ccc12.[Rh+]89,10,25,100,2.477862753,0.97,binol type,"['binol type', 'P,N type']",di-sub
816,COc1cc(/C=C(\C)NC(C)=O)cc(OC)c1,COc1cc(C[C@@H](C)NC(C)=O)cc(OC)c1,ClCCl,,Rh,COc1cccc(OC)c1-c1cccc2c1P(C(C)(C)C)[C@@H]([C@H]1Oc3cccc(-c4c(OC)cccc4OC)c3P1C(C)(C)C)O2,COc1cccc(OC)c1-c1cccc2c1P(C(C)(C)C)8->[C@@H]([C@H]1Oc3cccc(-c4c(OC)cccc4OC)c3P9->1C(C)(C)C)O2.[Rh+]89,20,25,200,1.125633166,0.74,double P type,['double P type'],tri-sub
1865,C=C(NC(C)=O)C(=O)OC,COC(=O)[C@@H](C)NC(C)=O,ClCCl,,Rh,CN(CCCCCCN(C)p1oc2ccc3ccccc3c2c2c(ccc3ccccc32)o1)p1oc2ccc3ccccc3c2c2c(ccc3ccccc32)o1,CN(CCCCCCN(C)p8->1oc2ccc3ccccc3c2c2c(ccc3ccccc32)o1)p9->1oc2ccc3ccccc3c2c2c(ccc3ccccc32)o1.[Rh+]89,1.3,25,1000,2.304501335,0.96,binol type,"['binol type', 'double P type']",di-sub
5766,C=C(NC(C)=O)C(=O)OC,COC(=O)[C@H](C)NC(C)=O,CO,,Rh,c1ccc(P(CCP(c2ccccc2)c2ccccc2OC2CCCCC2)c2ccccc2OC2CCCCC2)cc1,c1ccc(P(CCP(c2ccccc2)9->c2ccccc2OC2CCCCC2)8->c2ccccc2OC2CCCCC2)cc1.[Rh+]89,1,25,1000,4.089763758,0.998,double P type,['double P type'],di-sub
2410,COC(=O)/C(=C/c1ccc2ccccc2c1)NC(C)=O,COC(=O)[C@H](Cc1ccc2ccccc2c1)NC(C)=O,C1CCOC1.CO,,Rh,C[C@H](C1=C(P(c2ccccc2)c2ccccc2)C=C[C@@H]1[Fe]C1C=CC=C1)N(C)P(c1cc(Cl)cc(Cl)c1)c1cc(Cl)cc(Cl)c1,C[C@H](C1=C(P(c2ccccc2)8->c2ccccc2)C=C[C@@H]1[Fe]C1C=CC=C1)N(C)P(c1cc(Cl)cc(Cl)c1)9->c1cc(Cl)cc(Cl)c1.[Rh+]89,1,25,100,2.854280119,0.984,ferrocene type,"['ferrocene type', 'double P type']",tri-sub
11712,CCOC(=O)/C=C(/B1OC(C)(C)C(C)(C)O1)c1ccccc1,CCOC(=O)C[C@H](B1OC(C)(C)C(C)(C)O1)c1ccccc1,ClCCl,,Rh,C[C@H](NC(=S)Nc1cc(C(F)(F)F)cc(C(F)(F)F)c1)C1=C(P(c2ccccc2)c2ccccc2)[C@@H]([Fe][C@H]2C=CC=C2P(c2ccccc2)c2ccccc2)C=C1,C[C@H](NC(=S)Nc1cc(C(F)(F)F)cc(C(F)(F)F)c1)C1=C(P(c2ccccc2)9->c2ccccc2)[C@@H]([Fe][C@H]2C=CC=C2P(c2ccccc2)8->c2ccccc2)C=C1.[Rh+]89,50,30,100,2.205738651,0.95,ferrocene type,"['ferrocene type', 'double P type']",tri-sub
5890,CCOC(=O)/C=C(\NC(C)=O)c1ccccc1,CCOC(=O)C[C@@H](NC(C)=O)c1ccccc1,CCO,,Rh,Cc1cc(C)cc(P2Cc3ccc4ccccc4c3-c3c(ccc4ccccc34)C2)c1,Cc1cc(C)cc(P8->2Cc3ccc4ccccc4c3-c3c(ccc4ccccc34)C2)c1.[Rh+]8,49,10,100,0.573659804,0.47,binol type,"['binol type', 'single P type']",tri-sub
1629,C=C(NC(C)=O)C(=O)OC,COC(=O)[C@H](C)NC(C)=O,ClCCl,,Rh,c1cnc2c(Np3oc4ccc5ccccc5c4c4c(ccc5ccccc54)o3)cccc2c1,c1cn9->c2c(Np8->3oc4ccc5ccccc5c4c4c(ccc5ccccc54)o3)cccc2c1.[Rh+]89,1,25,20,0,0,binol type,"['binol type', 'P,N type']",di-sub
6043,C=C(NC(C)=O)C(=O)OC,COC(=O)[C@H](C)NC(C)=O,ClCCl,,Rh,CC(C)(C)Op1oc2ccc3ccccc3c2c2c(ccc3ccccc32)o1,CC(C)(C)Op8->1oc2ccc3ccccc3c2c2c(ccc3ccccc32)o1.[Rh+]8,1,25,1000,2.219927286,0.954,binol type,"['binol type', 'single P type']",di-sub
1503,COC(=O)/C(=C/c1c(C)cc(OC(C)=O)cc1C)NC(C)=O,COC(=O)[C@H](Cc1c(C)cc(OC(C)=O)cc1C)NC(C)=O,CCOC(C)=O,,Rh,CP(c1nc2ccccc2nc1P(C)C(C)(C)C)C(C)(C)C,CP(c1nc2ccccc2nc1P(C)8->C(C)(C)C)9->C(C)(C)C.[Rh+]89,5,25,200,1.44621066,0.84,double P type,['double P type'],tri-sub
7933,CC(=O)N1/C(=C\c2ccccc2)COc2ccccc21,CC(=O)N1c2ccccc2OC[C@H]1Cc1ccccc1,CO,,Rh,C[C@@H]1CC[C@@H](C)P1c1ccccc1P1[C@H](C)CC[C@H]1C,C[C@@H]1CC[C@@H](C)P8->1c1ccccc1P9->1[C@H](C)CC[C@H]1C.[Rh+]89,4,25,100,2.351571103,0.963,double P type,['double P type'],tri-sub
8179,CC(=O)NC1=Cc2ccccc2CC1,CC(=O)N[C@@H]1CCc2ccccc2C1,ClCCl,,Rh,CN(C)p1oc2ccc3ccccc3c2c2c(ccc3ccccc32)o1,CN(C)p8->1oc2ccc3ccccc3c2c2c(ccc3ccccc32)o1.[Rh+]8,25,25,50,0.071142218,0.06,binol type,"['binol type', 'single P type']",tri-sub
5444,COC(=O)/C(=C/c1ccc(OC(C)=O)c(OC)c1)NC(C)=O,COC(=O)[C@@H](Cc1ccc(OC(C)=O)c(OC)c1)NC(C)=O,ClCCl,,Rh,CN(C)p1oc2ccc3ccccc3c2c2c(ccc3ccccc32)o1,CN(C)p8->1oc2ccc3ccccc3c2c2c(ccc3ccccc32)o1.[Rh+]8,1,25,20,2.181606732,0.951,binol type,"['binol type', 'single P type']",tri-sub
9627,CC(=O)NC1=Cc2ccc(Br)cc2CC1,CC(=O)N[C@H]1CCc2cc(Br)ccc2C1,ClCCl,,Rh,COc1ccccc1P(CCOp1oc2c(C(C)(C)C)cc(C)c(C)c2c2c(C)c(C)cc(C(C)(C)C)c2o1)c1ccccc1,COc1ccccc1P(CCOp9->1oc2c(C(C)(C)C)cc(C)c(C)c2c2c(C)c(C)cc(C(C)(C)C)c2o1)8->c1ccccc1.[Rh+]89,20,25,100,1.407085487,0.83,double P type,['double P type'],tri-sub
3681,COC(=O)/C(=C/c1ccccc1Cl)NC(C)=O,COC(=O)[C@H](Cc1ccccc1Cl)NC(C)=O,ClCCl,,Rh,CN(Cc1cc(OCc2ccccc2)cc(OCc2ccccc2)c1)p1oc2ccc3ccccc3c2c2c(ccc3ccccc32)o1,CN(Cc1cc(OCc2ccccc2)cc(OCc2ccccc2)c1)p8->1oc2ccc3ccccc3c2c2c(ccc3ccccc32)o1.[Rh+]8,20,20,100,2.209155805,0.956,binol type,"['binol type', 'single P type']",tri-sub
3680,COC(=O)/C(=C/c1ccccc1OC)NC(C)=O,COC(=O)[C@H](Cc1ccccc1OC)NC(C)=O,ClCCl,,Rh,CCN(Cc1ccccc1)p1oc2ccc3ccccc3c2c2c(ccc3ccccc32)o1,CCN(Cc1ccccc1)p8->1oc2ccc3ccccc3c2c2c(ccc3ccccc32)o1.[Rh+]8,20,20,100,2.004109321,0.938,binol type,"['binol type', 'single P type']",tri-sub
4623,[H]/C=C(/NC(C)=O)C(=O)OC.[H]/C=C(/NC(C)=O)C(=O)OC,COC(=O)[C@@H](C)NC(C)=O,ClCCl,,Rh,CCCCNC(=O)NCCCOp1oc2ccc3ccccc3c2c2c(ccc3ccccc32)o1,CCCCNC(=O)NCCCOp8->1oc2ccc3ccccc3c2c2c(ccc3ccccc32)o1.[Rh+]8,1,25,100,0,0,binol type,"['binol type', 'single P type']",di-sub
8943,COC(=O)/C=C(\CP(=O)(OC)OC)c1ccccc1,COC(=O)CC(CP(=O)(OC)OC)c1ccccc1,CC(C)O,,Rh,C[C@@H](C1=C([P@](c2ccccc2)c2cccc3ccccc23)C=C[C@H]1[Fe]C1C=CC=C1)N(C)P(c1ccc(C(F)(F)F)cc1)c1ccc(C(F)(F)F)cc1,C[C@@H](C1=C([P@](c2ccccc2)9->c2cccc3ccccc23)C=C[C@H]1[Fe]C1C=CC=C1)N(C)P(c1ccc(C(F)(F)F)cc1)8->c1ccc(C(F)(F)F)cc1.[Rh+]89,59,25,100,2.169340323,0.95,ferrocene type,"['ferrocene type', 'double P type']",tri-sub
7980,COC(=O)/C=C(\NC(C)=O)c1ccccc1,COOCC[C@@H](NC(C)=O)c1ccccc1,ClCCl,,Rh,CN(C)P1Oc2cccc3c2C2(CC3)CCc3cccc(c32)O1,CN(C)P8->1Oc2cccc3c2C2(CC3)CCc3cccc(c32)O1.[Rh+]8,50,25,50,1.743519237,0.9,single P type,['single P type'],tri-sub
11295,COC(=O)/C(NC(C)=O)=C(/c1ccccc1)c1cn(C(=O)OC(C)(C)C)c2ncccc12,COC(=O)[C@@H](NC(C)=O)[C@@H](c1ccccc1)c1cn(C(=O)OC(C)(C)C)c2ncccc12,CO,,Rh,C[C@H](C1=C(P(c2ccc(C(F)(F)F)cc2)c2ccc(C(F)(F)F)cc2)[C@H]([Fe]C2C=CC=C2)C=C1)P(C(C)(C)C)C(C)(C)C,C[C@H](C1=C(P(c2ccc(C(F)(F)F)cc2)8->c2ccc(C(F)(F)F)cc2)[C@H]([Fe]C2C=CC=C2)C=C1)P(C(C)(C)C)9->C(C)(C)C.[Rh+]89,34,40,5,2.602587389,0.97,ferrocene type,"['ferrocene type', 'double P type']",tetra-sub
9647,C=C(NC(C)=O)C(=O)OC,COC(=O)[C@@H](C)NC(C)=O,CC(C)=O,,Rh,CC(C)N(C(C)C)p1oc2c(P(c3ccccc3)c3ccccc3)cc3ccccc3c2c2c(o1)c(P(c1ccccc1)c1ccccc1)cc1ccccc12,CC(C)N(C(C)C)p18->oc2c(P(c3ccccc3)c3ccccc3)cc3ccccc3c2c2c(o1)c(P(c1ccccc1)c1ccccc1)cc1ccccc12.[Rh+]8,1,25,100,2.933945973,0.986,binol type,"['binol type', 'single P type']",di-sub
4614,[H]/C=C(/NC(C)=O)C(=O)OC.[H]/C=C(/NC(C)=O)C(=O)OC,COC(=O)[C@H](C)NC(C)=O,ClCCl,,Rh,CC(C)(C)p1oc2ccc3ccccc3c2c2c(ccc3ccccc32)o1,CC(C)(C)p8->1oc2ccc3ccccc3c2c2c(ccc3ccccc32)o1.[Rh+]8,1,25,100,1.963997164,0.93,binol type,"['binol type', 'single P type']",di-sub
7347,COC(=O)C/C(=C\c1ccccc1)NC(C)=O,COC(=O)C[C@@H](Cc1ccccc1)NC(C)=O,ClCCl,,Rh,C[S@](=O)(=Np1oc2ccc3ccccc3c2c2c(ccc3ccccc32)o1)c1ccccc1,C[S@](=O)(=N9->p8->1oc2ccc3ccccc3c2c2c(ccc3ccccc32)o1)c1ccccc1.[Rh+]89,1,25,1000,2.058336063,0.94,binol type,"['binol type', 'P,N type']",tri-sub
7332,C=C(NC(C)=O)C(=O)OC,COC(=O)[C@H](C)NC(C)=O,ClCCl,,Rh,C[C@@H](c1ccccc1)N(C)p1oc2ccccc2c2ccccc2o1,C[C@@H](c1ccccc1)N(C)p8->1oc2ccccc2c2ccccc2o1.[Rh+]8,1,25,100,0.559253221,0.44,single P type,['single P type'],di-sub
9667,COC(=O)/C(=C/c1ccc(OC)cc1)NC(C)=O,COC(=O)[C@@H](Cc1ccc(OC)cc1)NC(C)=O,CC(C)=O,,Rh,CC(C)N(C(C)C)p1oc2c(P(c3ccccc3)c3ccccc3)cc3ccccc3c2c2c(o1)c(P(c1ccccc1)c1ccccc1)cc1ccccc12,CC(C)N(C(C)C)p18->oc2c(P(c3ccccc3)c3ccccc3)cc3ccccc3c2c2c(o1)c(P(c1ccccc1)c1ccccc1)cc1ccccc12.[Rh+]8,1,25,100,3.438045145,0.994,binol type,"['binol type', 'single P type']",tri-sub
6355,COC(=O)C(NC(C)=O)=C1CCCC1,COC(=O)[C@H](NC(C)=O)C1CCCC1,CO,,Rh,CP(CCP(C)C1CCCCC1)C1C=CC=C1,CP(CCP(C)9->C1CCCCC1)8->C1C=CC=C1.[Rh+]89,2,25,100,0.893886437,0.638,double P type,['double P type'],tetra-sub
11945,COC(=O)/C(=C/C=C/c1ccc(Br)cc1)NC(C)=O,COC(=O)[C@@H](C/C=C/c1ccc(Br)cc1)NC(C)=O,ClCCl,,Rh,CC(C)(C)P1CCC[C@@H]1[C@H]1CCCP1C(C)(C)C,CC(C)(C)P8->1CCC[C@@H]1[C@H]1CCCP9->1C(C)(C)C.[Rh+]89,1.5,25,3000,3.134375973,0.99,double P type,['double P type'],tri-sub
1896,C=C(NC(C)=O)C(=O)OC,COC(=O)[C@@H](C)NC(C)=O,ClCCl,,Rh,c1ccc2c(c1)ccc1op(N3CCN(p4oc5ccc6ccccc6c5c5c(ccc6ccccc65)o4)CC3)oc3ccc4ccccc4c3c12,c1ccc2c(c1)ccc1op(N3CCN(p9->4oc5ccc6ccccc6c5c5c(ccc6ccccc65)o4)CC3)8->oc3ccc4ccccc4c3c12.[Rh+]89,1.3,25,1000,3.134375973,0.99,binol type,"['binol type', 'double P type']",di-sub
2812,COC(=O)/C(=C/c1cccc2ccccc12)CC(=O)O,COC(=O)[C@H](CC(=O)O)Cc1cccc2ccccc12,C1CCOC1,,Rh,CC(C)(C)P1CCC[C@@H]1[C@H]1CCCP1C(C)(C)C,CC(C)(C)P8->1CCC[C@@H]1[C@H]1CCCP9->1C(C)(C)C.[Rh+]89,1,25,200,3.134375973,0.99,double P type,['double P type'],tri-sub
5606,COC(=O)/C(=C/c1ccc([N+](=O)[O-])cc1)NC(C)=O,COC(=O)[C@@H](Cc1ccc([N+](=O)[O-])cc1)NC(C)=O,C1CCOC1,,Rh,CCN(CC)p1oc2ccc3ccccc3c2c2c(ccc3ccccc32)o1,CCN(CC)p8->1oc2ccc3ccccc3c2c2c(ccc3ccccc32)o1.[Rh+]8,20,25,100,2.304501335,0.96,binol type,"['binol type', 'single P type']",tri-sub
5889,CCOC(=O)/C=C(\NC(C)=O)c1ccccc1,CCOC(=O)C[C@@H](NC(C)=O)c1ccccc1,CCO,,Rh,FC(F)(F)c1ccc(P2Cc3ccc4ccccc4c3-c3c(ccc4ccccc34)C2)cc1,FC(F)(F)c1ccc(P8->2Cc3ccc4ccccc4c3-c3c(ccc4ccccc34)C2)cc1.[Rh+]8,49,10,100,0.299283619,0.26,binol type,"['binol type', 'single P type']",tri-sub
9154,O=C(NC1=Cc2ccccc2CC1)c1ccccc1,O=C(NC1CCc2ccccc2C1)c1ccccc1,ClCCl,,Rh,O=C(Nc1ccccc1)N[C@@H](c1ccccc1)[C@H](c1ccccc1)P(c1ccccc1)c1ccccc1,O=C(Nc1ccccc1)N[C@@H](c1ccccc1)[C@H](c1ccccc1)P(c1ccccc1)8->c1ccccc1.[Rh+]8,20,25,50,0.406004445,0.33,single P type,['single P type'],tri-sub
7932,CC(=O)N1/C(=C\c2ccccc2)COc2ccccc21,CC(=O)N1c2ccccc2OC[C@H]1Cc1ccccc1,CO,,Rh,C[C@@H]1CC[C@@H](C)P1c1ccccc1P1[C@H](C)CC[C@H]1C,C[C@@H]1CC[C@@H](C)P8->1c1ccccc1P9->1[C@H](C)CC[C@H]1C.[Rh+]89,4,25,100,1.414739933,0.832,double P type,['double P type'],tri-sub
2991,C=C(NC(C)=O)C(=O)OC,COC(=O)[C@@H](C)NC(C)=O,ClCCl,,Rh,CN(C)p1oc2ccc3ccccc3c2c2c(o1)c([Si](c1ccccc1)(c1ccccc1)c1ccccc1)cc1ccccc12,CN(C)p8->1oc2ccc3ccccc3c2c2c(o1)c([Si](c1ccccc1)(c1ccccc1)c1ccccc1)cc1ccccc12.[Rh+]8,1,25,200,0.419344493,0.34,binol type,"['binol type', 'single P type']",di-sub
2319,COC(=O)/C(=C/c1ccc2ccccc2c1)NC(C)=O,COC(=O)[C@H](Cc1ccc2ccccc2c1)NC(C)=O,C1CCOC1.CO,,Rh,C[C@H](C1=C(P(c2ccccc2)c2ccccc2)C=C[C@@H]1[Fe]C1C=CC=C1)N(c1ccccc1)P(c1ccccc1)c1ccccc1,C[C@H](C1=C(P(c2ccccc2)8->c2ccccc2)C=C[C@@H]1[Fe]C1C=CC=C1)N(c1ccccc1)P(c1ccccc1)9->c1ccccc1.[Rh+]89,1,25,100,1.678285389,0.889,ferrocene type,"['ferrocene type', 'double P type']",tri-sub
11725,CCOC(=O)/C=C(/B1OC(C)(C)C(C)(C)O1)c1ccccc1,CCOC(=O)C[C@H](B1OC(C)(C)C(C)(C)O1)c1ccccc1,ClCCl,,Rh,CC(C)(C)P1Cc2ccccc2C1[C@H]1c2ccccc2CP1C(C)(C)C,CC(C)(C)P8->1Cc2ccccc2C1[C@H]1c2ccccc2CP9->1C(C)(C)C.[Rh+]89,50,30,100,0,0,double P type,['double P type'],tri-sub
11670,CCOC(=O)/C=C(\Sc1ccccc1)c1ccccc1,CCOC(=O)C[C@@H](Sc1ccccc1)c1ccccc1,C1COCCO1,,Rh,C[C@H](NC(=S)Nc1cc(C(F)(F)F)cc(C(F)(F)F)c1)C1=C(P(c2ccccc2)c2ccccc2)[C@@H]([Fe][C@H]2C=CC=C2P(c2ccccc2)c2ccccc2)C=C1,C[C@H](NC(=S)Nc1cc(C(F)(F)F)cc(C(F)(F)F)c1)C1=C(P(c2ccccc2)9->c2ccccc2)[C@@H]([Fe][C@H]2C=CC=C2P(c2ccccc2)8->c2ccccc2)C=C1.[Rh+]89,50,30,100,3.186966174,0.99,ferrocene type,"['ferrocene type', 'double P type']",tri-sub
2327,CC(C)(C)OC(=O)C(=O)N/C(=C\C1CC1)C(=O)OCc1ccccc1,CC(C)(C)OC(=O)C(=O)N[C@@H](CC1CC1)C(=O)OCc1ccccc1,C1CCOC1.CO,,Rh,C[C@H](C1=C(P(c2ccccc2)c2ccccc2)C=C[C@@H]1[Fe]C1C=CC=C1)N(Cc1ccccc1)P(c1ccccc1)c1ccccc1,C[C@H](C1=C(P(c2ccccc2)8->c2ccccc2)C=C[C@@H]1[Fe]C1C=CC=C1)N(Cc1ccccc1)P(c1ccccc1)9->c1ccccc1.[Rh+]89,1,25,100,1.041175213,0.706,ferrocene type,"['ferrocene type', 'double P type']",tri-sub
3257,COC(=O)/C(=C/c1ccccc1)CNC(C)=O,COC(=O)C(CNC(C)=O)Cc1ccccc1,ClCCl,,Rh,CCCCc1ccc(N(C)C(=O)c2ccccc2C(=O)N(C)c2cccc(COp3oc4ccc5ccccc5c4c4c(ccc5ccccc54)o3)c2)cc1,CCCCc1ccc(N(C)C(=O)c2ccccc2C(=O)N(C)c2cccc(COp8->3oc4ccc5ccccc5c4c4c(ccc5ccccc54)o3)c2)cc1.[Rh+]8,49,25,100,1.334717277,0.81,binol type,"['binol type', 'single P type']",tri-sub
3974,C=C(NC(C)=O)C(=O)OC,COC(=O)[C@H](C)NC(C)=O,ClCCl,,Rh,C[C@@H](Op1oc2ccc3ccccc3c2c2c(ccc3ccccc32)o1)c1ccccc1,C[C@@H](Op8->1oc2ccc3ccccc3c2c2c(ccc3ccccc32)o1)c1ccccc1.[Rh+]8,1,20,1000,2.195774281,0.955,binol type,"['binol type', 'single P type']",di-sub
4574,[H]/C=C(/NC(C)=O)C(=O)OC.[H]/C=C(/NC(C)=O)C(=O)OC,COC(=O)[C@@H](C)NC(C)=O,ClCCl,,Rh,CC(C)(C)Op1oc2ccc3ccccc3c2c2c(ccc3ccccc32)o1,CC(C)(C)Op8->1oc2ccc3ccccc3c2c2c(ccc3ccccc32)o1.[Rh+]8,1,20,1000,2.182680184,0.954,binol type,"['binol type', 'single P type']",di-sub
12556,COC(=O)/C(NC(C)=O)=C(\OC(C)=O)c1ccccc1,COC(=O)[C@@H](NC(C)=O)[C@H](OC(C)=O)c1ccccc1,ClCCl,,Rh,CC(C)(C)P1Cc2ccccc2C1[C@H]1c2ccccc2CP1C(C)(C)C,CC(C)(C)P8->1Cc2ccccc2C1[C@H]1c2ccccc2CP9->1C(C)(C)C.[Rh+]89,30,25,50,3.134375973,0.99,double P type,['double P type'],tetra-sub
3676,COC(=O)/C(=C/c1ccc([N+](=O)[O-])cc1)NC(C)=O,COC(=O)[C@H](Cc1ccc([N+](=O)[O-])cc1)NC(C)=O,ClCCl,,Rh,CCN(Cc1ccccc1)p1oc2ccc3ccccc3c2c2c(ccc3ccccc32)o1,CCN(Cc1ccccc1)p8->1oc2ccc3ccccc3c2c2c(ccc3ccccc32)o1.[Rh+]8,20,20,100,2.013876607,0.939,binol type,"['binol type', 'single P type']",tri-sub
11674,CCOC(=O)/C=C(\Sc1ccccc1)c1ccccc1,CCOC(=O)C[C@@H](Sc1ccccc1)c1ccccc1,ClCCl,,Rh,C[C@H](NC(=S)Nc1cc(C(F)(F)F)cc(C(F)(F)F)c1)C1=C(P(c2ccccc2)c2ccccc2)[C@@H]([Fe][C@H]2C=CC=C2P(c2ccccc2)c2ccccc2)C=C1,C[C@H](NC(=S)Nc1cc(C(F)(F)F)cc(C(F)(F)F)c1)C1=C(P(c2ccccc2)9->c2ccccc2)[C@@H]([Fe][C@H]2C=CC=C2P(c2ccccc2)8->c2ccccc2)C=C1.[Rh+]89,50,30,100,3.186966174,0.99,ferrocene type,"['ferrocene type', 'double P type']",tri-sub
11232,CC(=O)N/C(C#N)=C/c1ccccc1,CC(=O)N[C@H](C#N)Cc1ccccc1,CO,,Rh,C[C@H]1CC[C@H](C)P1c1ccccc1P1[C@@H](C)CC[C@@H]1C,C[C@H]1CC[C@H](C)P8->1c1ccccc1P9->1[C@@H](C)CC[C@@H]1C.[Rh+]89,30,25,100,3.134375973,0.99,double P type,['double P type'],tri-sub
6530,COC(=O)/C(=C/c1ccccc1)CNC(C)=O,COC(=O)[C@@H](CNC(C)=O)Cc1ccccc1,ClCCl,,Rh,O=C(NCc1ccc(COp2oc3ccc4ccccc4c3c3c(ccc4ccccc43)o2)cc1)c1ccc(C(F)(F)F)cc1,O=C(NCc1ccc(COp8->2oc3ccc4ccccc4c3c3c(ccc4ccccc43)o2)cc1)c1ccc(C(F)(F)F)cc1.[Rh+]8,49,25,100,1.369995111,0.82,binol type,"['binol type', 'single P type']",tri-sub
6316,COCO/C(=C(\NC(C)=O)c1cccc(Cl)c1)c1cccc(Cl)c1,COCO[C@@H](c1cccc(Cl)c1)[C@H](NC(C)=O)c1cccc(Cl)c1,OC(F)(F)CF,,Rh,C[C@H](C1=C[C@@H]([Fe]C2C=CC=C2)C=C1P(c1ccccc1)c1ccccc1)P(C1CCCCC1)C1CCCCC1,C[C@H](C1=C[C@@H]([Fe]C2C=CC=C2)C=C1P(c1ccccc1)8->c1ccccc1)P(C1CCCCC1)9->C1CCCCC1.[Rh+]89,40,40,100,2.602587389,0.97,ferrocene type,"['ferrocene type', 'double P type']",tetra-sub
7298,C=C(NC(C)=O)C(=O)OC,COC(=O)[C@@H](C)NC(C)=O,CO,,Rh,C[C@H](c1ccccc1P(c1ccccc1)c1ccccc1)P1C2CCCC1CCC2.O=C[Cr](C=O)C=O,C[C@H](c1ccccc1P(c1ccccc1)8->c1ccccc1)P9->1C2CCCC1CCC2.O=C[Cr](C=O)C=O.[Rh+]89,1,25,100,0.777427219,0.576,double P type,['double P type'],di-sub
3666,COC(=O)/C(=C/c1cccc(Cl)c1)NC(C)=O,COC(=O)[C@H](Cc1cccc(Cl)c1)NC(C)=O,ClCCl,,Rh,CCN(Cc1ccccc1)p1oc2ccc3ccccc3c2c2c(ccc3ccccc32)o1,CCN(Cc1ccccc1)p8->1oc2ccc3ccccc3c2c2c(ccc3ccccc32)o1.[Rh+]8,20,20,100,2.45632097,0.971,binol type,"['binol type', 'single P type']",tri-sub
7930,CC(=O)N1/C(=C\c2ccccc2)COc2ccccc21,CC(=O)N1c2ccccc2OC[C@H]1Cc1ccccc1,CO,,Rh,C[C@@H]1CC[C@@H](C)P1c1ccccc1P1[C@H](C)CC[C@H]1C,C[C@@H]1CC[C@@H](C)P8->1c1ccccc1P9->1[C@H](C)CC[C@H]1C.[Rh+]89,2,25,100,2.43904547,0.968,double P type,['double P type'],tri-sub
11715,CCOC(=O)/C=C(/B1OC(C)(C)C(C)(C)O1)c1ccccc1,CCOC(=O)C[C@H](B1OC(C)(C)C(C)(C)O1)c1ccccc1,ClC(Cl)Cl,,Rh,C[C@H](NC(=S)Nc1cc(C(F)(F)F)cc(C(F)(F)F)c1)C1=C(P(c2ccccc2)c2ccccc2)[C@@H]([Fe][C@H]2C=CC=C2P(c2ccccc2)c2ccccc2)C=C1,C[C@H](NC(=S)Nc1cc(C(F)(F)F)cc(C(F)(F)F)c1)C1=C(P(c2ccccc2)9->c2ccccc2)[C@@H]([Fe][C@H]2C=CC=C2P(c2ccccc2)8->c2ccccc2)C=C1.[Rh+]89,50,30,100,1.228627544,0.77,ferrocene type,"['ferrocene type', 'double P type']",tri-sub
5936,C=C(NC(C)=O)C(=O)OC,COC(=O)[C@@H](C)NC(C)=O,CCOC(C)=O,,Rh,CCN(CC)P1Cc2ccc3ccccc3c2-c2c(ccc3ccccc23)C1,CCN(CC)P8->1Cc2ccc3ccccc3c2-c2c(ccc3ccccc23)C1.[Rh+]8,1,25,100,0.766847977,0.57,binol type,"['binol type', 'single P type']",di-sub
6365,COC(=O)C(NC(C)=O)=C1CCCCC1,COC(=O)[C@H](NC(C)=O)C1CCCCC1,CO,,Rh,CP(CCP(C)C1CCCCC1)C1CCCCC1,CP(CCP(C)9->C1CCCCC1)8->C1CCCCC1.[Rh+]89,2,25,100,1.701270269,0.893,double P type,['double P type'],tetra-sub
11300,COC(=O)C(NC(C)=O)=C(c1ccccc1)c1ccccc1,COC(=O)[C@@H](NC(C)=O)C(c1ccccc1)c1ccccc1,CO,,Rh,C[C@H](C1=C(P(c2ccc(C(F)(F)F)cc2)c2ccc(C(F)(F)F)cc2)[C@H]([Fe]C2C=CC=C2)C=C1)P(C(C)(C)C)C(C)(C)C,C[C@H](C1=C(P(c2ccc(C(F)(F)F)cc2)8->c2ccc(C(F)(F)F)cc2)[C@H]([Fe]C2C=CC=C2)C=C1)P(C(C)(C)C)9->C(C)(C)C.[Rh+]89,27,25,20,2.477862753,0.97,ferrocene type,"['ferrocene type', 'double P type']",tetra-sub
8540,COC(=O)/C(=C/c1cccc(F)c1)NC(C)=O,COC(=O)[C@H](Cc1cccc(F)c1)NC(C)=O,CO,,Rh,CP(NP(C(C)(C)C)C(C)(C)C)C(C)(C)C,CP(NP(C(C)(C)C)9->C(C)(C)C)8->C(C)(C)C.[Rh+]89,3,25,333,2.720952926,0.98,double P type,['double P type'],tri-sub
5605,COC(=O)/C(=C/c1ccc([N+](=O)[O-])cc1)NC(C)=O,COC(=O)[C@@H](Cc1ccc([N+](=O)[O-])cc1)NC(C)=O,C1CCOC1,,Rh,CCN(CC)p1oc2ccc3ccccc3c2c2c(ccc3ccccc32)o1,CCN(CC)p8->1oc2ccc3ccccc3c2c2c(ccc3ccccc32)o1.[Rh+]8,20,25,100,3.849375327,0.997,binol type,"['binol type', 'single P type']",tri-sub
8184,CC(=O)NC1=Cc2ccccc2CC1,CC(=O)N[C@@H]1CCc2ccccc2C1,ClCCl,,Rh,c1cc2op(N3CCCCC3)oc3ccc4c(c3c2c2c1CCCC2)CCCC4,c1cc2op(N3CCCCC3)8->oc3ccc4c(c3c2c2c1CCCC2)CCCC4.[Rh+]8,25,25,50,0.340695957,0.28,binol type,"['binol type', 'single P type']",tri-sub
1804,COC(=O)/C(=C/c1ccc(Cl)cc1)NC(C)=O,COC(=O)[C@@H](Cc1ccc(Cl)cc1)NC(C)=O,ClCCl,,Rh,C[C@@H](c1ccccc1P(c1ccccc1)c1ccccc1)N(C)p1oc2ccc3ccccc3c2c2c(ccc3ccccc32)o1,C[C@@H](c1ccccc1P(c1ccccc1)8->c1ccccc1)N(C)p9->1oc2ccc3ccccc3c2c2c(ccc3ccccc32)o1.[Rh+]89,10,25,100,3.134375973,0.99,binol type,"['binol type', 'double P type']",tri-sub
6310,COCO/C(=C(\NC(C)=O)c1cccc(OC)c1)c1cccc(OC)c1,COCO[C@@H](c1cccc(OC)c1)[C@H](NC(C)=O)c1cccc(OC)c1,OC(F)(F)CF,,Rh,C[C@H](C1=C[C@@H]([Fe]C2C=CC=C2)C=C1P(c1ccccc1)c1ccccc1)P(C1CCCCC1)C1CCCCC1,C[C@H](C1=C[C@@H]([Fe]C2C=CC=C2)C=C1P(c1ccccc1)8->c1ccccc1)P(C1CCCCC1)9->C1CCCCC1.[Rh+]89,40,40,100,1.900073573,0.91,ferrocene type,"['ferrocene type', 'double P type']",tetra-sub
7935,CC(=O)N1/C(=C\c2ccccc2)COc2ccccc21,CC(=O)N1c2ccccc2OC[C@H]1Cc1ccccc1,CO,,Rh,c1ccc(P(c2ccccc2)c2ccc3ccccc3c2-c2c(P(c3ccccc3)c3ccccc3)ccc3ccccc23)cc1,c1ccc(P(c2ccccc2)8->c2ccc3ccccc3c2-c2c(P(c3ccccc3)9->c3ccccc3)ccc3ccccc23)cc1.[Rh+]89,4,25,100,0.955858927,0.668,double P type,['double P type'],tri-sub
11728,CCCOC(=O)/C=C(/B1OC(C)(C)C(C)(C)O1)c1ccccc1,CCCOC(=O)C[C@H](B1OC(C)(C)C(C)(C)O1)c1ccccc1,ClCCl,,Rh,C[C@H](NC(=S)Nc1cc(C(F)(F)F)cc(C(F)(F)F)c1)C1=C(P(c2ccccc2)c2ccccc2)[C@@H]([Fe][C@H]2C=CC=C2P(c2ccccc2)c2ccccc2)C=C1,C[C@H](NC(=S)Nc1cc(C(F)(F)F)cc(C(F)(F)F)c1)C1=C(P(c2ccccc2)9->c2ccccc2)[C@@H]([Fe][C@H]2C=CC=C2P(c2ccccc2)8->c2ccccc2)C=C1.[Rh+]89,50,30,100,2.205738651,0.95,ferrocene type,"['ferrocene type', 'double P type']",tri-sub
3211,C=C(NC(C)=O)C(=O)OC,COC(=O)[C@@H](C)NC(C)=O,ClCCl,,Rh,O=C(NCc1cccc(COp2oc3ccc4ccccc4c3c3c(ccc4ccccc43)o2)c1)c1ccccc1C(=O)Nc1cc(C(F)(F)F)cc(C(F)(F)F)c1,O=C(NCc1cccc(COp8->2oc3ccc4ccccc4c3c3c(ccc4ccccc43)o2)c1)c1ccccc1C(=O)Nc1cc(C(F)(F)F)cc(C(F)(F)F)c1.[Rh+]8,1,25,100,2.720952926,0.98,binol type,"['binol type', 'single P type']",di-sub
9148,CC(=O)NC1=Cc2ccccc2CC1,CC(=O)NC1CCc2ccccc2C1,ClCCl,,Rh,O=C(Nc1ccccc1)N[C@@H](c1ccccc1)[C@H](c1ccccc1)P(c1ccccc1)c1ccccc1,O=C(Nc1ccccc1)N[C@@H](c1ccccc1)[C@H](c1ccccc1)P(c1ccccc1)8->c1ccccc1.[Rh+]8,20,25,50,0.023688747,0.02,single P type,['single P type'],tri-sub
2062,[H]/C=C(\NC(C)=O)C(=O)OC,COC(=O)[C@H](C)NC(C)=O,ClCCl,,Rh,c1ccc(C2(c3ccccc3)OP(OCCOCCOP3OC(c4ccccc4)(c4ccccc4)[C@@H]4CCCN43)N3CCC[C@H]32)cc1,c1ccc(C2(c3ccccc3)OP(OCCOCCOP9->3OC(c4ccccc4)(c4ccccc4)[C@@H]4CCCN43)8->N3CCC[C@H]32)cc1.[Rh+]89,1.3,22,1000,1.667004948,0.89,double P type,['double P type'],di-sub
6047,C=C(NC(C)=O)C(=O)OC,COC(=O)[C@H](C)NC(C)=O,ClCCl,,Rh,c1ccc(OP(Oc2ccccc2)Oc2ccccc2)cc1,c1ccc(OP(Oc2ccccc2)8->Oc2ccccc2)cc1.[Rh+]8,1,25,1000,0,0,single P type,['single P type'],di-sub
1427,CC(=O)N/C(=C\c1ccccc1)C(=O)O,CC(=O)N[C@H](Cc1ccccc1)C(=O)O,CO,,Rh,CP(c1nc2ccccc2nc1P(C)C(C)(C)C)C(C)(C)C,CP(c1nc2ccccc2nc1P(C)8->C(C)(C)C)9->C(C)(C)C.[Rh+]89,3,25,1000,4.500500019,0.999,double P type,['double P type'],tri-sub
12560,CCOC(=O)/C(NC(C)=O)=C(\OC(C)=O)c1ccc(F)cc1,CCOC(=O)[C@@H](NC(C)=O)[C@H](OC(C)=O)c1ccc(F)cc1,ClCCl,,Rh,CC(C)(C)P1Cc2ccccc2C1[C@H]1c2ccccc2CP1C(C)(C)C,CC(C)(C)P8->1Cc2ccccc2C1[C@H]1c2ccccc2CP9->1C(C)(C)C.[Rh+]89,30,25,50,3.134375973,0.99,double P type,['double P type'],tetra-sub
2368,COC(=O)/C(=C/c1ccc2ccccc2c1)NC(C)=O,COC(=O)[C@H](Cc1ccc2ccccc2c1)NC(C)=O,C1CCOC1.CO,,Rh,C[C@H](C1=C(P(c2ccccc2)c2ccccc2)C=C[C@@H]1[Fe]C1C=CC=C1)N(C)P(c1ccc(F)cc1)c1ccc(F)cc1,C[C@H](C1=C(P(c2ccccc2)8->c2ccccc2)C=C[C@@H]1[Fe]C1C=CC=C1)N(C)P(c1ccc(F)cc1)9->c1ccc(F)cc1.[Rh+]89,1,25,100,2.81808334,0.983,ferrocene type,"['ferrocene type', 'double P type']",tri-sub
195,COC(=O)/C(=C\c1ccc(Cl)c(Cl)c1)NC(C)=O,COC(=O)[C@@H](Cc1ccc(Cl)c(Cl)c1)NC(C)=O,ClCCl,,Rh,CC(C)(C)N(N(p1oc2ccc3ccccc3c2c2c(ccc3ccccc32)o1)C(C)(C)C)p1oc2ccc3ccccc3c2c2c(ccc3ccccc32)o1,CC(C)(C)N(N(p8->1oc2ccc3ccccc3c2c2c(ccc3ccccc32)o1)C(C)(C)C)p9->1oc2ccc3ccccc3c2c2c(ccc3ccccc32)o1.[Rh+]89,1,25,100,1.963997164,0.93,binol type,"['binol type', 'double P type']",tri-sub
1630,C=C(NC(C)=O)C(=O)OC,COC(=O)[C@@H](C)NC(C)=O,ClCCl,,Rh,c1cnc2c(Np3oc4ccc5ccccc5c4c4c(ccc5ccccc54)o3)cccc2c1,c1cn9->c2c(Np8->3oc4ccc5ccccc5c4c4c(ccc5ccccc54)o3)cccc2c1.[Rh+]89,1,25,20,1.004216547,0.69,binol type,"['binol type', 'P,N type']",di-sub
8181,CC(=O)NC1=Cc2ccccc2CC1,CC(=O)N[C@@H]1CCc2ccccc2C1,ClCCl,,Rh,CCN(CC)p1oc2ccc3ccccc3c2c2c(ccc3ccccc32)o1,CCN(CC)p8->1oc2ccc3ccccc3c2c2c(ccc3ccccc32)o1.[Rh+]8,25,25,50,0.215518352,0.18,binol type,"['binol type', 'single P type']",tri-sub
1367,C=C(NC(C)=O)C(=O)OC,COC(=O)[C@@H](C)NC(C)=O,ClCCl,,Rh,CC(C)c1cccc(C(C)C)c1N1[C]N(CC[C@H](C)P(c2ccccc2)c2ccccc2)C=C1,CC(C)c1cccc(C(C)C)c1N1[C]N(CC[C@H](C)P(c2ccccc2)8->c2ccccc2)C=C1.[Rh+]8,39,25,50,0.784540948,0.58,others,['others'],di-sub
11940,COC(=O)/C(=C/C=C/c1ccc(C)cc1)NC(C)=O,COC(=O)[C@@H](C/C=C/c1ccc(C)cc1)NC(C)=O,ClCCl,,Rh,CC(C)(C)P1CCC[C@@H]1[C@H]1CCCP1C(C)(C)C,CC(C)(C)P8->1CCC[C@@H]1[C@H]1CCCP9->1C(C)(C)C.[Rh+]89,1.5,25,3000,3.134375973,0.99,double P type,['double P type'],tri-sub
12357,CCCCC/C=C(\NC(C)=O)C(=O)OC,CCCCCC[C@@H](NC(C)=O)C(=O)OC,CO,,Rh,CC(C)(C)P1Cc2ccccc2C1[C@H]1c2ccccc2CP1C(C)(C)C,CC(C)(C)P8->1Cc2ccccc2C1[C@H]1c2ccccc2CP9->1C(C)(C)C.[Rh+]89,7,50,100,3.987349112,0.996,double P type,['double P type'],tri-sub
8935,CC(C)OC(=O)/C=C(\CP(=O)(OC(C)C)OC(C)C)c1ccccc1,CC(C)OC(=O)CC(CP(=O)(OC(C)C)OC(C)C)c1ccccc1,ClCCl,,Rh,C[C@@H](C1=C[C@H]([Fe]C2C=CC=C2)C=C1P(c1ccccc1)c1cccc2ccccc12)N(C)P(c1ccccc1)c1ccccc1,C[C@@H](C1=C[C@H]([Fe]C2C=CC=C2)C=C1P(c1ccccc1)8->c1cccc2ccccc12)N(C)P(c1ccccc1)9->c1ccccc1.[Rh+]89,59,25,100,1.238010823,0.78,ferrocene type,"['ferrocene type', 'double P type']",tri-sub
12345,CCCCC/C=C(\NC(C)=O)C(=O)OC,CCCCCC[C@@H](NC(C)=O)C(=O)OC,CO,,Rh,CC(C)(C)P1CCC[C@@H]1[C@H]1CCCP1C(C)(C)C,CC(C)(C)P8->1CCC[C@@H]1[C@H]1CCCP9->1C(C)(C)C.[Rh+]89,7,25,100,3.134375973,0.99,double P type,['double P type'],tri-sub
6292,COCO/C(=C(\NC(C)=O)c1ccccc1)c1ccccc1,COCO[C@H](c1ccccc1)[C@@H](NC(C)=O)c1ccccc1,CO,,Rh,CC(C)(C)P1CCC[C@@H]1[C@H]1CCCP1C(C)(C)C,CC(C)(C)P8->1CCC[C@@H]1[C@H]1CCCP9->1C(C)(C)C.[Rh+]89,40,40,100,1.608779534,0.86,double P type,['double P type'],tetra-sub
11835,O=C1OCCC/C1=C\c1ccccc1F,O=C1OCCC[C@@H]1Cc1ccccc1F,ClCCCl,,Rh,C[C@H](NC(=S)Nc1cc(C(F)(F)F)cc(C(F)(F)F)c1)C1=C(P(c2ccccc2)c2ccccc2)[C@@H]([Fe][C@H]2C=CC=C2P(c2ccccc2)c2ccccc2)C=C1,C[C@H](NC(=S)Nc1cc(C(F)(F)F)cc(C(F)(F)F)c1)C1=C(P(c2ccccc2)9->c2ccccc2)[C@@H]([Fe][C@H]2C=CC=C2P(c2ccccc2)8->c2ccccc2)C=C1.[Rh+]89,50,35,50,3.239556375,0.99,ferrocene type,"['ferrocene type', 'double P type']",tri-sub
3995,CC(=O)N/C(=C\c1ccccc1)C(=O)O,CC(=O)N[C@@H](Cc1ccccc1)C(=O)O,CO,,Rh,[BH3-][PH+]1[C@H](C(C)C)COC[C@H]1C(C)C,[BH3-][PH+]8->1[C@H](C(C)C)COC[C@H]1C(C)C.[Rh+]8,1,20,100,1.505982119,0.86,single P type,['single P type'],tri-sub
9156,O=C(NC1=Cc2ccccc2CC1)c1ccccc1,O=C(NC1CCc2ccccc2C1)c1ccccc1,ClCCl,,Rh,O=C(Nc1ccccc1)N[C@@H](c1ccccc1)[C@H](c1ccccc1)P1Cc2ccc3ccccc3c2-c2c(ccc3ccccc23)C1,O=C(Nc1ccccc1)N[C@@H](c1ccccc1)[C@H](c1ccccc1)P8->1Cc2ccc3ccccc3c2-c2c(ccc3ccccc23)C1.[Rh+]8,20,25,50,1.487635919,0.85,binol type,"['binol type', 'single P type']",tri-sub
12598,O=C1C=C(c2ccccc2)C(=O)O1,O=C1C[C@H](c2ccccc2)C(=O)O1,ClCCl,,Rh,C[C@H](NC(=S)Nc1cc(C(F)(F)F)cc(C(F)(F)F)c1)C1=C(P(c2ccccc2)c2ccccc2)[C@@H]([Fe][C@H]2C=CC=C2P(c2ccccc2)c2ccccc2)C=C1,C[C@H](NC(=S)Nc1cc(C(F)(F)F)cc(C(F)(F)F)c1)C1=C(P(c2ccccc2)9->c2ccccc2)[C@@H]([Fe][C@H]2C=CC=C2P(c2ccccc2)8->c2ccccc2)C=C1.[Rh+]89,30,25,100,1.881851867,0.92,ferrocene type,"['ferrocene type', 'double P type']",tri-sub
9504,C=C(NC(C)=O)C(=O)OC,COC(=O)[C@@H](C)NC(C)=O,CC(C)=O,,Rh,CCN(CC)p1oc2c(P(c3ccccc3)c3ccccc3)cc3ccccc3c2c2c(o1)c(P(c1ccccc1)c1ccccc1)cc1ccccc12,CCN(CC)p8->1oc2c(P(c3ccccc3)9->c3ccccc3)cc3ccccc3c2c2c(o1)c(P(c1ccccc1)c1ccccc1)cc1ccccc12.[Rh+]89,1,25,100,2.43904547,0.968,binol type,"['binol type', 'double P type']",di-sub
8319,[H]/C=C(\NC(C)=O)C(=O)OC,COC(=O)[C@@H](C)NC(C)=O,CO,,Rh,CP(CP(C(C)(C)C)C(C)(C)C)C(C)(C)C,CP(CP(C(C)(C)C)9->C(C)(C)C)8->C(C)(C)C.[Rh+]89,3.06,20,100,3.081785772,0.99,double P type,['double P type'],di-sub
9683,COC/C=C(\NC(C)=O)C(=O)OC,COCC[C@@H](NC(C)=O)C(=O)OC,CC(C)=O,,Rh,CC(C)N(C(C)C)p1oc2c(P(c3ccccc3)c3ccccc3)cc3ccccc3c2c2c(o1)c(P(c1ccccc1)c1ccccc1)cc1ccccc12,CC(C)N(C(C)C)p18->oc2c(P(c3ccccc3)c3ccccc3)cc3ccccc3c2c2c(o1)c(P(c1ccccc1)c1ccccc1)cc1ccccc12.[Rh+]8,1,25,100,1.929863543,0.926,binol type,"['binol type', 'single P type']",tri-sub
8005,C/C=C(\NC(C)=O)C(=O)OC,CC[C@@H](NC(C)=O)C(=O)OC,ClCCl,,Rh,c1ccc2c(c1)ccc1op(N3CCCCCC3)oc3ccc4ccccc4c3c12,c1ccc2c(c1)ccc1op(N3CCCCCC3)8->oc3ccc4ccccc4c3c12.[Rh+]8,5,25,50,2.477862753,0.97,binol type,"['binol type', 'single P type']",tri-sub
12606,O=C1C=C(c2ccccc2)C(=O)O1,O=C1C[C@H](c2ccccc2)C(=O)O1,CCOC(C)=O,,Rh,C[C@H](NC(=S)Nc1cc(C(F)(F)F)cc(C(F)(F)F)c1)C1=C(P(c2ccccc2)c2ccccc2)[C@@H]([Fe][C@H]2C=CC=C2P(c2ccccc2)c2ccccc2)C=C1,C[C@H](NC(=S)Nc1cc(C(F)(F)F)cc(C(F)(F)F)c1)C1=C(P(c2ccccc2)9->c2ccccc2)[C@@H]([Fe][C@H]2C=CC=C2P(c2ccccc2)8->c2ccccc2)C=C1.[Rh+]89,1,25,100,2.304501335,0.96,ferrocene type,"['ferrocene type', 'double P type']",tri-sub
11730,CCOC(=O)/C=C(/B1OC(C)(C)C(C)(C)O1)c1cccc(C)c1,CCOC(=O)C[C@H](B1OC(C)(C)C(C)(C)O1)c1cccc(C)c1,ClCCl,,Rh,C[C@H](NC(=S)Nc1cc(C(F)(F)F)cc(C(F)(F)F)c1)C1=C(P(c2ccccc2)c2ccccc2)[C@@H]([Fe][C@H]2C=CC=C2P(c2ccccc2)c2ccccc2)C=C1,C[C@H](NC(=S)Nc1cc(C(F)(F)F)cc(C(F)(F)F)c1)C1=C(P(c2ccccc2)9->c2ccccc2)[C@@H]([Fe][C@H]2C=CC=C2P(c2ccccc2)8->c2ccccc2)C=C1.[Rh+]89,50,30,100,2.766606499,0.98,ferrocene type,"['ferrocene type', 'double P type']",tri-sub
1460,CCOC(=O)/C=C(\NC(C)=O)c1ccc(OC)cc1,CCOC(=O)C[C@H](NC(C)=O)c1ccc(OC)cc1,CO,,Rh,CP(c1ccccc1P(C)C(C)(C)C)C(C)(C)C,CP(c1ccccc1P(C)9->C(C)(C)C)8->C(C)(C)C.[Rh+]89,3,25,1000,2.892794322,0.985,double P type,['double P type'],tri-sub
5287,COC(=O)/C(=C\c1ccccc1)NC(C)=O,COC(=O)[C@H](Cc1ccccc1)NC(C)=O,ClCCl,,Rh,COc1cc(C(C)(C)C)c2op(NC[C@H]3O[C@H]4OC(C)(C)O[C@H]4[C@H]3Op3oc4c(C(C)(C)C)cc(OC)cc4c4cc(OC)cc(C(C)(C)C)c4o3)oc3c(C(C)(C)C)cc(OC)cc3c2c1,COc1cc(C(C)(C)C)c2op(NC[C@H]3O[C@H]4OC(C)(C)O[C@H]4[C@H]3Op9->3oc4c(C(C)(C)C)cc(OC)cc4c4cc(OC)cc(C(C)(C)C)c4o3)8->oc3c(C(C)(C)C)cc(OC)cc3c2c1.[Rh+]89,5,25,100,0.203301296,0.17,double P type,['double P type'],tri-sub
9450,C=C(NC(C)=O)C(=O)OC,COC(=O)[C@@H](C)NC(C)=O,ClCCl,,Rh,CC(C)(c1ccccc1)[C@@H]1CCCC[C@H]1Op1oc2ccccc2c2ccccc2o1,CC(C)(c1ccccc1)[C@@H]1CCCC[C@H]1Op8->1oc2ccccc2c2ccccc2o1.[Rh+]8,1,25,100,0.619359515,0.48,single P type,['single P type'],di-sub
5367,CC(=O)NC1=Cc2ccccc2CC1,CC(=O)NC1CCc2ccccc2C1,ClCCl,,Rh,O=C(Nc1ccccc1)N[C@@H](c1ccccc1)[C@H](c1ccccc1)P1Cc2ccc3ccccc3c2-c2c(ccc3ccccc23)C1,O=C(Nc1ccccc1)N[C@@H](c1ccccc1)[C@H](c1ccccc1)P8->1Cc2ccc3ccccc3c2-c2c(ccc3ccccc23)C1.[Rh+]8,20,25,50,0.318960335,0.263,binol type,"['binol type', 'single P type']",tri-sub
3670,COC(=O)/C(=C/c1ccc(F)cc1)NC(C)=O,COC(=O)[C@H](Cc1ccc(F)cc1)NC(C)=O,ClCCl,,Rh,CCN(Cc1ccccc1)p1oc2ccc3ccccc3c2c2c(ccc3ccccc32)o1,CCN(Cc1ccccc1)p8->1oc2ccc3ccccc3c2c2c(ccc3ccccc32)o1.[Rh+]8,20,20,100,2.567973567,0.976,binol type,"['binol type', 'single P type']",tri-sub
9035,C=C(NC(C)=O)C(=O)OC,COC(=O)[C@H](C)NC(C)=O,ClCCl,,Rh,C[C@@H](Op1oc2c(C(C)(C)C)cc(C(C)(C)C)cc2c2cc(C(C)(C)C)cc(C(C)(C)C)c2o1)[C@H]1O[C@@H]2OC(C)(C)O[C@@H]2[C@H]1Op1oc2c(C(C)(C)C)cc(C(C)(C)C)cc2c2cc(C(C)(C)C)cc(C(C)(C)C)c2o1,C[C@@H](Op8->1oc2c(C(C)(C)C)cc(C(C)(C)C)cc2c2cc(C(C)(C)C)cc(C(C)(C)C)c2o1)[C@H]1O[C@@H]2OC(C)(C)O[C@@H]2[C@H]1Op9->1oc2c(C(C)(C)C)cc(C(C)(C)C)cc2c2cc(C(C)(C)C)cc(C(C)(C)C)c2o1.[Rh+]89,5,25,100,0.035539047,0.03,double P type,['double P type'],di-sub
6893,C=C(NC(C)=O)C(=O)OC,COC(=O)[C@H](C)NC(C)=O,ClCCl,,Rh,CC(C)O[C@@H]1COC(c2ccccc2)O[C@H]1[C@@H]1OC(c2ccccc2)OC[C@H]1Op1oc2ccc3ccccc3c2c2c(ccc3ccccc32)o1,CC(C)O[C@@H]1COC(c2ccccc2)O[C@H]1[C@@H]1OC(c2ccccc2)OC[C@H]1Op8->1oc2ccc3ccccc3c2c2c(ccc3ccccc32)o1.[Rh+]8,1.2,20,100,2.251161937,0.959,binol type,"['binol type', 'single P type']",di-sub
6302,COCO/C(=C(\NC(C)=O)c1ccccc1)c1ccccc1,COCO[C@@H](c1ccccc1)[C@H](NC(C)=O)c1ccccc1,Cc1ccccc1,,Rh,C[C@H](C1=C[C@@H]([Fe]C2C=CC=C2)C=C1P(c1ccccc1)c1ccccc1)P(C1CCCCC1)C1CCCCC1,C[C@H](C1=C[C@@H]([Fe]C2C=CC=C2)C=C1P(c1ccccc1)8->c1ccccc1)P(C1CCCCC1)9->C1CCCCC1.[Rh+]89,40,40,100,0.454572122,0.35,ferrocene type,"['ferrocene type', 'double P type']",tetra-sub
8010,C/C=C(\NC(C)=O)C(=O)OC,CC[C@@H](NC(C)=O)C(=O)OC,ClCCl,,Rh,c1ccc(N2CCN(p3oc4ccc5ccccc5c4c4c(ccc5ccccc54)o3)CC2)cc1,c1ccc(N2CCN(p8->3oc4ccc5ccccc5c4c4c(ccc5ccccc54)o3)CC2)cc1.[Rh+]8,5,25,50,2.304501335,0.96,binol type,"['binol type', 'single P type']",tri-sub
11680,CCOC(=O)/C=C(\Sc1ccccc1)c1ccccc1,CCOC(=O)C[C@@H](Sc1ccccc1)c1ccccc1,ClCCl,,Rh,c1ccc(P(c2ccccc2)c2ccc3c(c2-c2c(P(c4ccccc4)c4ccccc4)ccc4c2OCO4)OCO3)cc1,c1ccc(P(c2ccccc2)8->c2ccc3c(c2-c2c(P(c4ccccc4)9->c4ccccc4)ccc4c2OCO4)OCO3)cc1.[Rh+]89,50,30,100,0,0,double P type,['double P type'],tri-sub
4347,COC(=O)/C(=C/c1ccc(Cl)cc1)NC(C)=O,COC(=O)[C@H](Cc1ccc(Cl)cc1)NC(C)=O,CO,,Rh,CC(C)(C)Oc1ccccc1P(CCP(c1ccccc1)c1ccccc1OC(C)(C)C)c1ccccc1,CC(C)(C)Oc1ccccc1P(CCP(c1ccccc1)9->c1ccccc1OC(C)(C)C)8->c1ccccc1.[Rh+]89,1,22,1000,4.455192972,0.999,double P type,['double P type'],tri-sub
1879,COC(=O)/C(=C/c1ccc(Cl)cc1)NC(C)=O,COC(=O)[C@H](Cc1ccc(Cl)cc1)NC(C)=O,ClCCl,,Rh,CC(C)(C)N(N(p1oc2ccc3ccccc3c2c2c(ccc3ccccc32)o1)C(C)(C)C)p1oc2ccc3ccccc3c2c2c(ccc3ccccc32)o1,CC(C)(C)N(N(p8->1oc2ccc3ccccc3c2c2c(ccc3ccccc32)o1)C(C)(C)C)p9->1oc2ccc3ccccc3c2c2c(ccc3ccccc32)o1.[Rh+]89,5,25,100,1.881851867,0.92,binol type,"['binol type', 'double P type']",tri-sub
1426,COC(=O)/C(=C/c1ccc2ccccc2c1)NC(C)=O,COC(=O)[C@@H](Cc1ccc2ccccc2c1)NC(C)=O,CO,,Rh,CP(c1ccccc1P(C)C(C)(C)C)C(C)(C)C,CP(c1ccccc1P(C)9->C(C)(C)C)8->C(C)(C)C.[Rh+]89,5,25,1000,2.519317024,0.972,double P type,['double P type'],tri-sub
2421,CC(=O)N/C(=C\c1ccccc1)C(=O)O,CC(=O)N[C@@H](Cc1ccccc1)C(=O)O,C1CCOC1.CO,,Rh,C[C@H](C1=C(P(c2ccccc2)c2ccccc2)C=C[C@@H]1[Fe]C1C=CC=C1)N(C)P(c1ccc(F)c(F)c1)c1ccc(F)c(F)c1,C[C@H](C1=C(P(c2ccccc2)8->c2ccccc2)C=C[C@@H]1[Fe]C1C=CC=C1)N(C)P(c1ccc(F)c(F)c1)9->c1ccc(F)c(F)c1.[Rh+]89,3,25,3000,2.892794322,0.985,ferrocene type,"['ferrocene type', 'double P type']",tri-sub
12605,O=C1C=C(c2ccccc2)C(=O)O1,O=C1C[C@H](c2ccccc2)C(=O)O1,CCOC(C)=O,,Rh,C[C@H](NC(=S)Nc1cc(C(F)(F)F)cc(C(F)(F)F)c1)C1=C(P(c2ccccc2)c2ccccc2)[C@@H]([Fe][C@H]2C=CC=C2P(c2ccccc2)c2ccccc2)C=C1,C[C@H](NC(=S)Nc1cc(C(F)(F)F)cc(C(F)(F)F)c1)C1=C(P(c2ccccc2)9->c2ccccc2)[C@@H]([Fe][C@H]2C=CC=C2P(c2ccccc2)8->c2ccccc2)C=C1.[Rh+]89,30,25,100,2.304501335,0.96,ferrocene type,"['ferrocene type', 'double P type']",tri-sub
9972,CC(=O)NC1=Cc2ccccc2C1=O,CC(=O)N[C@H]1Cc2ccccc2C1=O,CO,,Rh,CP(CP(C(C)(C)C)C(C)(C)C)C(C)(C)C,CP(CP(C(C)(C)C)9->C(C)(C)C)8->C(C)(C)C.[Rh+]89,3,25,100,2.720952926,0.98,double P type,['double P type'],tri-sub
11718,CCOC(=O)/C=C(/B1OC(C)(C)C(C)(C)O1)c1ccccc1,CCOC(=O)C[C@H](B1OC(C)(C)C(C)(C)O1)c1ccccc1,ClCCl,,Rh,C[C@H](NC(=S)Nc1cc(C(F)(F)F)cc(C(F)(F)F)c1)C1=C(P(c2ccccc2)c2ccccc2)[C@@H]([Fe][C@H]2C=CC=C2P(c2ccccc2)c2ccccc2)C=C1,C[C@H](NC(=S)Nc1cc(C(F)(F)F)cc(C(F)(F)F)c1)C1=C(P(c2ccccc2)9->c2ccccc2)[C@@H]([Fe][C@H]2C=CC=C2P(c2ccccc2)8->c2ccccc2)C=C1.[Rh+]89,50,30,100,1.772772916,0.9,ferrocene type,"['ferrocene type', 'double P type']",tri-sub
11100,CCOC(=O)/C=C(\C#N)c1ccccc1,CCOC(=O)C[C@@H](C#N)c1ccccc1,CO,,Rh,C[C@@H](C1=C(P(c2ccccc2)c2ccccc2)[C@@H]([Fe][C@H]2C=CC=C2P(c2ccccc2)c2ccccc2)C=C1)N(C)C(=S)Nc1cc(C(F)(F)F)cc(C(F)(F)F)c1,C[C@@H](C1=C(P(c2ccccc2)8->c2ccccc2)[C@@H]([Fe][C@H]2C=CC=C2P(c2ccccc2)9->c2ccccc2)C=C1)N(C)C(=S)Nc1cc(C(F)(F)F)cc(C(F)(F)F)c1.[Rh+]89,50,20,100,2.675299354,0.98,ferrocene type,"['ferrocene type', 'double P type']",tri-sub
6494,COC(=O)/C(=C/c1ccccc1)CNC(C)=O,COC(=O)[C@@H](CNC(C)=O)Cc1ccccc1,ClCCl,,Rh,c1ccc(COp2oc3ccc4ccccc4c3c3c(ccc4ccccc43)o2)cc1,c1ccc(COp8->2oc3ccc4ccccc4c3c3c(ccc4ccccc43)o2)cc1.[Rh+]8,49,25,100,1.743519237,0.9,binol type,"['binol type', 'single P type']",tri-sub
4349,COC(=O)/C(=C/c1ccc(-c2ccccc2)cc1)NC(C)=O,COC(=O)[C@H](Cc1ccc(-c2ccccc2)cc1)NC(C)=O,CO,,Rh,CC(C)(C)Oc1ccccc1P(CCP(c1ccccc1)c1ccccc1OC(C)(C)C)c1ccccc1,CC(C)(C)Oc1ccccc1P(CCP(c1ccccc1)9->c1ccccc1OC(C)(C)C)8->c1ccccc1.[Rh+]89,1,22,1000,4.455192972,0.999,double P type,['double P type'],tri-sub
3208,C=C(NC(C)=O)C(=O)OC,COC(=O)[C@@H](C)NC(C)=O,ClCCl,,Rh,CCCCc1ccc(NC(=O)c2ccccc2C(=O)NCc2ccc(COp3oc4ccc5ccccc5c4c4c(ccc5ccccc54)o3)cc2)cc1,CCCCc1ccc(NC(=O)c2ccccc2C(=O)NCc2ccc(COp8->3oc4ccc5ccccc5c4c4c(ccc5ccccc54)o3)cc2)cc1.[Rh+]8,1,25,100,2.720952926,0.98,binol type,"['binol type', 'single P type']",di-sub
11941,COC(=O)/C(=C/C=C/c1cccc(OC)c1)NC(C)=O,COC(=O)[C@@H](C/C=C/c1cccc(OC)c1)NC(C)=O,ClCCl,,Rh,CC(C)(C)P1CCC[C@@H]1[C@H]1CCCP1C(C)(C)C,CC(C)(C)P8->1CCC[C@@H]1[C@H]1CCCP9->1C(C)(C)C.[Rh+]89,1.5,25,3000,3.134375973,0.99,double P type,['double P type'],tri-sub
9648,C=C(NC(C)=O)C(=O)OC,COC(=O)[C@@H](C)NC(C)=O,CC(C)=O,,Rh,c1ccc(P(c2ccccc2)c2cc3ccccc3c3c2op(N2CCCCC2)oc2c(P(c4ccccc4)c4ccccc4)cc4ccccc4c23)cc1,c1ccc(P(c2ccccc2)c2cc3ccccc3c3c2op(N2CCCCC2)9->oc2c(P(c4ccccc4)8->c4ccccc4)cc4ccccc4c23)cc1.[Rh+]89,1,25,100,3.267102947,0.992,binol type,"['binol type', 'double P type']",di-sub
11681,CCOC(=O)/C=C(\Sc1ccccc1)c1ccccc1,CCOC(=O)C[C@@H](Sc1ccccc1)c1ccccc1,ClCCl,,Rh,CC(C)(C)P1Cc2ccccc2C1[C@H]1c2ccccc2CP1C(C)(C)C,CC(C)(C)P8->1Cc2ccccc2C1[C@H]1c2ccccc2CP9->1C(C)(C)C.[Rh+]89,50,30,100,0,0,double P type,['double P type'],tri-sub
6370,CC/C(C)=C(/NC(C)=O)C(=O)OC,CC[C@H](C)[C@@H](NC(C)=O)C(=O)OC,CO,,Rh,CP(CCP(C)C1C=CC=C1)C1C=CC=C1,CP(CCP(C)9->C1C=CC=C1)8->C1C=CC=C1.[Rh+]89,2,25,100,1.929863543,0.926,double P type,['double P type'],tetra-sub
4942,COc1ccc2c(c1)C=C(NC(C)=O)CC2,COc1ccc2c(c1)C[C@H](NC(C)=O)CC2,ClCCl,,Rh,Cc1cc(C(C)(C)C)c2op(OCP(c3ccccc3)c3ccccc3)oc3c(C(C)(C)C)cc(C)c(C)c3c2c1C,Cc1cc(C(C)(C)C)c2op(OCP(c3ccccc3)8->c3ccccc3)9->oc3c(C(C)(C)C)cc(C)c(C)c3c2c1C.[Rh+]89,20,25,100,0.766847977,0.57,double P type,['double P type'],tri-sub
7325,C=C(NC(C)=O)C(=O)OC,COC(=O)[C@@H](C)NC(C)=O,ClCCl,,Rh,C[C@H]1[C@H](Op2oc3ccccc3c3ccccc3o2)C[C@@H]2C[C@H]1C2(C)C,C[C@H]1[C@H](Op8->2oc3ccccc3c3ccccc3o2)C[C@@H]2C[C@H]1C2(C)C.[Rh+]8,1,25,100,0.302480136,0.25,single P type,['single P type'],di-sub
7577,COC(=O)/C(=C/c1ccc2ccccc2c1)NC(C)=O,COC(=O)[C@H](Cc1ccc2ccccc2c1)NC(C)=O,Cc1ccccc1,,Rh,C[C@H](C1=C(P(c2ccccc2)c2ccccc2)C=CC1[Fe]C1C=CC=C1)N(C)P(c1ccccc1)c1ccccc1,C[C@H](C1=C(P(c2ccccc2)8->c2ccccc2)C=CC1[Fe]C1C=CC=C1)N(C)P(c1ccccc1)9->c1ccccc1.[Rh+]89,1,25,2000,2.720952926,0.98,ferrocene type,"['ferrocene type', 'double P type']",tri-sub
9043,COC(=O)/C(=C\c1ccccc1)NC(C)=O,COC(=O)[C@H](Cc1ccccc1)NC(C)=O,ClCCl,,Rh,C[C@@H](Op1oc2c([Si](C)(C)C)cccc2c2cccc([Si](C)(C)C)c2o1)[C@H]1O[C@@H]2OC(C)(C)O[C@@H]2[C@@H]1Op1oc2c([Si](C)(C)C)cccc2c2cccc([Si](C)(C)C)c2o1,C[C@@H](Op8->1oc2c([Si](C)(C)C)cccc2c2cccc([Si](C)(C)C)c2o1)[C@H]1O[C@@H]2OC(C)(C)O[C@@H]2[C@@H]1Op9->1oc2c([Si](C)(C)C)cccc2c2cccc([Si](C)(C)C)c2o1.[Rh+]89,30,25,1000,2.477862753,0.97,double P type,['double P type'],tri-sub
12568,CCOC(=O)/C(NC(C)=O)=C(\OC(C)=O)C1CC1,CCOC(=O)[C@@H](NC(C)=O)[C@H](OC(C)=O)C1CC1,ClCCl,,Rh,CC(C)(C)P1Cc2ccccc2C1[C@H]1c2ccccc2CP1C(C)(C)C,CC(C)(C)P8->1Cc2ccccc2C1[C@H]1c2ccccc2CP9->1C(C)(C)C.[Rh+]89,30,25,50,3.134375973,0.99,double P type,['double P type'],tetra-sub
1771,COC(=O)/C=C(\NC(C)=O)c1ccccc1,COC(=O)C[C@@H](NC(C)=O)c1ccccc1,ClCCl,,Rh,C[C@H](Np1oc2ccc3ccccc3c2c2c(ccc3ccccc32)o1)C1=C[C@H]([Fe]C2C=CC=C2)C=C1P(c1ccccc1)c1ccccc1,C[C@H](Np9->1oc2ccc3ccccc3c2c2c(ccc3ccccc32)o1)C1=C[C@H]([Fe]C2C=CC=C2)C=C1P(c1ccccc1)8->c1ccccc1.[Rh+]89,10,5,1000,2.538338636,0.98,binol type,"['binol type', 'ferrocene type', 'double P type']",tri-sub
9678,CCC/C=C(\NC(C)=O)C(=O)OC,CCCC[C@@H](NC(C)=O)C(=O)OC,CC(C)=O,,Rh,CCN(CC)p1oc2c(P(c3ccccc3)c3ccccc3)cc3ccccc3c2c2c(o1)c(P(c1ccccc1)c1ccccc1)cc1ccccc12,CCN(CC)p8->1oc2c(P(c3ccccc3)9->c3ccccc3)cc3ccccc3c2c2c(o1)c(P(c1ccccc1)c1ccccc1)cc1ccccc12.[Rh+]89,1,25,100,2.854280119,0.984,binol type,"['binol type', 'double P type']",tri-sub
7223,CC(=O)NC1=Cc2ccccc2CC1,CC(=O)N[C@@H]1CCc2ccccc2C1,ClCCl,,Rh,CC(C)[C@H](Np1oc2ccc3ccccc3c2c2c(ccc3ccccc32)o1)C(=O)OC(C)(C)C,CC(C)[C@H](Np8->1oc2ccc3ccccc3c2c2c(ccc3ccccc32)o1)C(=O)OC(C)(C)C.[Rh+]8,10,25,100,0.530192448,0.42,binol type,"['binol type', 'single P type']",tri-sub
2305,COC(=O)/C(=C/c1ccc2ccccc2c1)NC(C)=O,COC(=O)[C@H](Cc1ccc2ccccc2c1)NC(C)=O,C1CCOC1.CO,,Rh,C[C@H](C1=C(P(c2ccccc2)c2ccccc2)C=C[C@@H]1[Fe]C1C=CC=C1)N(CC(C)(C)C)P(c1ccccc1)c1ccccc1,C[C@H](C1=C(P(c2ccccc2)8->c2ccccc2)C=C[C@@H]1[Fe]C1C=CC=C1)N(CC(C)(C)C)P(c1ccccc1)9->c1ccccc1.[Rh+]89,1,25,100,0.613219479,0.476,ferrocene type,"['ferrocene type', 'double P type']",tri-sub
9670,COC(=O)/C(=C/c1ccc(C(F)(F)F)cc1)NC(C)=O,COC(=O)[C@@H](Cc1ccc(C(F)(F)F)cc1)NC(C)=O,CC(C)=O,,Rh,CCN(CC)p1oc2c(P(c3ccccc3)c3ccccc3)cc3ccccc3c2c2c(o1)c(P(c1ccccc1)c1ccccc1)cc1ccccc12,CCN(CC)p8->1oc2c(P(c3ccccc3)9->c3ccccc3)cc3ccccc3c2c2c(o1)c(P(c1ccccc1)c1ccccc1)cc1ccccc12.[Rh+]89,1,25,100,2.519317024,0.972,binol type,"['binol type', 'double P type']",tri-sub
7328,C=C(NC(C)=O)C(=O)OC,COC(=O)C(C)NC(C)=O,ClCCl,,Rh,C[C@H]1[C@H](Op2oc3c(C(C)(C)C)cc(C(C)(C)C)cc3c3cc(C(C)(C)C)cc(C(C)(C)C)c3o2)C[C@@H]2C[C@H]1C2(C)C,C[C@H]1[C@H](Op8->2oc3c(C(C)(C)C)cc(C(C)(C)C)cc3c3cc(C(C)(C)C)cc(C(C)(C)C)c3o2)C[C@@H]2C[C@H]1C2(C)C.[Rh+]8,1,25,100,0,0,single P type,['single P type'],di-sub
5610,COC(=O)/C(=C/c1ccccc1Cl)NC(C)=O,COC(=O)[C@@H](Cc1ccccc1Cl)NC(C)=O,C1CCOC1,,Rh,CCN(CC)p1oc2ccc3ccccc3c2c2c(ccc3ccccc32)o1,CCN(CC)p8->1oc2ccc3ccccc3c2c2c(ccc3ccccc32)o1.[Rh+]8,20,25,100,3.197061601,0.991,binol type,"['binol type', 'single P type']",tri-sub
200,COC(=O)/C(=C\c1ccccc1)NC(C)=O,COC(=O)[C@@H](Cc1ccccc1)NC(C)=O,ClCCl,,Rh,c1ccc(N(N(c2ccccc2)p2oc3ccc4ccccc4c3c3c(ccc4ccccc43)o2)p2oc3ccc4ccccc4c3c3c(ccc4ccccc43)o2)cc1,c1ccc(N(N(c2ccccc2)p8->2oc3ccc4ccccc4c3c3c(ccc4ccccc43)o2)p9->2oc3ccc4ccccc4c3c3c(ccc4ccccc43)o2)cc1.[Rh+]89,5,25,100,1.44621066,0.84,binol type,"['binol type', 'double P type']",tri-sub
9037,C=C(NC(C)=O)C(=O)OC,COC(=O)[C@H](C)NC(C)=O,ClCCl,,Rh,CC(Op1oc2c(C(C)(C)C)cc(C(C)(C)C)cc2c2cc(C(C)(C)C)cc(C(C)(C)C)c2o1)[C@H]1O[C@@H]2OC(C)(C)O[C@H]2C1Op1oc2c(C(C)(C)C)cc(C(C)(C)C)cc2c2cc(C(C)(C)C)cc(C(C)(C)C)c2o1,CC(Op8->1oc2c(C(C)(C)C)cc(C(C)(C)C)cc2c2cc(C(C)(C)C)cc(C(C)(C)C)c2o1)[C@H]1O[C@@H]2OC(C)(C)O[C@H]2C1Op9->1oc2c(C(C)(C)C)cc(C(C)(C)C)cc2c2cc(C(C)(C)C)cc(C(C)(C)C)c2o1.[Rh+]89,5,25,100,1.050673587,0.71,double P type,['double P type'],di-sub
4608,[H]/C=C(/NC(C)=O)C(=O)OC.[H]/C=C(/NC(C)=O)C(=O)OC,COC(=O)[C@@H](C)NC(C)=O,ClCCl,,Rh,c1ccc([C@@H]2CC[C@@H](c3ccccc3)N2p2oc3ccccc3c3ccccc3o2)cc1,c1ccc([C@@H]2CC[C@@H](c3ccccc3)N2p8->2oc3ccccc3c3ccccc3o2)cc1.[Rh+]8,1,60,500,0.17301754,0.13,single P type,['single P type'],di-sub
1827,COC(=O)/C(=C/c1ccc(Cl)cc1)NC(C)=O,COC(=O)[C@@H](Cc1ccc(Cl)cc1)NC(C)=O,ClCCl,,Rh,c1ccc(N(N(c2ccccc2)p2oc3ccc4ccccc4c3c3c(ccc4ccccc43)o2)P(c2ccccc2)c2ccccc2)cc1,c1ccc(N(N(c2ccccc2)p9->2oc3ccc4ccccc4c3c3c(ccc4ccccc43)o2)P(c2ccccc2)8->c2ccccc2)cc1.[Rh+]89,5,25,100,1.629293317,0.88,binol type,"['binol type', 'double P type']",tri-sub
1826,COC(=O)/C(=C/c1ccc(F)cc1)NC(C)=O,COC(=O)[C@@H](Cc1ccc(F)cc1)NC(C)=O,ClCCl,,Rh,c1ccc(N(N(c2ccccc2)p2oc3ccc4ccccc4c3c3c(ccc4ccccc43)o2)P(c2ccccc2)c2ccccc2)cc1,c1ccc(N(N(c2ccccc2)p9->2oc3ccc4ccccc4c3c3c(ccc4ccccc43)o2)P(c2ccccc2)8->c2ccccc2)cc1.[Rh+]89,5,25,100,1.629293317,0.88,binol type,"['binol type', 'double P type']",tri-sub
1573,C=C(NC(C)=O)C(=O)OC,COC(=O)[C@H](C)NC(C)=O,ClCCl,,Rh,C=Cc1ccc(CN(c2ccccc2OC)p2oc3ccc4ccccc4c3c3c(ccc4ccccc43)o2)cc1,C=Cc1ccc(CN(c2ccccc2OC)p8->2oc3ccc4ccccc4c3c3c(ccc4ccccc43)o2)cc1.[Rh+]8,1,25,20,0.460001482,0.37,binol type,"['binol type', 'single P type']",di-sub
3246,COC(=O)/C(=C/c1ccccc1)CNC(C)=O,COC(=O)C(CNC(C)=O)Cc1ccccc1,ClCCl,,Rh,c1ccc(COp2oc3ccc4ccccc4c3c3c(ccc4ccccc43)o2)cc1,c1ccc(COp8->2oc3ccc4ccccc4c3c3c(ccc4ccccc43)o2)cc1.[Rh+]8,49,25,100,1.743519237,0.9,binol type,"['binol type', 'single P type']",tri-sub
11693,CCOC(=O)/C=C(\Sc1ccccc1)c1cccc(F)c1,CCOC(=O)C[C@@H](Sc1ccccc1)c1cccc(F)c1,ClCCl,,Rh,C[C@H](NC(=S)Nc1cc(C(F)(F)F)cc(C(F)(F)F)c1)C1=C(P(c2ccccc2)c2ccccc2)[C@@H]([Fe][C@H]2C=CC=C2P(c2ccccc2)c2ccccc2)C=C1,C[C@H](NC(=S)Nc1cc(C(F)(F)F)cc(C(F)(F)F)c1)C1=C(P(c2ccccc2)9->c2ccccc2)[C@@H]([Fe][C@H]2C=CC=C2P(c2ccccc2)8->c2ccccc2)C=C1.[Rh+]89,50,30,100,3.186966174,0.99,ferrocene type,"['ferrocene type', 'double P type']",tri-sub
7984,COC(=O)/C=C(\NC(C)=O)c1ccccc1,COOCC[C@@H](NC(C)=O)c1ccccc1,Cc1ccccc1,,Rh,CN(C)P1Oc2cccc3c2C2(CC3)CCc3cccc(c32)O1,CN(C)P8->1Oc2cccc3c2C2(CC3)CCc3cccc(c32)O1.[Rh+]8,100,25,50,1.30106392,0.8,single P type,['single P type'],tri-sub
6565,COC(=O)/C(=C/c1ccccc1)CN(C)C(C)=O,COC(=O)C(Cc1ccccc1)CN(C)C(C)=O,ClCCl,,Rh,c1ccc(Op2oc3ccc4ccccc4c3c3c(ccc4ccccc43)o2)cc1,c1ccc(Op8->2oc3ccc4ccccc4c3c3c(ccc4ccccc43)o2)cc1.[Rh+]8,49,25,100,1.809015734,0.91,binol type,"['binol type', 'single P type']",tri-sub
3564,COC(=O)/C(=C/c1cccc(F)c1)NC(C)=O,COC(=O)[C@@H](Cc1cccc(F)c1)NC(C)=O,C1CCOC1,,Rh,COC[C@H](Op1oc2ccc3ccccc3c2c2c(ccc3ccccc32)o1)[C@@H](c1ccccc1)P(c1ccccc1)c1ccccc1,COC[C@H](Op9->1oc2ccc3ccccc3c2c2c(ccc3ccccc32)o1)[C@@H](c1ccccc1)P(c1ccccc1)8->c1ccccc1.[Rh+]89,20,25,100,3.134375973,0.99,binol type,"['binol type', 'double P type']",tri-sub
3565,COC(=O)/C(=C/c1ccccc1F)NC(C)=O,COC(=O)[C@@H](Cc1ccccc1F)NC(C)=O,C1CCOC1,,Rh,COC[C@H](Op1oc2ccc3ccccc3c2c2c(ccc3ccccc32)o1)[C@@H](c1ccccc1)P(c1ccccc1)c1ccccc1,COC[C@H](Op9->1oc2ccc3ccccc3c2c2c(ccc3ccccc32)o1)[C@@H](c1ccccc1)P(c1ccccc1)8->c1ccccc1.[Rh+]89,20,25,100,3.134375973,0.99,binol type,"['binol type', 'double P type']",tri-sub
11928,COC(=O)/C(=C/C=C/c1ccccc1)NC(C)=O,COC(=O)[C@@H](C/C=C/c1ccccc1)NC(C)=O,CO,,Rh,C[C@H]1CC[C@H](C)P1c1ccccc1P1[C@@H](C)CC[C@@H]1C,C[C@H]1CC[C@H](C)P8->1c1ccccc1P9->1[C@@H](C)CC[C@@H]1C.[Rh+]89,1.5,25,100,2.587323575,0.975,double P type,['double P type'],tri-sub
1362,C=C(NC(C)=O)C(=O)OC,COC(=O)[C@H](C)NC(C)=O,ClCCl,,Rh,CC[C@H](CCN1[C]N(c2c(C)cc(C)cc2C)C=C1)P(c1ccccc1)c1ccccc1,CC[C@H](CCN1[C]N(c2c(C)cc(C)cc2C)C=C1)P(c1ccccc1)8->c1ccccc1.[Rh+]8,39,25,50,0.203301296,0.17,others,['others'],di-sub
5617,COC(=O)/C(=C/c1ccc(Br)cc1)NC(=O)c1ccccc1,COC(=O)[C@@H](Cc1ccc(Br)cc1)NC(=O)c1ccccc1,C1CCOC1,,Rh,CCN(CC)p1oc2ccc3ccccc3c2c2c(ccc3ccccc32)o1,CCN(CC)p8->1oc2ccc3ccccc3c2c2c(ccc3ccccc32)o1.[Rh+]8,20,25,100,3.849375327,0.997,binol type,"['binol type', 'single P type']",tri-sub
11112,COC(=O)/C=C(\C#N)c1ccc(F)cc1,COC(=O)C[C@@H](C#N)c1ccc(F)cc1,CO,,Rh,C[C@@H](C1=C(P(c2ccccc2)c2ccccc2)[C@@H]([Fe][C@H]2C=CC=C2P(c2ccccc2)c2ccccc2)C=C1)N(C)C(=S)Nc1cc(C(F)(F)F)cc(C(F)(F)F)c1,C[C@@H](C1=C(P(c2ccccc2)8->c2ccccc2)[C@@H]([Fe][C@H]2C=CC=C2P(c2ccccc2)9->c2ccccc2)C=C1)N(C)C(=S)Nc1cc(C(F)(F)F)cc(C(F)(F)F)c1.[Rh+]89,50,20,100,2.436287875,0.97,ferrocene type,"['ferrocene type', 'double P type']",tri-sub
2050,[H]/C=C(\NC(C)=O)C(=O)OC,COC(=O)[C@@H](C)NC(C)=O,ClCCl,,Rh,CN(CCN(C)p1oc2ccc3ccccc3c2c2c(ccc3ccccc32)o1)p1oc2ccc3ccccc3c2c2c(ccc3ccccc32)o1,CN(CCN(C)p8->1oc2ccc3ccccc3c2c2c(ccc3ccccc32)o1)p9->1oc2ccc3ccccc3c2c2c(ccc3ccccc32)o1.[Rh+]89,1.3,22,1000,1.287965961,0.8,binol type,"['binol type', 'double P type']",di-sub
1631,C=C(NC(C)=O)C(=O)OC,COC(=O)[C@@H](C)NC(C)=O,ClCCl,,Rh,c1cnc2c(Np3oc4ccc5ccccc5c4c4c(ccc5ccccc54)o3)cccc2c1,c1cn9->c2c(Np8->3oc4ccc5ccccc5c4c4c(ccc5ccccc54)o3)cccc2c1.[Rh+]89,1,25,20,1.44621066,0.84,binol type,"['binol type', 'P,N type']",di-sub
6351,COC(=O)C(NC(C)=O)=C1CCCC1,COC(=O)[C@H](NC(C)=O)C1CCCC1,CO,,Rh,CP(CCP(C)C(C)(C)C)C(C)(C)C,CP(CCP(C)9->C(C)(C)C)8->C(C)(C)C.[Rh+]89,2,25,100,0.171729869,0.144,double P type,['double P type'],tetra-sub
1770,COC(=O)/C=C(\NC(C)=O)c1cccc(OC)c1,COC(=O)C[C@@H](NC(C)=O)c1cccc(OC)c1,ClCCl,,Rh,C[C@H](Np1oc2ccc3ccccc3c2c2c(ccc3ccccc32)o1)C1=C[C@H]([Fe]C2C=CC=C2)C=C1P(c1ccccc1)c1ccccc1,C[C@H](Np9->1oc2ccc3ccccc3c2c2c(ccc3ccccc32)o1)C1=C[C@H]([Fe]C2C=CC=C2)C=C1P(c1ccccc1)8->c1ccccc1.[Rh+]89,10,5,100,2.538338636,0.98,binol type,"['binol type', 'ferrocene type', 'double P type']",tri-sub
1824,COC(=O)/C(=C/c1ccc(Cl)cc1)NC(C)=O,COC(=O)[C@H](Cc1ccc(Cl)cc1)NC(C)=O,ClCCl,,Rh,c1ccc(N(N(c2ccccc2)p2oc3ccc4ccccc4c3c3c(ccc4ccccc43)o2)P(c2ccccc2)c2ccccc2)cc1,c1ccc(N(N(c2ccccc2)p9->2oc3ccc4ccccc4c3c3c(ccc4ccccc43)o2)P(c2ccccc2)8->c2ccccc2)cc1.[Rh+]89,5,25,100,1.68395754,0.89,binol type,"['binol type', 'double P type']",tri-sub
5607,COC(=O)/C(=C/c1ccc(Br)cc1)NC(C)=O,COC(=O)[C@@H](Cc1ccc(Br)cc1)NC(C)=O,C1CCOC1,,Rh,CCN(CC)p1oc2ccc3ccccc3c2c2c(ccc3ccccc32)o1,CCN(CC)p8->1oc2ccc3ccccc3c2c2c(ccc3ccccc32)o1.[Rh+]8,20,25,100,3.197061601,0.991,binol type,"['binol type', 'single P type']",tri-sub
2338,CC(=O)N/C(=C\c1ccccc1)C(=O)O,CC(=O)N[C@@H](Cc1ccccc1)C(=O)O,C1CCOC1.CO,,Rh,C[C@H](C1=C(P(c2ccccc2)c2ccccc2)C=C[C@@H]1[Fe]C1C=CC=C1)N([C@H](C)c1ccccc1)P(c1ccccc1)c1ccccc1,C[C@H](C1=C(P(c2ccccc2)8->c2ccccc2)C=C[C@@H]1[Fe]C1C=CC=C1)N([C@H](C)c1ccccc1)P(c1ccccc1)9->c1ccccc1.[Rh+]89,1,25,100,1.531681473,0.86,ferrocene type,"['ferrocene type', 'double P type']",tri-sub
5362,CC(=O)NC1=Cc2ccccc2CC1,CC(=O)NC1CCc2ccccc2C1,ClCCl,,Rh,O=C(NCCP1Cc2ccc3ccccc3c2-c2c(ccc3ccccc23)C1)Nc1ccccc1,O=C(NCCP8->1Cc2ccc3ccccc3c2-c2c(ccc3ccccc23)C1)Nc1ccccc1.[Rh+]8,39,25,100,0.75811355,0.565,binol type,"['binol type', 'single P type']",tri-sub
12348,CCCCC/C=C(\NC(C)=O)C(=O)OC,CCCCCC[C@H](NC(C)=O)C(=O)OC,CO,,Rh,c1ccc(P(c2ccccc2)c2ccc3ccccc3c2-c2c(P(c3ccccc3)c3ccccc3)ccc3ccccc23)cc1,c1ccc(P(c2ccccc2)8->c2ccc3ccccc3c2-c2c(P(c3ccccc3)9->c3ccccc3)ccc3ccccc23)cc1.[Rh+]89,7,25,100,0.111651896,0.094,double P type,['double P type'],tri-sub
11238,CC(=O)N/C(C#N)=C/c1ccccc1,CC(=O)NC(C#N)Cc1ccccc1,CO,,Rh,c1ccc(P(c2ccccc2)c2ccc3ccccc3c2-c2c(P(c3ccccc3)c3ccccc3)ccc3ccccc23)cc1,c1ccc(P(c2ccccc2)8->c2ccc3ccccc3c2-c2c(P(c3ccccc3)9->c3ccccc3)ccc3ccccc23)cc1.[Rh+]89,30,25,100,0,0,double P type,['double P type'],tri-sub
4115,COC(=O)/C(=C/c1ccc(-c2ccccc2)c(F)c1)NC(C)=O,COC(=O)[C@@H](Cc1ccc(-c2ccccc2)c(F)c1)NC(C)=O,ClCCl,,Rh,CN(C)p1oc2ccc3ccccc3c2c2c(ccc3ccccc32)o1,CN(C)p8->1oc2ccc3ccccc3c2c2c(ccc3ccccc32)o1.[Rh+]8,5,25,100,3.134375973,0.99,binol type,"['binol type', 'single P type']",tri-sub
11230,CC(=O)N/C(C#N)=C\c1ccccc1,CC(=O)NC(C#N)Cc1ccccc1,CO,,Rh,c1ccc(P(c2ccccc2)c2ccc3c(c2-c2c(P(c4ccccc4)c4ccccc4)ccc4c2OCO4)OCO3)cc1,c1ccc(P(c2ccccc2)8->c2ccc3c(c2-c2c(P(c4ccccc4)9->c4ccccc4)ccc4c2OCO4)OCO3)cc1.[Rh+]89,30,25,100,0,0,double P type,['double P type'],tri-sub
4108,COC(=O)/C(=C/c1ccc(Cl)cc1)NC(C)=O,COC(=O)[C@@H](Cc1ccc(Cl)cc1)NC(C)=O,ClCCl,,Rh,CN(C)p1oc2ccc3ccccc3c2c2c(ccc3ccccc32)o1,CN(C)p8->1oc2ccc3ccccc3c2c2c(ccc3ccccc32)o1.[Rh+]8,5,25,100,2.477862753,0.97,binol type,"['binol type', 'single P type']",tri-sub
5280,C=C(NC(C)=O)C(=O)OC,COC(=O)[C@H](C)NC(C)=O,ClCCl,,Rh,COc1cc(C(C)(C)C)c2op(NC[C@H]3OC4OC(C)(C)O[C@@H]4[C@H]3Op3oc4c(C(C)(C)C)cc(OC)cc4c4cc(OC)cc(C(C)(C)C)c4o3)oc3c(C(C)(C)C)cc(OC)cc3c2c1,COc1cc(C(C)(C)C)c2op(NC[C@H]3OC4OC(C)(C)O[C@@H]4[C@H]3Op9->3oc4c(C(C)(C)C)cc(OC)cc4c4cc(OC)cc(C(C)(C)C)c4o3)8->oc3c(C(C)(C)C)cc(OC)cc3c2c1.[Rh+]89,5,25,100,1.369995111,0.82,double P type,['double P type'],di-sub
5191,CC(=O)N/C(=C\c1ccccc1)C(=O)O,CC(=O)N[C@H](Cc1ccccc1)C(=O)O,ClCCl,,Rh,CN(C)p1oc2ccc3ccccc3c2c2c(ccc3ccccc32)o1,CN(C)p8->1oc2ccc3ccccc3c2c2c(ccc3ccccc32)o1.[Rh+]8,15,25,500,2.477862753,0.97,binol type,"['binol type', 'single P type']",tri-sub
4097,CC(=O)N/C(=C\c1ccccc1)C(=O)O,CC(=O)N[C@H](Cc1ccccc1)C(=O)O,ClCCl,,Rh,CN(C)p1oc2ccc3ccccc3c2c2c(ccc3ccccc32)o1,CN(C)p8->1oc2ccc3ccccc3c2c2c(ccc3ccccc32)o1.[Rh+]8,5,25,1000,2.477862753,0.97,binol type,"['binol type', 'single P type']",tri-sub
213,COC(=O)/C(=C\c1ccc(F)cc1)NC(C)=O,COC(=O)[C@H](Cc1ccc(F)cc1)NC(C)=O,ClCCl,,Rh,c1ccc(OP(Oc2ccccc2)N(c2ccccc2)N(c2ccccc2)p2oc3ccc4ccccc4c3c3c(ccc4ccccc43)o2)cc1,c1ccc(OP(Oc2ccccc2)8->N(c2ccccc2)N(c2ccccc2)p9->2oc3ccc4ccccc4c3c3c(ccc4ccccc43)o2)cc1.[Rh+]89,5,25,100,1.68395754,0.89,binol type,"['binol type', 'double P type']",tri-sub
4337,COC(=O)C(NC(C)=O)=C(C)C,COC(=O)[C@@H](NC(C)=O)C(C)C,CO,F[B-](F)(F)F.[H+],Rh,CC(C)(C)Oc1ccccc1P(CCP(c1ccccc1)c1ccccc1OC(C)(C)C)c1ccccc1,CC(C)(C)Oc1ccccc1P(CCP(c1ccccc1)9->c1ccccc1OC(C)(C)C)8->c1ccccc1.[Rh+]89,3,22,1000,3.510600839,0.995,double P type,['double P type'],tetra-sub
4599,[H]/C=C(/NC(C)=O)C(=O)OC.[H]/C=C(/NC(C)=O)C(=O)OC,COC(=O)[C@@H](C)NC(C)=O,ClCCl,,Rh,C[C@H]1C(Op2oc3c(C(C)(C)C)cc(C(C)(C)C)cc3c3cc(C(C)(C)C)cc(C(C)(C)C)c3o2)C[C@@H]2C[C@H]1C2(C)C,C[C@H]1C(Op8->2oc3c(C(C)(C)C)cc(C(C)(C)C)cc3c3cc(C(C)(C)C)cc(C(C)(C)C)c3o2)C[C@@H]2C[C@H]1C2(C)C.[Rh+]8,1,60,500,0,0,single P type,['single P type'],di-sub
1626,COC(=O)/C(=C/c1ccc(F)cc1)NC(C)=O,COC(=O)[C@@H](Cc1ccc(F)cc1)NC(C)=O,ClCCl,,Rh,COC(=O)[C@@H](C)N(C)p1oc2ccc3ccccc3c2c2c(ccc3ccccc32)o1,COC(=O)[C@@H](C)N(C)p8->1oc2ccc3ccccc3c2c2c(ccc3ccccc32)o1.[Rh+]8,5,25,100,1.179797016,0.76,binol type,"['binol type', 'single P type']",tri-sub
5209,COC(=O)/C(=C/c1ccc(-c2ccccc2)cc1)NC(C)=O,COC(=O)[C@@H](Cc1ccc(-c2ccccc2)cc1)NC(C)=O,ClCCl,,Rh,CN(C)p1oc2ccc3ccccc3c2c2c(ccc3ccccc32)o1,CN(C)p8->1oc2ccc3ccccc3c2c2c(ccc3ccccc32)o1.[Rh+]8,5,25,100,2.169340323,0.95,binol type,"['binol type', 'single P type']",tri-sub
12355,CCCCC/C=C(\NC(C)=O)C(=O)OC,CCCCCC[C@@H](NC(C)=O)C(=O)OC,CCOC(C)=O,,Rh,CC(C)(C)P1Cc2ccccc2C1[C@H]1c2ccccc2CP1C(C)(C)C,CC(C)(C)P8->1Cc2ccccc2C1[C@H]1c2ccccc2CP9->1C(C)(C)C.[Rh+]89,7,25,100,3.134375973,0.99,double P type,['double P type'],tri-sub
3671,COC(=O)/C(=C/c1ccc(Br)cc1)NC(C)=O,COC(=O)[C@H](Cc1ccc(Br)cc1)NC(C)=O,ClCCl,,Rh,CN(Cc1cc(OCc2ccccc2)cc(OCc2ccccc2)c1)p1oc2ccc3ccccc3c2c2c(ccc3ccccc32)o1,CN(Cc1cc(OCc2ccccc2)cc(OCc2ccccc2)c1)p8->1oc2ccc3ccccc3c2c2c(ccc3ccccc32)o1.[Rh+]8,20,20,100,2.543912106,0.975,binol type,"['binol type', 'single P type']",tri-sub
7574,CC(=O)N/C(=C\c1ccc(F)c(Br)c1)C(=O)O,CC(=O)N[C@@H](Cc1ccc(F)c(Br)c1)C(=O)O,CO,,Rh,C[C@H](C1=C(P(c2ccccc2)c2ccccc2)C=CC1[Fe]C1C=CC=C1)N(C)P(c1ccccc1)c1ccccc1,C[C@H](C1=C(P(c2ccccc2)8->c2ccccc2)C=CC1[Fe]C1C=CC=C1)N(C)P(c1ccccc1)9->c1ccccc1.[Rh+]89,2,25,666.6666667,2.058336063,0.94,ferrocene type,"['ferrocene type', 'double P type']",tri-sub
5630,COC(=O)/C(=C/c1ccc(F)cc1)NC(C)=O,COC(=O)[C@@H](Cc1ccc(F)cc1)NC(C)=O,CO,,Rh,CC(C)(C)P1CCC[C@@H]1[C@H]1CCCP1C(C)(C)C,CC(C)(C)P8->1CCC[C@@H]1[C@H]1CCCP9->1C(C)(C)C.[Rh+]89,1,25,100,3.134375973,0.99,double P type,['double P type'],tri-sub
11239,CC(=O)N/C(C#N)=C\c1ccccc1,CC(=O)N[C@H](C#N)Cc1ccccc1,CO,,Rh,C[C@H]1CC[C@H](C)P1c1ccccc1P1[C@@H](C)CC[C@@H]1C,C[C@H]1CC[C@H](C)P8->1c1ccccc1P9->1[C@@H](C)CC[C@@H]1C.[Rh+]89,30,25,100,2.720952926,0.98,double P type,['double P type'],tri-sub
1543,CC(=O)NC1=Cc2ccccc2CC1,CC(=O)N[C@H]1CCc2ccccc2C1,ClCCl,,Rh,c1ccc2c(c1)ccc1op(N3CCOCC3)oc3ccc4ccccc4c3c12,c1ccc2c(c1)ccc1op(N3CCOCC3)8->oc3ccc4ccccc4c3c12.[Rh+]8,25,25,50,0.154832513,0.13,binol type,"['binol type', 'single P type']",tri-sub
1877,COC(=O)/C(=C/c1ccc(F)cc1)NC(C)=O,COC(=O)[C@H](Cc1ccc(F)cc1)NC(C)=O,ClCCl,,Rh,CC(C)(C)N(N(p1oc2ccc3ccccc3c2c2c(ccc3ccccc32)o1)C(C)(C)C)p1oc2ccc3ccccc3c2c2c(ccc3ccccc32)o1,CC(C)(C)N(N(p8->1oc2ccc3ccccc3c2c2c(ccc3ccccc32)o1)C(C)(C)C)p9->1oc2ccc3ccccc3c2c2c(ccc3ccccc32)o1.[Rh+]89,1,25,100,2.169340323,0.95,binol type,"['binol type', 'double P type']",tri-sub
12120,CC(=O)N/C(=C\c1ccccc1)C(F)(F)F,CC(=O)N[C@@H](Cc1ccccc1)C(F)(F)F,CO,,Rh,CC(C)(C)P1CCC[C@@H]1[C@H]1CCCP1C(C)(C)C,CC(C)(C)P8->1CCC[C@@H]1[C@H]1CCCP9->1C(C)(C)C.[Rh+]89,5,25,100,3.134375973,0.99,double P type,['double P type'],tri-sub
9613,CC(=O)NC1=Cc2ccccc2CC1,CC(=O)N[C@H]1CCc2ccccc2C1,ClCCl,,Rh,Cc1cc(C(C)(C)C)c2op(O[C@H](C)CP(c3ccccc3)c3ccccc3)oc3c(C(C)(C)C)cc(C)c(C)c3c2c1C,Cc1cc(C(C)(C)C)c2op(O[C@H](C)CP(c3ccccc3)8->c3ccccc3)9->oc3c(C(C)(C)C)cc(C)c(C)c3c2c1C.[Rh+]89,20,25,100,1.152250667,0.75,double P type,['double P type'],tri-sub
185,COC(=O)/C(=C\c1ccccc1)NC(C)=O,COC(=O)[C@@H](Cc1ccccc1)NC(C)=O,ClCCl,,Rh,CC(C)(C)N(N(p1oc2ccc3ccccc3c2c2c(ccc3ccccc32)o1)C(C)(C)C)p1oc2ccc3ccccc3c2c2c(ccc3ccccc32)o1,CC(C)(C)N(N(p8->1oc2ccc3ccccc3c2c2c(ccc3ccccc32)o1)C(C)(C)C)p9->1oc2ccc3ccccc3c2c2c(ccc3ccccc32)o1.[Rh+]89,5,25,100,1.809015734,0.91,binol type,"['binol type', 'double P type']",tri-sub
7208,CC(=O)NC1=Cc2ccccc2CC1,CC(=O)N[C@@H]1CCc2ccccc2C1,ClCCl,,Rh,COC(=O)[C@@H](Np1oc2ccc3ccccc3c2c2c(ccc3ccccc32)o1)C(C)C,COC(=O)[C@@H](Np8->1oc2ccc3ccccc3c2c2c(ccc3ccccc32)o1)C(C)C.[Rh+]8,10,25,100,0.619359515,0.48,binol type,"['binol type', 'single P type']",tri-sub
11929,COC(=O)/C(=C/C=C/c1ccccc1)NC(C)=O,COC(=O)[C@@H](C/C=C/c1ccccc1)NC(C)=O,CO,,Rh,CC[C@H]1CC[C@H](CC)P1c1ccccc1P1[C@@H](CC)CC[C@@H]1CC,CC[C@H]1CC[C@H](CC)P8->1c1ccccc1P9->1[C@@H](CC)CC[C@@H]1CC.[Rh+]89,1.5,25,100,2.335478047,0.962,double P type,['double P type'],tri-sub
8206,COC(=O)/C(=C/c1ccc(F)cc1)NC(C)=O,COC(=O)[C@H](Cc1ccc(F)cc1)NC(C)=O,ClCCl,,Rh,CN(C)P1Oc2cccc3c2C2(c4ccccc4O3)c3ccccc3Oc3cccc(c32)O1,CN(C)P8->1Oc2cccc3c2C2(c4ccccc4O3)c3ccccc3Oc3cccc(c32)O1.[Rh+]8,2,25,100,4.500500019,0.999,single P type,['single P type'],tri-sub
12566,COC(=O)/C(NC(C)=O)=C(\OC(C)=O)c1ccc(OC)c(OC)c1,COC(=O)[C@@H](NC(C)=O)[C@H](OC(C)=O)c1ccc(OC)c(OC)c1,ClCCl,,Rh,CC(C)(C)P1Cc2ccccc2C1[C@H]1c2ccccc2CP1C(C)(C)C,CC(C)(C)P8->1Cc2ccccc2C1[C@H]1c2ccccc2CP9->1C(C)(C)C.[Rh+]89,30,25,50,3.134375973,0.99,double P type,['double P type'],tetra-sub
8930,COC(=O)/C(=C/c1ccccc1Cl)NC(C)=O,COC(=O)[C@@H](Cc1ccccc1Cl)NC(C)=O,ClCCl,,Rh,C[C@H](C1=C[C@H]([Fe]C2C=CC=C2)C=C1)N(C)p1oc2ccc3ccccc3c2c2c(ccc3ccccc32)o1,C[C@H](C1=C[C@H]([Fe]C2C=CC=C2)C=C1)N(C)p8->1oc2ccc3ccccc3c2c2c(ccc3ccccc32)o1.[Rh+]8,10,25,100,2.477862753,0.97,binol type,"['binol type', 'ferrocene type', 'single P type']",tri-sub
2312,COC(=O)/C(=C/c1ccc2ccccc2c1)NC(C)=O,COC(=O)[C@H](Cc1ccc2ccccc2c1)NC(C)=O,C1CCOC1.CO,,Rh,C[C@H](C1=C(P(c2ccccc2)c2ccccc2)C=C[C@@H]1[Fe]C1C=CC=C1)N(P(c1ccccc1)c1ccccc1)C(C)(C)C,C[C@H](C1=C(P(c2ccccc2)8->c2ccccc2)C=C[C@@H]1[Fe]C1C=CC=C1)N(P(c1ccccc1)9->c1ccccc1)C(C)(C)C.[Rh+]89,1,25,100,0.766847977,0.57,ferrocene type,"['ferrocene type', 'double P type']",tri-sub
5200,COC(=O)/C(=C/c1cccc(F)c1)NC(C)=O,COC(=O)[C@@H](Cc1cccc(F)c1)NC(C)=O,ClCCl,,Rh,CN(C)p1oc2ccc3ccccc3c2c2c(ccc3ccccc32)o1,CN(C)p8->1oc2ccc3ccccc3c2c2c(ccc3ccccc32)o1.[Rh+]8,5,25,100,2.169340323,0.95,binol type,"['binol type', 'single P type']",tri-sub
9448,C=C(NC(C)=O)C(=O)OC,COC(=O)[C@@H](C)NC(C)=O,ClCCl,,Rh,C[C@H]1[C@@H](Op2oc3ccccc3c3ccccc3o2)C[C@@H]2C[C@H]1C2(C)C,C[C@H]1[C@@H](Op8->2oc3ccccc3c3ccccc3o2)C[C@@H]2C[C@H]1C2(C)C.[Rh+]8,1,25,100,0.302480136,0.25,single P type,['single P type'],di-sub
9988,CC(=O)NC1=Cc2c(F)cccc2C1=O,CC(=O)N[C@H]1Cc2c(F)cccc2C1=O,CCOC(C)=O,,Rh,CP(CP(C(C)(C)C)C(C)(C)C)C(C)(C)C,CP(CP(C(C)(C)C)9->C(C)(C)C)8->C(C)(C)C.[Rh+]89,3,25,100,2.720952926,0.98,double P type,['double P type'],tri-sub
1500,COC(=O)/C(=C/c1c(C)cc(OC(C)=O)cc1C)NC(C)=O,COC(=O)[C@H](Cc1c(C)cc(OC(C)=O)cc1C)NC(C)=O,CO,,Rh,CP(c1cc2c(cc1P(C)C(C)(C)C)OCO2)C(C)(C)C,CP(c1cc2c(cc1P(C)9->C(C)(C)C)OCO2)8->C(C)(C)C.[Rh+]89,20,25,200,0.732336261,0.55,double P type,['double P type'],tri-sub
11132,COC(=O)/C=C(\C#N)c1ccc2ccccc2c1,COC(=O)C[C@@H](C#N)c1ccc2ccccc2c1,CO,,Rh,C[C@H](NC(=S)Nc1cc(C(F)(F)F)cc(C(F)(F)F)c1)C1=C(P(c2ccccc2)c2ccccc2)[C@@H]([Fe][C@H]2C=CC=C2P(c2ccccc2)c2ccccc2)C=C1,C[C@H](NC(=S)Nc1cc(C(F)(F)F)cc(C(F)(F)F)c1)C1=C(P(c2ccccc2)9->c2ccccc2)[C@@H]([Fe][C@H]2C=CC=C2P(c2ccccc2)8->c2ccccc2)C=C1.[Rh+]89,50,35,100,1.58308018,0.86,ferrocene type,"['ferrocene type', 'double P type']",tri-sub
6306,COCO/C(=C(\NC(C)=O)c1ccccc1)c1ccccc1,COCO[C@@H](c1ccccc1)[C@H](NC(C)=O)c1ccccc1,CC(C)O,,Rh,C[C@H](C1=C[C@@H]([Fe]C2C=CC=C2)C=C1P(c1ccccc1)c1ccccc1)P(C1CCCCC1)C1CCCCC1,C[C@H](C1=C[C@@H]([Fe]C2C=CC=C2)C=C1P(c1ccccc1)8->c1ccccc1)P(C1CCCCC1)9->C1CCCCC1.[Rh+]89,40,40,100,1.608779534,0.86,ferrocene type,"['ferrocene type', 'double P type']",tetra-sub
280,C=C(NC(C)=O)C(=O)OC,COC(=O)[C@H](C)NC(C)=O,ClCCl,,Rh,CC(C)Op1oc2cccc3c2c2c(cccc2o1)O[C@H](C)CO3,CC(C)Op8->1oc2cccc3c2c2c(cccc2o1)O[C@H](C)CO3.[Rh+]8,6,25,50,1.963997164,0.93,single P type,['single P type'],di-sub
4336,CCOC(=O)/C(=C/Cc1ccccc1)NC(C)=O,CCOC(=O)[C@H](CCc1ccccc1)NC(C)=O,CO,,Rh,CC(C)(C)Oc1ccccc1P(CCP(c1ccccc1)c1ccccc1OC(C)(C)C)c1ccccc1,CC(C)(C)Oc1ccccc1P(CCP(c1ccccc1)9->c1ccccc1OC(C)(C)C)8->c1ccccc1.[Rh+]89,1,22,1000,3.510600839,0.995,double P type,['double P type'],tri-sub
6126,C=C(NC(C)=O)C(=O)OC,COC(=O)[C@@H](C)NC(C)=O,ClCCl,,Rh,c1cnc2c(Np3oc4ccc5ccccc5c4c4c(ccc5ccccc54)o3)cccc2c1,c1cn9->c2c(Np8->3oc4ccc5ccccc5c4c4c(ccc5ccccc54)o3)cccc2c1.[Rh+]89,1,25,20,1.004216547,0.69,binol type,"['binol type', 'P,N type']",di-sub
11293,COC(=O)/C(NC(C)=O)=C(/c1ccccc1)c1cn(C(=O)OC(C)(C)C)c2ncccc12,COC(=O)[C@@H](NC(C)=O)[C@@H](c1ccccc1)c1cn(C(=O)OC(C)(C)C)c2ncccc12,CO,,Rh,C[C@H](C1=C[C@@H]([Fe]C2C=CC=C2)C=C1P(c1ccc(F)cc1)c1ccc(F)cc1)P(C(C)(C)C)C(C)(C)C,C[C@H](C1=C[C@@H]([Fe]C2C=CC=C2)C=C1P(c1ccc(F)cc1)8->c1ccc(F)cc1)P(C(C)(C)C)9->C(C)(C)C.[Rh+]89,34,40,5,2.161943583,0.94,ferrocene type,"['ferrocene type', 'double P type']",tetra-sub
9657,COC(=O)/C(=C/c1ccc(Cl)cc1)NC(C)=O,COC(=O)[C@@H](Cc1ccc(Cl)cc1)NC(C)=O,CC(C)=O,,Rh,CN(C)p1oc2c(P(c3ccccc3)c3ccccc3)cc3ccccc3c2c2c(o1)c(P(c1ccccc1)c1ccccc1)cc1ccccc12,CN(C)p9->1oc2c(P(c3ccccc3)c3ccccc3)cc3ccccc3c2c2c(o1)c(P(c1ccccc1)8->c1ccccc1)cc1ccccc12.[Rh+]89,1,25,100,2.56379954,0.974,binol type,"['binol type', 'double P type']",tri-sub
11601,CCOC(=O)/C(OC(C)=O)=C(\NC(C)=O)c1ccccc1,CCOC(=O)[C@H](OC(C)=O)[C@@H](NC(C)=O)c1ccccc1,ClCCl,,Rh,c1ccc(P(c2ccccc2)c2cccc3c2-c2c(cccc2P(c2ccccc2)c2ccccc2)OCCCO3)cc1,c1ccc(P(c2ccccc2)8->c2cccc3c2-c2c(cccc2P(c2ccccc2)9->c2ccccc2)OCCCO3)cc1.[Rh+]89,30,25,100,0.340695957,0.28,double P type,['double P type'],tetra-sub
12134,CC(=O)N/C(=C\c1ccc(Cl)cc1)C(F)(F)F,CC(=O)N[C@@H](Cc1ccc(Cl)cc1)C(F)(F)F,CO,,Rh,CC(C)(C)P1Cc2ccccc2[C@H]1[C@@H]1c2ccccc2CP1C(C)(C)C,CC(C)(C)P8->1Cc2ccccc2[C@H]1[C@@H]1c2ccccc2CP9->1C(C)(C)C.[Rh+]89,5,25,100,3.134375973,0.99,double P type,['double P type'],tri-sub
3830,CC(=O)N/C(=C\c1ccccc1)C(=O)O,CC(=O)N[C@@H](Cc1ccccc1)C(=O)O,CO,,Rh,C1=CC([Fe][C@H]2C=CC(P(c3ccccc3)c3ccccc3)=C2CP(c2ccccc2)c2ccccc2)C=C1,C1=CC([Fe][C@H]2C=CC(P(c3ccccc3)8->c3ccccc3)=C2CP(c2ccccc2)9->c2ccccc2)C=C1.[Rh+]89,5,25,100,1.208353162,0.77,ferrocene type,"['ferrocene type', 'double P type']",tri-sub
1839,CC(=O)N/C(=C\c1ccccc1)C(=O)O,CC(=O)N[C@H](Cc1ccccc1)C(=O)O,C1CCOC1,,Rh,c1ccc2c(c1)ccc1op(OC[C@@H]3CCCN3p3oc4ccc5ccccc5c4c4c(ccc5ccccc54)o3)oc3ccc4ccccc4c3c12,c1ccc2c(c1)ccc1op(OC[C@@H]3CCCN3p9->3oc4ccc5ccccc5c4c4c(ccc5ccccc54)o3)8->oc3ccc4ccccc4c3c12.[Rh+]89,100,25,100,0.960146395,0.67,binol type,"['binol type', 'double P type']",tri-sub
6366,COC(=O)C(NC(C)=O)=C1CCCCC1,COC(=O)[C@H](NC(C)=O)C1CCCCC1,CO,,Rh,CP(CCP(C)C(C)(C)C)C1CCCCC1,CP(CCP(C)9->C(C)(C)C)8->C1CCCCC1.[Rh+]89,2,25,100,1.522645135,0.858,double P type,['double P type'],tetra-sub
1714,COC(=O)/C(=C/c1ccc(Cl)cc1)NC(C)=O,COC(=O)[C@H](Cc1ccc(Cl)cc1)NC(C)=O,ClCCl,,Rh,c1ccc2c3c(ccc2c1)CN(p1oc2ccc4ccccc4c2c2c(ccc4ccccc42)o1)Cc1ccc2ccccc2c1-3,c1ccc2c3c(ccc2c1)CN(p8->1oc2ccc4ccccc4c2c2c(ccc4ccccc42)o1)Cc1ccc2ccccc2c1-3.[Rh+]8,5,25,20,1.334717277,0.81,binol type,"['binol type', 'single P type']",tri-sub
11724,CCOC(=O)/C=C(/B1OC(C)(C)C(C)(C)O1)c1ccccc1,CCOC(=O)C[C@H](B1OC(C)(C)C(C)(C)O1)c1ccccc1,ClCCl,,Rh,c1ccc(P(c2ccccc2)c2ccc3c(c2-c2c(P(c4ccccc4)c4ccccc4)ccc4c2OCO4)OCO3)cc1,c1ccc(P(c2ccccc2)8->c2ccc3c(c2-c2c(P(c4ccccc4)9->c4ccccc4)ccc4c2OCO4)OCO3)cc1.[Rh+]89,50,30,100,0,0,double P type,['double P type'],tri-sub
12591,O=C1C=C(c2ccccc2)C(=O)O1,O=C1C[C@H](c2ccccc2)C(=O)O1,ClCCl,,Rh,c1ccc(P(c2ccccc2)c2ccc3c(c2-c2c(P(c4ccccc4)c4ccccc4)ccc4c2OCO4)OCO3)cc1,c1ccc(P(c2ccccc2)8->c2ccc3c(c2-c2c(P(c4ccccc4)9->c4ccccc4)ccc4c2OCO4)OCO3)cc1.[Rh+]89,30,25,100,0.083035361,0.07,double P type,['double P type'],tri-sub
7585,CCOC(=O)/C=C(\NC(C)=O)c1ccc(OC)c(OC)c1,CCOC(=O)C[C@H](NC(C)=O)c1ccc(OC)c(OC)c1,CO,,Rh,CP(c1nc2ccccc2nc1P(C)C(C)(C)C)C(C)(C)C,CP(c1nc2ccccc2nc1P(C)8->C(C)(C)C)9->C(C)(C)C.[Rh+]89,3,25,1000,2.720952926,0.98,double P type,['double P type'],tri-sub
3596,C=C(NC(C)=O)C(=O)OC,COC(=O)[C@@H](C)NC(C)=O,ClCCl,,Rh,C[C@H](C1=C(P(c2ccccc2)c2ccccc2)C=C[C@@H]1[Fe]C1C=CC=C1)P(C1CCCCC1)C1CCCCC1,C[C@H](C1=C(P(c2ccccc2)8->c2ccccc2)C=C[C@@H]1[Fe]C1C=CC=C1)P(C1CCCCC1)9->C1CCCCC1.[Rh+]89,1,25,100,1.629293317,0.88,ferrocene type,"['ferrocene type', 'double P type']",di-sub
11292,COC(=O)/C(NC(C)=O)=C(/c1ccccc1)c1cn(C(=O)OC(C)(C)C)c2ncccc12,COC(=O)[C@@H](NC(C)=O)[C@@H](c1ccccc1)c1cn(C(=O)OC(C)(C)C)c2ncccc12,CO,,Rh,C[C@H](C1=C[C@@H]([Fe]C2C=CC=C2)C=C1P(c1ccccc1)c1ccccc1)P(C(C)(C)C)C(C)(C)C,C[C@H](C1=C[C@@H]([Fe]C2C=CC=C2)C=C1P(c1ccccc1)8->c1ccccc1)P(C(C)(C)C)9->C(C)(C)C.[Rh+]89,34,40,5,2.062856082,0.93,ferrocene type,"['ferrocene type', 'double P type']",tetra-sub
11228,CC(=O)N/C(C#N)=C\c1ccccc1,CC(=O)N[C@@H](C#N)Cc1ccccc1,CO,,Rh,CP(c1nc2ccccc2nc1P(C)C(C)(C)C)C(C)(C)C,CP(c1nc2ccccc2nc1P(C)8->C(C)(C)C)9->C(C)(C)C.[Rh+]89,30,25,100,2.058336063,0.94,double P type,['double P type'],tri-sub
11614,COC(=O)/C(OC(C)=O)=C(\NC(C)=O)c1cccc(C)c1,COC(=O)[C@H](OC(C)=O)[C@@H](NC(C)=O)c1cccc(C)c1,ClCCl,,Rh,CC(C)(C)P1Cc2ccccc2[C@H]1[C@@H]1c2ccccc2CP1C(C)(C)C,CC(C)(C)P8->1Cc2ccccc2[C@H]1[C@@H]1c2ccccc2CP9->1C(C)(C)C.[Rh+]89,30,25,100,2.058336063,0.94,double P type,['double P type'],tetra-sub
11106,COC(=O)/C=C(\C#N)c1ccc(OC)cc1,COC(=O)C[C@@H](C#N)c1ccc(OC)cc1,CO,,Rh,C[C@@H](C1=C(P(c2ccccc2)c2ccccc2)[C@@H]([Fe][C@H]2C=CC=C2P(c2ccccc2)c2ccccc2)C=C1)N(C)C(=S)Nc1cc(C(F)(F)F)cc(C(F)(F)F)c1,C[C@@H](C1=C(P(c2ccccc2)8->c2ccccc2)[C@@H]([Fe][C@H]2C=CC=C2P(c2ccccc2)9->c2ccccc2)C=C1)N(C)C(=S)Nc1cc(C(F)(F)F)cc(C(F)(F)F)c1.[Rh+]89,50,20,100,2.436287875,0.97,ferrocene type,"['ferrocene type', 'double P type']",tri-sub
7988,COC(=O)/C=C(\NC(C)=O)c1ccccc1,COOCC[C@@H](NC(C)=O)c1ccccc1,CC(C)O,,Rh,CN(C)P1Oc2cccc3c2C2(CC3)CCc3cccc(c32)O1,CN(C)P8->1Oc2cccc3c2C2(CC3)CCc3cccc(c32)O1.[Rh+]8,100,25,50,1.152250667,0.75,single P type,['single P type'],tri-sub
5481,COC(=O)/C(=C/C(C)C)NC(C)=O,COC(=O)[C@@H](CC(C)C)NC(C)=O,C1CCOC1,,Rh,CC(C)(C)S[C@H]1CCCC[C@@H]1OP(c1ccccc1)c1ccccc1,CC(C)(C)S[C@H]1CCCC[C@@H]1OP(c1ccccc1)8->c1ccccc1.[Rh+]8,7.8,25,100,0.446338215,0.36,single P type,['single P type'],tri-sub
3610,CC(=O)N/C(=C\c1ccccc1)C(=O)O,CC(=O)N[C@H](Cc1ccccc1)C(=O)O,ClCCl,,Rh,c1ccc(-c2cc3ccccc3c(-c3c(Op4oc5ccc6ccccc6c5c5c(ccc6ccccc65)o4)ccc4ccccc34)c2P(c2ccccc2)c2ccccc2)cc1,c1ccc(-c2cc3ccccc3c(-c3c(Op9->4oc5ccc6ccccc6c5c5c(ccc6ccccc65)o4)ccc4ccccc34)c2P(c2ccccc2)8->c2ccccc2)cc1.[Rh+]89,1,25,100,3.134375973,0.99,binol type,"['binol type', 'double P type']",tri-sub
5355,C=C(NC(C)=O)C(=O)OC,COC(=O)[C@H](C)NC(C)=O,ClCCl,,Rh,O=C(NCCP1Cc2ccc3ccccc3c2-c2c(ccc3ccccc23)C1)Nc1ccccc1,O=C(NCCP8->1Cc2ccc3ccccc3c2-c2c(ccc3ccccc23)C1)Nc1ccccc1.[Rh+]8,20,25,100,1.008749522,0.692,binol type,"['binol type', 'single P type']",di-sub
1765,CCOC(=O)/C=C(\NC(C)=O)c1ccc(OC)cc1,CCOC(=O)C[C@@H](NC(C)=O)c1ccc(OC)cc1,ClCCl,,Rh,C[C@H](Np1oc2ccc3ccccc3c2c2c(ccc3ccccc32)o1)C1=C[C@H]([Fe]C2C=CC=C2)C=C1P(c1ccccc1)c1ccccc1,C[C@H](Np9->1oc2ccc3ccccc3c2c2c(ccc3ccccc32)o1)C1=C[C@H]([Fe]C2C=CC=C2)C=C1P(c1ccccc1)8->c1ccccc1.[Rh+]89,10,5,100,2.92401517,0.99,binol type,"['binol type', 'ferrocene type', 'double P type']",tri-sub
11310,COC(=O)/C(NC(=O)OC(C)(C)C)=C(\c1ccc(Cl)cc1)c1cc(F)cc(F)c1,COC(=O)[C@@H](NC(=O)OC(C)(C)C)[C@H](c1ccc(Cl)cc1)c1cc(F)cc(F)c1,CO,,Rh,C[C@H](C1=C[C@@H]([Fe]C2C=CC=C2)C=C1P(c1ccco1)c1ccco1)P(C(C)(C)C)C(C)(C)C,C[C@H](C1=C[C@@H]([Fe]C2C=CC=C2)C=C1P(c1ccco1)8->c1ccco1)P(C(C)(C)C)9->C(C)(C)C.[Rh+]89,8,80,10,2.729828762,0.96,ferrocene type,"['ferrocene type', 'double P type']",tetra-sub
11248,CC(=O)N/C(C#N)=C/c1ccccc1,CC(=O)N[C@H](C#N)Cc1ccccc1,CCOC(C)=O,,Rh,C[C@H]1CC[C@H](C)P1c1ccccc1P1[C@@H](C)CC[C@@H]1C,C[C@H]1CC[C@H](C)P8->1c1ccccc1P9->1[C@@H](C)CC[C@@H]1C.[Rh+]89,30,25,100,0,0,double P type,['double P type'],tri-sub
5486,COC(=O)/C(=C/c1ccccc1)NC(=O)OC(C)(C)C,COC(=O)[C@H](Cc1ccccc1)NC(=O)OC(C)(C)C,C1CCOC1,,Rh,CC(C)(C)S[C@H]1CCCC[C@@H]1OP(c1ccccc1)c1ccccc1,CC(C)(C)S[C@H]1CCCC[C@@H]1OP(c1ccccc1)8->c1ccccc1.[Rh+]8,7.8,25,100,2.169340323,0.95,single P type,['single P type'],tri-sub
3621,CCOC(=O)/C=C(\NC(C)=O)c1ccccc1,CCOC(=O)C[C@@H](NC(C)=O)c1ccccc1,ClCCl,,Rh,COC[C@H](Op1oc2ccc3ccccc3c2c2c(ccc3ccccc32)o1)[C@@H](c1ccccc1)P(c1ccccc1)c1ccccc1,COC[C@H](Op9->1oc2ccc3ccccc3c2c2c(ccc3ccccc32)o1)[C@@H](c1ccccc1)P(c1ccccc1)8->c1ccccc1.[Rh+]89,1,25,100,0.766847977,0.57,binol type,"['binol type', 'double P type']",tri-sub
5891,CCOC(=O)/C=C(\NC(C)=O)c1ccccc1,CCOC(=O)C[C@@H](NC(C)=O)c1ccccc1,CCO,,Rh,COc1ccc(P2Cc3ccc4ccccc4c3-c3c(ccc4ccccc34)C2)cc1,COc1ccc(P8->2Cc3ccc4ccccc4c3-c3c(ccc4ccccc34)C2)cc1.[Rh+]8,49,10,100,0.6481909,0.52,binol type,"['binol type', 'single P type']",tri-sub
5365,CC(=O)NC1=Cc2ccccc2CC1,CC(=O)NC1CCc2ccccc2C1,ClCCl,,Rh,O=C(Nc1ccccc1)N[C@@H](c1ccccc1)[C@H](c1ccccc1)P1Cc2ccc3ccccc3c2-c2c(ccc3ccccc23)C1,O=C(Nc1ccccc1)N[C@@H](c1ccccc1)[C@H](c1ccccc1)P8->1Cc2ccc3ccccc3c2-c2c(ccc3ccccc23)C1.[Rh+]8,39,25,100,1.496224027,0.852,binol type,"['binol type', 'single P type']",tri-sub
3975,C=C(NC(C)=O)C(=O)OC,COC(=O)[C@H](C)NC(C)=O,ClCCl,,Rh,C[C@H](Op1oc2ccc3ccccc3c2c2c(ccc3ccccc32)o1)c1ccccc1,C[C@H](Op8->1oc2ccc3ccccc3c2c2c(ccc3ccccc32)o1)c1ccccc1.[Rh+]8,1,20,1000,1.957450553,0.933,binol type,"['binol type', 'single P type']",di-sub
5489,COC(=O)/C(=C\c1ccccc1)NC(=O)c1ccccc1,COC(=O)[C@@H](Cc1ccccc1)NC(=O)c1ccccc1,C1CCOC1,,Rh,Cc1cc(C)cc(S[C@H](C(C)C)[C@@H](C)OP(c2ccccc2)c2ccccc2)c1,Cc1cc(C)cc(S[C@H](C(C)C)[C@@H](C)OP(c2ccccc2)8->c2ccccc2)c1.[Rh+]8,7.8,25,100,1.578738765,0.87,single P type,['single P type'],tri-sub
2348,CC(C)(C)OC(=O)C(=O)N/C(=C\C1CC1)C(=O)OCc1ccccc1,CC(C)(C)OC(=O)C(=O)N[C@@H](CC1CC1)C(=O)OCc1ccccc1,C1CCOC1.CO,,Rh,COc1ccc(P(c2ccc(OC)cc2)N(C)[C@H](C)C2=C(P(c3ccccc3)c3ccccc3)C=C[C@@H]2[Fe]C2C=CC=C2)cc1,COc1ccc(P(c2ccc(OC)cc2)8->N(C)[C@H](C)C2=C(P(c3ccccc3)9->c3ccccc3)C=C[C@@H]2[Fe]C2C=CC=C2)cc1.[Rh+]89,1,25,100,2.751624708,0.981,ferrocene type,"['ferrocene type', 'double P type']",tri-sub
5622,COC(=O)/C(=C/c1cccc(Cl)c1)NC(=O)c1ccccc1,COC(=O)[C@@H](Cc1cccc(Cl)c1)NC(=O)c1ccccc1,C1CCOC1,,Rh,CCN(CC)p1oc2ccc3ccccc3c2c2c(ccc3ccccc32)o1,CCN(CC)p8->1oc2ccc3ccccc3c2c2c(ccc3ccccc32)o1.[Rh+]8,20,25,100,3.438045145,0.994,binol type,"['binol type', 'single P type']",tri-sub
1773,COC(=O)/C=C(\NC(C)=O)c1ccccc1,COC(=O)C[C@@H](NC(C)=O)c1ccccc1,ClCCl,,Rh,C[C@H](Np1oc2ccc3ccccc3c2c2c(ccc3ccccc32)o1)C1=C[C@H]([Fe]C2C=CC=C2)C=C1P(c1ccccc1)c1ccccc1,C[C@H](Np9->1oc2ccc3ccccc3c2c2c(ccc3ccccc32)o1)C1=C[C@H]([Fe]C2C=CC=C2)C=C1P(c1ccccc1)8->c1ccccc1.[Rh+]89,10,5,5000,2.31156324,0.97,binol type,"['binol type', 'ferrocene type', 'double P type']",tri-sub
7871,CCOC(=O)/C=C(/NC(C)=O)c1ccccc1,CCOC(=O)C[C@@H](NC(C)=O)c1ccccc1,ClCCl,,Rh,c1ccc2c(c1)ccc1op(OC3CCCCC3)oc3ccc4ccccc4c3c12,c1ccc2c(c1)ccc1op(OC3CCCCC3)8->oc3ccc4ccccc4c3c12.[Rh+]8,59,25,50,1.454302337,0.842,binol type,"['binol type', 'single P type']",tri-sub
2974,C=C(NC(C)=O)C(=O)OC,COC(=O)[C@@H](C)NC(C)=O,ClCCl,,Rh,c1ccc(COCc2cc3ccccc3c3c2op(N2CCCCC2)oc2ccc4ccccc4c23)cc1,c1ccc(COCc2cc3ccccc3c3c2op(N2CCCCC2)8->oc2ccc4ccccc4c23)cc1.[Rh+]8,1,25,200,1.629293317,0.88,binol type,"['binol type', 'single P type']",di-sub
9620,O=C(NC1=Cc2ccccc2CC1)c1ccccc1,O=C(N[C@H]1CCc2ccccc2C1)c1ccccc1,ClCCl,,Rh,COc1ccccc1P(CCOp1oc2c(C(C)(C)C)cc(C)c(C)c2c2c(C)c(C)cc(C(C)(C)C)c2o1)c1ccccc1,COc1ccccc1P(CCOp9->1oc2c(C(C)(C)C)cc(C)c(C)c2c2c(C)c(C)cc(C(C)(C)C)c2o1)8->c1ccccc1.[Rh+]89,20,25,100,1.369995111,0.82,double P type,['double P type'],tri-sub
2809,COC(=O)/C(=C/c1ccc(C)cc1)CC(=O)O,COC(=O)[C@H](CC(=O)O)Cc1ccc(C)cc1,C1CCOC1,,Rh,CC(C)(C)P1CCC[C@@H]1[C@H]1CCCP1C(C)(C)C,CC(C)(C)P8->1CCC[C@@H]1[C@H]1CCCP9->1C(C)(C)C.[Rh+]89,1,25,200,2.477862753,0.97,double P type,['double P type'],tri-sub
224,COC(=O)/C(=C\c1ccccc1)NC(C)=O,COC(=O)[C@@H](Cc1ccccc1)NC(C)=O,ClCCl,,Rh,Cc1ccccc1OP(Oc1ccccc1C)N(c1ccccc1C)N(c1ccccc1C)p1oc2ccc3ccccc3c2c2c(ccc3ccccc32)o1,Cc1ccccc1OP(Oc1ccccc1C)8->N(c1ccccc1C)N(c1ccccc1C)p9->1oc2ccc3ccccc3c2c2c(ccc3ccccc32)o1.[Rh+]89,5,25,100,0.083035361,0.07,binol type,"['binol type', 'double P type']",tri-sub
12350,CCCCC/C=C(\NC(C)=O)C(=O)OC,CCCCCC[C@H](NC(C)=O)C(=O)OC,CO,,Rh,c1ccc(P(c2ccccc2)c2cccc3c2-c2c(cccc2P(c2ccccc2)c2ccccc2)OCCCO3)cc1,c1ccc(P(c2ccccc2)8->c2cccc3c2-c2c(cccc2P(c2ccccc2)9->c2ccccc2)OCCCO3)cc1.[Rh+]89,7,25,100,0.997461643,0.687,double P type,['double P type'],tri-sub
11598,CCOC(=O)/C(OC(C)=O)=C(\NC(C)=O)c1ccccc1,CCOC(=O)[C@H](OC(C)=O)[C@@H](NC(C)=O)c1ccccc1,ClCCl,,Rh,CC(C)(C)P1Cc2ccc3ccccc3c2-c2c(ccc3ccccc23)[C@@H]1[C@H]1c2ccc3ccccc3c2-c2c(ccc3ccccc23)CP1C(C)(C)C,CC(C)(C)P8->1Cc2ccc3ccccc3c2-c2c(ccc3ccccc23)[C@@H]1[C@H]1c2ccc3ccccc3c2-c2c(ccc3ccccc23)CP9->1C(C)(C)C.[Rh+]89,30,25,100,0.083035361,0.07,binol type,"['binol type', 'double P type']",tetra-sub
2303,CC(=O)N/C(=C\c1ccccc1)C(=O)O,CC(=O)N[C@@H](Cc1ccccc1)C(=O)O,C1CCOC1.CO,,Rh,C[C@H](C1=C(P(c2ccccc2)c2ccccc2)C=C[C@@H]1[Fe]C1C=CC=C1)N(CC(C)(C)C)P(c1ccccc1)c1ccccc1,C[C@H](C1=C(P(c2ccccc2)8->c2ccccc2)C=C[C@@H]1[Fe]C1C=CC=C1)N(CC(C)(C)C)P(c1ccccc1)9->c1ccccc1.[Rh+]89,1,25,100,1.341637301,0.812,ferrocene type,"['ferrocene type', 'double P type']",tri-sub
11117,COC(=O)/C=C(\C#N)c1ccc(Br)cc1,COC(=O)C[C@@H](C#N)c1ccc(Br)cc1,CO,,Rh,C[C@H](NC(=S)Nc1cc(C(F)(F)F)cc(C(F)(F)F)c1)C1=C(P(c2ccccc2)c2ccccc2)[C@@H]([Fe][C@H]2C=CC=C2P(c2ccccc2)c2ccccc2)C=C1,C[C@H](NC(=S)Nc1cc(C(F)(F)F)cc(C(F)(F)F)c1)C1=C(P(c2ccccc2)9->c2ccccc2)[C@@H]([Fe][C@H]2C=CC=C2P(c2ccccc2)8->c2ccccc2)C=C1.[Rh+]89,50,35,100,1.945001259,0.92,ferrocene type,"['ferrocene type', 'double P type']",tri-sub
2404,CC(C)(C)OC(=O)C(=O)N/C(=C\C1CC1)C(=O)OCc1ccccc1,CC(C)(C)OC(=O)C(=O)N[C@@H](CC1CC1)C(=O)OCc1ccccc1,C1CCOC1.CO,,Rh,C[C@H](C1=C(P(c2ccccc2)c2ccccc2)C=C[C@@H]1[Fe]C1C=CC=C1)N(C)P(c1cc(F)cc(F)c1)c1cc(F)cc(F)c1,C[C@H](C1=C(P(c2ccccc2)8->c2ccccc2)C=C[C@@H]1[Fe]C1C=CC=C1)N(C)P(c1cc(F)cc(F)c1)9->c1cc(F)cc(F)c1.[Rh+]89,1,25,100,3.267102947,0.992,ferrocene type,"['ferrocene type', 'double P type']",tri-sub
12131,CC(=O)N/C(=C\c1ccc(C)cc1)C(F)(F)F,CC(=O)N[C@@H](Cc1ccc(C)cc1)C(F)(F)F,CO,,Rh,CC(C)(C)P1Cc2ccccc2[C@H]1[C@@H]1c2ccccc2CP1C(C)(C)C,CC(C)(C)P8->1Cc2ccccc2[C@H]1[C@@H]1c2ccccc2CP9->1C(C)(C)C.[Rh+]89,5,25,100,3.134375973,0.99,double P type,['double P type'],tri-sub
3591,C=C(NC(C)=O)C(=O)OC,COC(=O)[C@@H](C)NC(C)=O,ClCCl,,Rh,CC[C@H]1CC[C@H](CC)P1c1ccccc1P1[C@@H](CC)CC[C@@H]1CC,CC[C@H]1CC[C@H](CC)P8->1c1ccccc1P9->1[C@@H](CC)CC[C@@H]1CC.[Rh+]89,1,25,100,3.134375973,0.99,double P type,['double P type'],di-sub
5196,COC(=O)/C(=C/c1ccc(OC)cc1)NC(C)=O,COC(=O)[C@@H](Cc1ccc(OC)cc1)NC(C)=O,ClCCl,,Rh,CN(C)p1oc2ccc3ccccc3c2c2c(ccc3ccccc32)o1,CN(C)p8->1oc2ccc3ccccc3c2c2c(ccc3ccccc32)o1.[Rh+]8,5,25,100,2.058336063,0.94,binol type,"['binol type', 'single P type']",tri-sub
6110,C=C(NC(C)=O)C(=O)OC,COC(=O)[C@@H](C)NC(C)=O,ClCCl,,Rh,CN(C)p1oc2ccc3ccccc3c2c2c(ccc3ccccc32)o1,CN(C)p8->1oc2ccc3ccccc3c2c2c(ccc3ccccc32)o1.[Rh+]8,1,25,20,3.134375973,0.99,binol type,"['binol type', 'single P type']",di-sub
11103,CC(C)OC(=O)/C=C(\C#N)c1ccccc1,CC(C)OC(=O)C[C@@H](C#N)c1ccccc1,CO,,Rh,C[C@H](NC(=S)Nc1cc(C(F)(F)F)cc(C(F)(F)F)c1)C1=C(P(c2ccccc2)c2ccccc2)[C@@H]([Fe][C@H]2C=CC=C2P(c2ccccc2)c2ccccc2)C=C1,C[C@H](NC(=S)Nc1cc(C(F)(F)F)cc(C(F)(F)F)c1)C1=C(P(c2ccccc2)9->c2ccccc2)[C@@H]([Fe][C@H]2C=CC=C2P(c2ccccc2)8->c2ccccc2)C=C1.[Rh+]89,50,35,100,1.494741219,0.84,ferrocene type,"['ferrocene type', 'double P type']",tri-sub
1767,CCOC(=O)/C=C(\NC(C)=O)c1ccc(Cl)cc1,CCOC(=O)C[C@@H](NC(C)=O)c1ccc(Cl)cc1,ClCCl,,Rh,C[C@H](Np1oc2ccc3ccccc3c2c2c(ccc3ccccc32)o1)C1=C[C@H]([Fe]C2C=CC=C2)C=C1P(c1ccccc1)c1ccccc1,C[C@H](Np9->1oc2ccc3ccccc3c2c2c(ccc3ccccc32)o1)C1=C[C@H]([Fe]C2C=CC=C2)C=C1P(c1ccccc1)8->c1ccccc1.[Rh+]89,10,5,100,2.92401517,0.99,binol type,"['binol type', 'ferrocene type', 'double P type']",tri-sub
11691,CCOC(=O)/C=C(\Sc1ccccc1)c1cccc(OC)c1,CCOC(=O)C[C@@H](Sc1ccccc1)c1cccc(OC)c1,ClCCl,,Rh,C[C@H](NC(=S)Nc1cc(C(F)(F)F)cc(C(F)(F)F)c1)C1=C(P(c2ccccc2)c2ccccc2)[C@@H]([Fe][C@H]2C=CC=C2P(c2ccccc2)c2ccccc2)C=C1,C[C@H](NC(=S)Nc1cc(C(F)(F)F)cc(C(F)(F)F)c1)C1=C(P(c2ccccc2)9->c2ccccc2)[C@@H]([Fe][C@H]2C=CC=C2P(c2ccccc2)8->c2ccccc2)C=C1.[Rh+]89,50,30,100,3.186966174,0.99,ferrocene type,"['ferrocene type', 'double P type']",tri-sub
7939,CC(=O)N1/C(=C\c2ccccc2)COc2cc(C)ccc21,CC(=O)N1c2ccc(C)cc2OC[C@H]1Cc1ccccc1,CO,,Rh,C[C@@H]1CC[C@@H](C)P1c1ccccc1P1[C@H](C)CC[C@H]1C,C[C@@H]1CC[C@@H](C)P8->1c1ccccc1P9->1[C@H](C)CC[C@H]1C.[Rh+]89,4,25,100,2.519317024,0.972,double P type,['double P type'],tri-sub
1498,COC(=O)/C(=C/c1c(C)cc(OC(C)=O)cc1C)NC(C)=O,COC(=O)[C@H](Cc1c(C)cc(OC(C)=O)cc1C)NC(C)=O,CCOC(C)=O,,Rh,CP(c1cc2c(cc1P(C)C(C)(C)C)OCO2)C(C)(C)C,CP(c1cc2c(cc1P(C)9->C(C)(C)C)OCO2)8->C(C)(C)C.[Rh+]89,4,25,100,0.981902689,0.68,double P type,['double P type'],tri-sub
11241,CC(=O)N/C(C#N)=C\c1ccccc1,CC(=O)N[C@H](C#N)Cc1ccccc1,ClCCl,,Rh,C[C@H]1CC[C@H](C)P1c1ccccc1P1[C@@H](C)CC[C@@H]1C,C[C@H]1CC[C@H](C)P8->1c1ccccc1P9->1[C@@H](C)CC[C@@H]1C.[Rh+]89,30,25,100,0,0,double P type,['double P type'],tri-sub
4940,C=C(NC(C)=O)C(=O)OC,COC(=O)[C@@H](C)NC(C)=O,ClCCl,,Rh,CC(C)(C)c1cc2ccccc2c2c1op(OCP(c1ccccc1)c1ccccc1)oc1c(C(C)(C)C)cc3ccccc3c12,CC(C)(C)c1cc2ccccc2c2c1op(OCP(c1ccccc1)8->c1ccccc1)9->oc1c(C(C)(C)C)cc3ccccc3c12.[Rh+]89,4,25,100,0.715489045,0.54,binol type,"['binol type', 'double P type']",di-sub
4945,COc1cccc2c1C=C(NC(C)=O)CC2,COc1cccc2c1C[C@@H](NC(C)=O)CC2,ClCCl,,Rh,Cc1cc(C(C)(C)C)c2op(OCCP(c3ccccc3)c3ccccc3)oc3c(C(C)(C)C)cc(C)c(C)c3c2c1C,Cc1cc(C(C)(C)C)c2op(OCCP(c3ccccc3)8->c3ccccc3)9->oc3c(C(C)(C)C)cc(C)c(C)c3c2c1C.[Rh+]89,20,25,100,1.407085487,0.83,double P type,['double P type'],tri-sub
11703,CCOC(=O)/C=C(\Sc1ccc(C)cc1)c1cccc(C)c1,CCOC(=O)C[C@H](Sc1ccc(C)cc1)c1cccc(C)c1,OCC(F)(F)F,,Rh,C[C@H](NC(=S)Nc1cc(C(F)(F)F)cc(C(F)(F)F)c1)C1=C(P(c2ccccc2)c2ccccc2)[C@@H]([Fe][C@H]2C=CC=C2P(c2ccccc2)c2ccccc2)C=C1,C[C@H](NC(=S)Nc1cc(C(F)(F)F)cc(C(F)(F)F)c1)C1=C(P(c2ccccc2)9->c2ccccc2)[C@@H]([Fe][C@H]2C=CC=C2P(c2ccccc2)8->c2ccccc2)C=C1.[Rh+]89,50,60,100,2.768886902,0.97,ferrocene type,"['ferrocene type', 'double P type']",tri-sub
12604,O=C1C=C(c2ccccc2)C(=O)O1,O=C1C[C@H](c2ccccc2)C(=O)O1,ClC(Cl)Cl,,Rh,C[C@H](NC(=S)Nc1cc(C(F)(F)F)cc(C(F)(F)F)c1)C1=C(P(c2ccccc2)c2ccccc2)[C@@H]([Fe][C@H]2C=CC=C2P(c2ccccc2)c2ccccc2)C=C1,C[C@H](NC(=S)Nc1cc(C(F)(F)F)cc(C(F)(F)F)c1)C1=C(P(c2ccccc2)9->c2ccccc2)[C@@H]([Fe][C@H]2C=CC=C2P(c2ccccc2)8->c2ccccc2)C=C1.[Rh+]89,30,25,100,2.304501335,0.96,ferrocene type,"['ferrocene type', 'double P type']",tri-sub
1424,COC(=O)/C(=C/c1ccc(OC(C)=O)c(OC)c1)NC(C)=O,COC(=O)[C@@H](Cc1ccc(OC(C)=O)c(OC)c1)NC(C)=O,CO,,Rh,CP(c1cc2c(cc1P(C)C(C)(C)C)OCO2)C(C)(C)C,CP(c1cc2c(cc1P(C)9->C(C)(C)C)OCO2)8->C(C)(C)C.[Rh+]89,3,25,1000,4.500500019,0.999,double P type,['double P type'],tri-sub
11930,COC(=O)/C(=C/C=C/c1ccccc1)NC(C)=O,COC(=O)[C@@H](C/C=C/c1ccccc1)NC(C)=O,CO,,Rh,CC(C)(C)P1CCC[C@@H]1[C@H]1CCCP1C(C)(C)C,CC(C)(C)P8->1CCC[C@@H]1[C@H]1CCCP9->1C(C)(C)C.[Rh+]89,1.5,25,100,3.346469371,0.993,double P type,['double P type'],tri-sub
5361,CC(=O)NC1=Cc2ccccc2CC1,CC(=O)NC1CCc2ccccc2C1,ClCCl,,Rh,O=C(NCCP1Cc2ccc3ccccc3c2-c2c(ccc3ccccc23)C1)Nc1ccccc1,O=C(NCCP8->1Cc2ccc3ccccc3c2-c2c(ccc3ccccc23)C1)Nc1ccccc1.[Rh+]8,39,25,100,0.737442046,0.553,binol type,"['binol type', 'single P type']",tri-sub
832,CC/C(=C\c1ccccc1)NC(C)=O,CC[C@H](Cc1ccccc1)NC(C)=O,ClCCl,,Rh,CC(C)(C)P1c2c(cccc2-c2c3ccccc3cc3ccccc23)O[C@@H]1[C@H]1Oc2cccc(-c3c4ccccc4cc4ccccc34)c2P1C(C)(C)C,CC(C)(C)P8->1c2c(cccc2-c2c3ccccc3cc3ccccc23)O[C@@H]1[C@H]1Oc2cccc(-c3c4ccccc4cc4ccccc34)c2P9->1C(C)(C)C.[Rh+]89,51,50,200,2.949220789,0.98,double P type,['double P type'],tri-sub
1766,COC(=O)/C=C(\NC(C)=O)c1ccc(OC)cc1,COC(=O)C[C@@H](NC(C)=O)c1ccc(OC)cc1,ClCCl,,Rh,C[C@H](Np1oc2ccc3ccccc3c2c2c(ccc3ccccc32)o1)C1=C[C@H]([Fe]C2C=CC=C2)C=C1P(c1ccccc1)c1ccccc1,C[C@H](Np9->1oc2ccc3ccccc3c2c2c(ccc3ccccc32)o1)C1=C[C@H]([Fe]C2C=CC=C2)C=C1P(c1ccccc1)8->c1ccccc1.[Rh+]89,10,5,100,2.538338636,0.98,binol type,"['binol type', 'ferrocene type', 'double P type']",tri-sub
11094,COC(=O)/C=C(\C#N)c1ccccc1,COC(=O)C[C@@H](C#N)c1ccccc1,CO,,Rh,COc1c(C(C)(C)C)cc(P(c2cc(C(C)(C)C)c(OC)c(C(C)(C)C)c2)c2ccc3c(c2-c2c(P(c4cc(C(C)(C)C)c(OC)c(C(C)(C)C)c4)c4ccc(C(C)(C)C)c(OC)c4C(C)(C)C)ccc4c2OCO4)OCO3)cc1C(C)(C)C,COc1c(C(C)(C)C)cc(P(c2cc(C(C)(C)C)c(OC)c(C(C)(C)C)c2)8->c2ccc3c(c2-c2c(P(c4cc(C(C)(C)C)c(OC)c(C(C)(C)C)c4)9->c4ccc(C(C)(C)C)c(OC)c4C(C)(C)C)ccc4c2OCO4)OCO3)cc1C(C)(C)C.[Rh+]89,30,20,100,0,0,double P type,['double P type'],tri-sub
11838,O=C1OCCC/C1=C\c1cccc(F)c1,O=C1OCCC[C@@H]1Cc1cccc(F)c1,ClCCCl,,Rh,C[C@H](NC(=S)Nc1cc(C(F)(F)F)cc(C(F)(F)F)c1)C1=C(P(c2ccccc2)c2ccccc2)[C@@H]([Fe][C@H]2C=CC=C2P(c2ccccc2)c2ccccc2)C=C1,C[C@H](NC(=S)Nc1cc(C(F)(F)F)cc(C(F)(F)F)c1)C1=C(P(c2ccccc2)9->c2ccccc2)[C@@H]([Fe][C@H]2C=CC=C2P(c2ccccc2)8->c2ccccc2)C=C1.[Rh+]89,50,35,50,3.239556375,0.99,ferrocene type,"['ferrocene type', 'double P type']",tri-sub
11692,CCOC(=O)/C=C(\Sc1ccccc1)c1cccc(C)c1,CCOC(=O)C[C@@H](Sc1ccccc1)c1cccc(C)c1,ClCCl,,Rh,C[C@H](NC(=S)Nc1cc(C(F)(F)F)cc(C(F)(F)F)c1)C1=C(P(c2ccccc2)c2ccccc2)[C@@H]([Fe][C@H]2C=CC=C2P(c2ccccc2)c2ccccc2)C=C1,C[C@H](NC(=S)Nc1cc(C(F)(F)F)cc(C(F)(F)F)c1)C1=C(P(c2ccccc2)9->c2ccccc2)[C@@H]([Fe][C@H]2C=CC=C2P(c2ccccc2)8->c2ccccc2)C=C1.[Rh+]89,50,30,100,2.092871903,0.94,ferrocene type,"['ferrocene type', 'double P type']",tri-sub
6342,C=C(NC(C)=O)C(=O)OC,COC(=O)[C@@H](C)NC(C)=O,CO,,Rh,CP(CCP(C)C(C)(C)C)C1CCCCC1,CP(CCP(C)9->C(C)(C)C)8->C1CCCCC1.[Rh+]89,2,25,100,0.820879938,0.6,double P type,['double P type'],di-sub
6356,COC(=O)C(NC(C)=O)=C1CCCC1,COC(=O)[C@H](NC(C)=O)C1CCCC1,CO,,Rh,CC(C)P(C)CCP(C)C(C)(C)C,CC(C)P(C)8->CCP(C)9->C(C)(C)C.[Rh+]89,2,25,100,1.527148497,0.859,double P type,['double P type'],tetra-sub
11616,COC(=O)/C(OC(C)=O)=C(\NC(C)=O)c1ccc2ccccc2c1,COC(=O)[C@H](OC(C)=O)[C@@H](NC(C)=O)c1ccc2ccccc2c1,ClCCl,,Rh,CC(C)(C)P1Cc2ccccc2[C@H]1[C@@H]1c2ccccc2CP1C(C)(C)C,CC(C)(C)P8->1Cc2ccccc2[C@H]1[C@@H]1c2ccccc2CP9->1C(C)(C)C.[Rh+]89,30,25,100,2.169340323,0.95,double P type,['double P type'],tetra-sub
2347,COC(=O)/C(=C/c1ccc2ccccc2c1)NC(C)=O,COC(=O)[C@H](Cc1ccc2ccccc2c1)NC(C)=O,C1CCOC1.CO,,Rh,COc1ccc(P(c2ccc(OC)cc2)N(C)[C@H](C)C2=C(P(c3ccccc3)c3ccccc3)C=C[C@@H]2[Fe]C2C=CC=C2)cc1,COc1ccc(P(c2ccc(OC)cc2)8->N(C)[C@H](C)C2=C(P(c3ccccc3)9->c3ccccc3)C=C[C@@H]2[Fe]C2C=CC=C2)cc1.[Rh+]89,1,25,100,2.420523388,0.967,ferrocene type,"['ferrocene type', 'double P type']",tri-sub
9682,COC/C=C(\NC(C)=O)C(=O)OC,COCC[C@@H](NC(C)=O)C(=O)OC,CC(C)=O,,Rh,CCN(CC)p1oc2c(P(c3ccccc3)c3ccccc3)cc3ccccc3c2c2c(o1)c(P(c1ccccc1)c1ccccc1)cc1ccccc12,CCN(CC)p8->1oc2c(P(c3ccccc3)9->c3ccccc3)cc3ccccc3c2c2c(o1)c(P(c1ccccc1)c1ccccc1)cc1ccccc12.[Rh+]89,1,25,100,2.335478047,0.962,binol type,"['binol type', 'double P type']",tri-sub
184,COC(=O)/C(=C\c1ccc(Cl)c(Cl)c1)NC(C)=O,COC(=O)[C@@H](Cc1ccc(Cl)c(Cl)c1)NC(C)=O,ClCCl,,Rh,CN(N(C)p1oc2ccc3ccccc3c2c2c(ccc3ccccc32)o1)p1oc2ccc3ccccc3c2c2c(ccc3ccccc32)o1,CN(N(C)p8->1oc2ccc3ccccc3c2c2c(ccc3ccccc32)o1)p9->1oc2ccc3ccccc3c2c2c(ccc3ccccc32)o1.[Rh+]89,5,25,100,1.44621066,0.84,binol type,"['binol type', 'double P type']",tri-sub
11095,COC(=O)/C=C(\C#N)c1ccccc1,COC(=O)C[C@@H](C#N)c1ccccc1,CO,,Rh,C[C@H](NC(=S)Nc1cc(C(F)(F)F)cc(C(F)(F)F)c1)C1=C(P(c2ccccc2)c2ccccc2)[C@@H]([Fe][C@H]2C=CC=C2P(c2ccccc2)c2ccccc2)C=C1,C[C@H](NC(=S)Nc1cc(C(F)(F)F)cc(C(F)(F)F)c1)C1=C(P(c2ccccc2)9->c2ccccc2)[C@@H]([Fe][C@H]2C=CC=C2P(c2ccccc2)8->c2ccccc2)C=C1.[Rh+]89,30,20,100,1.421945381,0.84,ferrocene type,"['ferrocene type', 'double P type']",tri-sub
11717,CCOC(=O)/C=C(/B1OC(C)(C)C(C)(C)O1)c1ccccc1,CCOC(=O)C[C@H](B1OC(C)(C)C(C)(C)O1)c1ccccc1,ClCCl,,Rh,C[C@H](NC(=S)Nc1cc(C(F)(F)F)cc(C(F)(F)F)c1)C1=C(P(c2ccccc2)c2ccccc2)[C@@H]([Fe][C@H]2C=CC=C2P(c2ccccc2)c2ccccc2)C=C1,C[C@H](NC(=S)Nc1cc(C(F)(F)F)cc(C(F)(F)F)c1)C1=C(P(c2ccccc2)9->c2ccccc2)[C@@H]([Fe][C@H]2C=CC=C2P(c2ccccc2)8->c2ccccc2)C=C1.[Rh+]89,50,30,100,1.996950137,0.93,ferrocene type,"['ferrocene type', 'double P type']",tri-sub
9531,COC(=O)/C(=C/Sc1ccccc1)NC(C)=O,COC(=O)[C@@H](CSc1ccccc1)NC(C)=O,CC(C)=O,,Rh,CN(C)p1oc2c(P(c3ccccc3)c3ccccc3)cc3ccccc3c2c2c(o1)c(P(c1ccccc1)c1ccccc1)cc1ccccc12,CN(C)p9->1oc2c(P(c3ccccc3)c3ccccc3)cc3ccccc3c2c2c(o1)c(P(c1ccccc1)8->c1ccccc1)cc1ccccc12.[Rh+]89,1,25,100,1.866613257,0.918,binol type,"['binol type', 'double P type']",tri-sub
9653,COC(=O)/C(=C/c1ccccc1Cl)NC(C)=O,COC(=O)[C@@H](Cc1ccccc1Cl)NC(C)=O,CC(C)=O,,Rh,CN(C)p1oc2c(P(c3ccccc3)c3ccccc3)cc3ccccc3c2c2c(o1)c(P(c1ccccc1)c1ccccc1)cc1ccccc12,CN(C)p9->1oc2c(P(c3ccccc3)c3ccccc3)cc3ccccc3c2c2c(o1)c(P(c1ccccc1)8->c1ccccc1)cc1ccccc12.[Rh+]89,1,25,100,2.100409132,0.944,binol type,"['binol type', 'double P type']",tri-sub
11688,CCOC(=O)/C=C(\Sc1ccc(F)cc1)c1ccccc1,CCOC(=O)C[C@@H](Sc1ccc(F)cc1)c1ccccc1,ClCCl,,Rh,C[C@H](NC(=S)Nc1cc(C(F)(F)F)cc(C(F)(F)F)c1)C1=C(P(c2ccccc2)c2ccccc2)[C@@H]([Fe][C@H]2C=CC=C2P(c2ccccc2)c2ccccc2)C=C1,C[C@H](NC(=S)Nc1cc(C(F)(F)F)cc(C(F)(F)F)c1)C1=C(P(c2ccccc2)9->c2ccccc2)[C@@H]([Fe][C@H]2C=CC=C2P(c2ccccc2)8->c2ccccc2)C=C1.[Rh+]89,50,30,100,3.186966174,0.99,ferrocene type,"['ferrocene type', 'double P type']",tri-sub
12362,CCCCCCCCCCC/C=C(\NC(C)=O)C(=O)OC,CCCCCCCCCCCC[C@@H](NC(C)=O)C(=O)OC,CO,,Rh,CC(C)(C)P1Cc2ccccc2C1[C@H]1c2ccccc2CP1C(C)(C)C,CC(C)(C)P8->1Cc2ccccc2C1[C@H]1c2ccccc2CP9->1C(C)(C)C.[Rh+]89,7,25,100,3.546301865,0.995,double P type,['double P type'],tri-sub
2369,CC(C)(C)OC(=O)C(=O)N/C(=C\C1CC1)C(=O)OCc1ccccc1,CC(C)(C)OC(=O)C(=O)N[C@@H](CC1CC1)C(=O)OCc1ccccc1,C1CCOC1.CO,,Rh,C[C@H](C1=C(P(c2ccccc2)c2ccccc2)C=C[C@@H]1[Fe]C1C=CC=C1)N(C)P(c1ccc(F)cc1)c1ccc(F)cc1,C[C@H](C1=C(P(c2ccccc2)8->c2ccccc2)C=C[C@@H]1[Fe]C1C=CC=C1)N(C)P(c1ccc(F)cc1)9->c1ccc(F)cc1.[Rh+]89,1,25,100,3.025820725,0.988,ferrocene type,"['ferrocene type', 'double P type']",tri-sub
7207,CC(=O)NC1=Cc2ccccc2CC1,CC(=O)N[C@@H]1CCc2ccccc2C1,ClCCl,,Rh,COC(=O)[C@H](CC(C)C)Np1oc2ccc3ccccc3c2c2c(ccc3ccccc32)o1,COC(=O)[C@H](CC(C)C)Np8->1oc2ccc3ccccc3c2c2c(ccc3ccccc32)o1.[Rh+]8,10,25,100,0.473782409,0.38,binol type,"['binol type', 'single P type']",tri-sub
11834,Cc1ccccc1/C=C1\CCCOC1=O,Cc1ccccc1C[C@H]1CCCOC1=O,ClCCCl,,Rh,C[C@H](NC(=S)Nc1cc(C(F)(F)F)cc(C(F)(F)F)c1)C1=C(P(c2ccccc2)c2ccccc2)[C@@H]([Fe][C@H]2C=CC=C2P(c2ccccc2)c2ccccc2)C=C1,C[C@H](NC(=S)Nc1cc(C(F)(F)F)cc(C(F)(F)F)c1)C1=C(P(c2ccccc2)9->c2ccccc2)[C@@H]([Fe][C@H]2C=CC=C2P(c2ccccc2)8->c2ccccc2)C=C1.[Rh+]89,50,35,50,2.56101251,0.97,ferrocene type,"['ferrocene type', 'double P type']",tri-sub
6304,COCO/C(=C(\NC(C)=O)c1ccccc1)c1ccccc1,COCO[C@@H](c1ccccc1)[C@H](NC(C)=O)c1ccccc1,C1COCCO1,,Rh,C[C@H](C1=C[C@@H]([Fe]C2C=CC=C2)C=C1P(c1ccccc1)c1ccccc1)P(C1CCCCC1)C1CCCCC1,C[C@H](C1=C[C@@H]([Fe]C2C=CC=C2)C=C1P(c1ccccc1)8->c1ccccc1)P(C1CCCCC1)9->C1CCCCC1.[Rh+]89,40,40,100,1.562516921,0.85,ferrocene type,"['ferrocene type', 'double P type']",tetra-sub
5640,COC(=O)/C(=C/c1ccc2ccccc2c1)NC(C)=O,COC(=O)[C@@H](Cc1ccc2ccccc2c1)NC(C)=O,CO,,Rh,CC(C)(C)P1CCC[C@@H]1[C@H]1CCCP1C(C)(C)C,CC(C)(C)P8->1CCC[C@@H]1[C@H]1CCCP9->1C(C)(C)C.[Rh+]89,1,25,100,3.134375973,0.99,double P type,['double P type'],tri-sub
9677,CCC/C=C(\NC(C)=O)C(=O)OC,CCCC[C@@H](NC(C)=O)C(=O)OC,CC(C)=O,,Rh,CN(C)p1oc2c(P(c3ccccc3)c3ccccc3)cc3ccccc3c2c2c(o1)c(P(c1ccccc1)c1ccccc1)cc1ccccc12,CN(C)p9->1oc2c(P(c3ccccc3)c3ccccc3)cc3ccccc3c2c2c(o1)c(P(c1ccccc1)8->c1ccccc1)cc1ccccc12.[Rh+]89,1,25,100,2.519317024,0.972,binol type,"['binol type', 'double P type']",tri-sub
2424,CC(=O)N/C(=C\c1ccccc1)C(=O)O,CC(=O)N[C@@H](Cc1ccccc1)C(=O)O,C1CCOC1.CO,,Rh,C[C@H](C1=C(P(c2ccccc2)c2ccccc2)C=C[C@@H]1[Fe]C1C=CC=C1)N(C)P(c1cc(Cl)cc(Cl)c1)c1cc(Cl)cc(Cl)c1,C[C@H](C1=C(P(c2ccccc2)8->c2ccccc2)C=C[C@@H]1[Fe]C1C=CC=C1)N(C)P(c1cc(Cl)cc(Cl)c1)9->c1cc(Cl)cc(Cl)c1.[Rh+]89,3,25,3000,2.854280119,0.984,ferrocene type,"['ferrocene type', 'double P type']",tri-sub
9456,C=C(NC(C)=O)C(=O)OC,COC(=O)[C@@H](C)NC(C)=O,ClCCl,,Rh,C[C@H](c1ccccc1)N(C)p1oc2ccccc2c2ccccc2o1,C[C@H](c1ccccc1)N(C)p8->1oc2ccccc2c2ccccc2o1.[Rh+]8,1,25,100,0.559253221,0.44,single P type,['single P type'],di-sub
3571,CCOC(=O)/C=C(/NC(C)=O)c1ccccc1,CCOC(=O)C[C@@H](NC(C)=O)c1ccccc1,C1CCOC1,,Rh,COC[C@H](Op1oc2ccc3ccccc3c2c2c(ccc3ccccc32)o1)[C@@H](c1ccccc1)P(c1ccccc1)c1ccccc1,COC[C@H](Op9->1oc2ccc3ccccc3c2c2c(ccc3ccccc32)o1)[C@@H](c1ccccc1)P(c1ccccc1)8->c1ccccc1.[Rh+]89,20,25,100,0.749451317,0.56,binol type,"['binol type', 'double P type']",tri-sub
5944,C=C(NC(C)=O)C(=O)OC,COC(=O)[C@@H](C)NC(C)=O,CCOC(C)=O,,Rh,c1ccc2c3c(ccc2c1)CP(n1cccc1)Cc1ccc2ccccc2c1-3,c1ccc2c3c(ccc2c1)CP(n9->1cccc1)8->Cc1ccc2ccccc2c1-3.[Rh+]89,1,25,100,0.784540948,0.58,binol type,"['binol type', 'P,N type']",di-sub
8949,COC(=O)/C=C(\CP(=O)(OC)OC)c1ccc(Cl)cc1,COC(=O)C[C@H](CP(=O)(OC)OC)c1ccc(Cl)cc1,ClCCl,,Rh,C[C@@H](C1=C([P@](c2ccccc2)c2cccc3ccccc23)C=C[C@H]1[Fe]C1C=CC=C1)N(C)P(c1ccc(C(F)(F)F)cc1)c1ccc(C(F)(F)F)cc1,C[C@@H](C1=C([P@](c2ccccc2)9->c2cccc3ccccc23)C=C[C@H]1[Fe]C1C=CC=C1)N(C)P(c1ccc(C(F)(F)F)cc1)8->c1ccc(C(F)(F)F)cc1.[Rh+]89,59,25,100,2.304501335,0.96,ferrocene type,"['ferrocene type', 'double P type']",tri-sub
6344,C=C(NC(C)=O)C(=O)OC,COC(=O)[C@@H](C)NC(C)=O,CO,,Rh,CC(C)P(C)CCP(C)C(C)(C)C,CC(C)P(C)8->CCP(C)9->C(C)(C)C.[Rh+]89,2,25,100,0.988536634,0.683,double P type,['double P type'],di-sub
7547,COC(=O)/C(NC=O)=C(\c1ccc(OC)cc1)C(F)(F)F,COC(=O)[C@H](NC=O)[C@@H](c1ccc(OC)cc1)C(F)(F)F,CO,,Rh,CP(CP(C(C)(C)C)C(C)(C)C)C(C)(C)C,CP(CP(C(C)(C)C)9->C(C)(C)C)8->C(C)(C)C.[Rh+]89,17,60,20,0.544964897,0.39,double P type,['double P type'],tetra-sub
4613,[H]/C=C(/NC(C)=O)C(=O)OC.[H]/C=C(/NC(C)=O)C(=O)OC,COC(=O)[C@H](C)NC(C)=O,ClCCl,,Rh,Cp1oc2ccc3ccccc3c2c2c(ccc3ccccc32)o1,Cp8->1oc2ccc3ccccc3c2c2c(ccc3ccccc32)o1.[Rh+]8,1,25,100,1.881851867,0.92,binol type,"['binol type', 'single P type']",di-sub
192,COC(=O)/C(=C\c1ccccc1)NC(C)=O,COC(=O)[C@@H](Cc1ccccc1)NC(C)=O,ClCCl,,Rh,CC(C)(C)N(N(p1oc2ccc3ccccc3c2c2c(ccc3ccccc32)o1)C(C)(C)C)p1oc2ccc3ccccc3c2c2c(ccc3ccccc32)o1,CC(C)(C)N(N(p8->1oc2ccc3ccccc3c2c2c(ccc3ccccc32)o1)C(C)(C)C)p9->1oc2ccc3ccccc3c2c2c(ccc3ccccc32)o1.[Rh+]89,1,25,100,1.963997164,0.93,binol type,"['binol type', 'double P type']",tri-sub
11589,CCOC(=O)/C(OC(C)=O)=C(\NC(C)=O)c1ccccc1,CCOC(=O)[C@H](OC(C)=O)[C@@H](NC(C)=O)c1ccccc1,C1CCOC1,,Rh,CC(C)(C)P1Cc2ccccc2[C@H]1[C@@H]1c2ccccc2CP1C(C)(C)C,CC(C)(C)P8->1Cc2ccccc2[C@H]1[C@@H]1c2ccccc2CP9->1C(C)(C)C.[Rh+]89,30,25,100,1.68395754,0.89,double P type,['double P type'],tetra-sub
5440,C=C(NC(C)=O)C(=O)OC,COC(=O)[C@@H](C)NC(C)=O,ClCCl,,Rh,CN(C)p1oc2ccc3ccccc3c2c2c(ccc3ccccc32)o1,CN(C)p8->1oc2ccc3ccccc3c2c2c(ccc3ccccc32)o1.[Rh+]8,1,25,20,3.134375973,0.99,binol type,"['binol type', 'single P type']",di-sub
9508,COC(=O)/C(=C/c1ccc(F)cc1)NC(C)=O,COC(=O)[C@@H](Cc1ccc(F)cc1)NC(C)=O,CC(C)=O,,Rh,CCN(CC)p1oc2c(P(c3ccccc3)c3ccccc3)cc3ccccc3c2c2c(o1)c(P(c1ccccc1)c1ccccc1)cc1ccccc12,CCN(CC)p8->1oc2c(P(c3ccccc3)9->c3ccccc3)cc3ccccc3c2c2c(o1)c(P(c1ccccc1)c1ccccc1)cc1ccccc12.[Rh+]89,1,25,100,2.56379954,0.974,binol type,"['binol type', 'double P type']",tri-sub
3241,COC(=O)/C(=C/c1ccccc1)CNC(C)=O,COC(=O)C(CNC(C)=O)Cc1ccccc1,ClCCl,,Rh,CCCCc1ccc(NC(=O)c2ccccc2C(=O)NCc2ccc(COp3oc4ccc5ccccc5c4c4c(ccc5ccccc54)o3)cc2)cc1,CCCCc1ccc(NC(=O)c2ccccc2C(=O)NCc2ccc(COp8->3oc4ccc5ccccc5c4c4c(ccc5ccccc54)o3)cc2)cc1.[Rh+]8,49,25,100,0.858608602,0.62,binol type,"['binol type', 'single P type']",tri-sub
11284,COC(=O)/C(NC(C)=O)=C(/c1ccccc1)c1cn(C(=O)OC(C)(C)C)c2ncccc12,COC(=O)[C@@H](NC(C)=O)[C@@H](c1ccccc1)c1cn(C(=O)OC(C)(C)C)c2ncccc12,CO,,Rh,O[C@H](C1=C[C@H]([Fe]C2C=CC=C2)C=C1P(c1ccccc1)c1ccccc1)c1ccccc1P(c1ccccc1)c1ccccc1,O[C@H](C1=C[C@H]([Fe]C2C=CC=C2)C=C1P(c1ccccc1)8->c1ccccc1)c1ccccc1P(c1ccccc1)9->c1ccccc1.[Rh+]89,34,40,5,1.562516921,0.85,ferrocene type,"['ferrocene type', 'double P type']",tetra-sub
12610,COc1ccccc1C1=CC(=O)OC1=O,COc1ccccc1[C@H]1CC(=O)OC1=O,CCOC(C)=O,,Rh,C[C@H](NC(=S)Nc1cc(C(F)(F)F)cc(C(F)(F)F)c1)C1=C(P(c2ccccc2)c2ccccc2)[C@@H]([Fe][C@H]2C=CC=C2P(c2ccccc2)c2ccccc2)C=C1,C[C@H](NC(=S)Nc1cc(C(F)(F)F)cc(C(F)(F)F)c1)C1=C(P(c2ccccc2)9->c2ccccc2)[C@@H]([Fe][C@H]2C=CC=C2P(c2ccccc2)8->c2ccccc2)C=C1.[Rh+]89,1,25,100,2.304501335,0.96,ferrocene type,"['ferrocene type', 'double P type']",tri-sub
8210,COC(=O)/C(=C/c1ccc2ccccc2c1)NC(C)=O,COC(=O)[C@H](Cc1ccc2ccccc2c1)NC(C)=O,ClCCl,,Rh,CN(C)P1Oc2cccc3c2C2(c4ccccc4O3)c3ccccc3Oc3cccc(c32)O1,CN(C)P8->1Oc2cccc3c2C2(c4ccccc4O3)c3ccccc3Oc3cccc(c32)O1.[Rh+]8,2,25,100,4.089763758,0.998,single P type,['single P type'],tri-sub
12549,CCOC(=O)/C(NC(C)=O)=C(\OC(C)=O)c1ccccc1,CCOC(=O)[C@H](NC(C)=O)[C@@H](OC(C)=O)c1ccccc1,ClCCl,,Rh,C[C@H]1CC[C@H](C)P1c1ccccc1P1[C@@H](C)CC[C@@H]1C,C[C@H]1CC[C@H](C)P8->1c1ccccc1P9->1[C@@H](C)CC[C@@H]1C.[Rh+]89,30,25,50,3.134375973,0.99,double P type,['double P type'],tetra-sub
8944,COC(=O)/C=C(\CP(=O)(OC)OC)c1ccccc1,COC(=O)CC(CP(=O)(OC)OC)c1ccccc1,ClCCl,,Rh,C[C@@H](C1=C([P@](c2ccccc2)c2cccc3ccccc23)C=C[C@H]1[Fe]C1C=CC=C1)N(C)P(c1ccc(C(F)(F)F)cc1)c1ccc(C(F)(F)F)cc1,C[C@@H](C1=C([P@](c2ccccc2)9->c2cccc3ccccc23)C=C[C@H]1[Fe]C1C=CC=C1)N(C)P(c1ccc(C(F)(F)F)cc1)8->c1ccc(C(F)(F)F)cc1.[Rh+]89,59,25,100,2.720952926,0.98,ferrocene type,"['ferrocene type', 'double P type']",tri-sub
5538,C=C(NC(C)=O)C(=O)OC,COC(=O)[C@@H](C)NC(C)=O,CO,,Rh,c1ccc(C[C@@H]2CCCP2CCP2CCC[C@H]2Cc2ccccc2)cc1,c1ccc(C[C@@H]2CCCP8->2CCP9->2CCC[C@H]2Cc2ccccc2)cc1.[Rh+]89,2,25,100,2.169340323,0.95,double P type,['double P type'],di-sub
9990,CC(=O)NC1=Cc2c(Cl)cccc2C1=O,CC(=O)N[C@H]1Cc2c(Cl)cccc2C1=O,CCOC(C)=O,,Rh,CP(CP(C(C)(C)C)C(C)(C)C)C(C)(C)C,CP(CP(C(C)(C)C)9->C(C)(C)C)8->C(C)(C)C.[Rh+]89,3,25,100,2.477862753,0.97,double P type,['double P type'],tri-sub
10145,CCOC(=O)/C=C(\NC(C)=O)c1ccccc1,CCOC(=O)C[C@@H](NC(C)=O)c1ccccc1,CO,,Rh,Fc1cc(F)cc(P(N[C@@H]2CCCc3cccc(P(c4ccccc4)c4ccccc4)c32)c2cc(F)cc(F)c2)c1,Fc1cc(F)cc(P(N[C@@H]2CCCc3cccc(P(c4ccccc4)9->c4ccccc4)c32)8->c2cc(F)cc(F)c2)c1.[Rh+]89,10,25,100,1.889608589,0.921,double P type,['double P type'],tri-sub
12347,CCCCC/C=C(\NC(C)=O)C(=O)OC,CCCCCC[C@H](NC(C)=O)C(=O)OC,CO,,Rh,CC(C)(C)P1Cc2ccc3ccccc3c2-c2c(ccc3ccccc23)[C@@H]1[C@H]1c2ccc3ccccc3c2-c2c(ccc3ccccc23)CP1C(C)(C)C,CC(C)(C)P8->1Cc2ccc3ccccc3c2-c2c(ccc3ccccc23)[C@@H]1[C@H]1c2ccc3ccccc3c2-c2c(ccc3ccccc23)CP9->1C(C)(C)C.[Rh+]89,7,25,100,2.181606732,0.951,binol type,"['binol type', 'double P type']",tri-sub
8533,COC(=O)/C(=C/c1ccccc1OC)NC(C)=O,COC(=O)[C@H](Cc1ccccc1OC)NC(C)=O,CO,,Rh,CP(NP(C(C)(C)C)C(C)(C)C)C(C)(C)C,CP(NP(C(C)(C)C)9->C(C)(C)C)8->C(C)(C)C.[Rh+]89,1,25,100,2.720952926,0.98,double P type,['double P type'],tri-sub
1371,C=C(NC(C)=O)C(=O)OC,COC(=O)[C@H](C)NC(C)=O,ClCCl,,Rh,CC[C@H](CCN1[C]N(c2c(C(C)C)cccc2C(C)C)C=C1)P(c1ccccc1)c1ccccc1,CC[C@H](CCN1[C]N(c2c(C(C)C)cccc2C(C)C)C=C1)P(c1ccccc1)8->c1ccccc1.[Rh+]8,20,25,50,0.487686304,0.39,others,['others'],di-sub
6901,COC(=O)/C(=C/c1ccc(Cl)cc1)NC(C)=O,COC(=O)[C@H](Cc1ccc(Cl)cc1)NC(C)=O,ClCCl,,Rh,CO[C@@H]1COC(c2ccccc2)O[C@H]1[C@@H]1OC(c2ccccc2)OC[C@H]1Op1oc2ccc3ccccc3c2c2c(ccc3ccccc32)o1,CO[C@@H]1COC(c2ccccc2)O[C@H]1[C@@H]1OC(c2ccccc2)OC[C@H]1Op8->1oc2ccc3ccccc3c2c2c(ccc3ccccc32)o1.[Rh+]8,1.2,20,100,2.45632097,0.971,binol type,"['binol type', 'single P type']",tri-sub
204,COC(=O)/C(=C\c1ccccc1)NC(C)=O,COC(=O)[C@H](Cc1ccccc1)NC(C)=O,ClCCl,,Rh,Cc1ccccc1N(N(c1ccccc1C)p1oc2ccc3ccccc3c2c2c(ccc3ccccc32)o1)p1oc2ccc3ccccc3c2c2c(ccc3ccccc32)o1,Cc1ccccc1N(N(c1ccccc1C)p8->1oc2ccc3ccccc3c2c2c(ccc3ccccc32)o1)p9->1oc2ccc3ccccc3c2c2c(ccc3ccccc32)o1.[Rh+]89,5,25,100,0.820879938,0.6,binol type,"['binol type', 'double P type']",tri-sub
11596,CCOC(=O)/C(OC(C)=O)=C(\NC(C)=O)c1ccccc1,CCOC(=O)[C@H](OC(C)=O)[C@@H](NC(C)=O)c1ccccc1,ClCCl,,Rh,C[C@H]1CC[C@H](C)P1c1ccccc1P1[C@@H](C)CC[C@@H]1C,C[C@H]1CC[C@H](C)P8->1c1ccccc1P9->1[C@@H](C)CC[C@@H]1C.[Rh+]89,30,25,100,0.154832513,0.13,double P type,['double P type'],tetra-sub
6359,COC(=O)C(NC(C)=O)=C(C)C,COC(=O)[C@H](NC(C)=O)C(C)C,CO,,Rh,CP(CCP(C)C1CCCCC1)C1CCCCC1,CP(CCP(C)9->C1CCCCC1)8->C1CCCCC1.[Rh+]89,2,25,100,1.802162586,0.909,double P type,['double P type'],tetra-sub
3561,COC(=O)/C(=C/c1ccc([N+](=O)[O-])cc1)NC(C)=O,COC(=O)[C@@H](Cc1ccc([N+](=O)[O-])cc1)NC(C)=O,C1CCOC1,,Rh,COC[C@H](Op1oc2ccc3ccccc3c2c2c(ccc3ccccc32)o1)[C@@H](c1ccccc1)P(c1ccccc1)c1ccccc1,COC[C@H](Op9->1oc2ccc3ccccc3c2c2c(ccc3ccccc32)o1)[C@@H](c1ccccc1)P(c1ccccc1)8->c1ccccc1.[Rh+]89,20,25,100,3.134375973,0.99,binol type,"['binol type', 'double P type']",tri-sub
3836,O=C(NC1=Cc2ccccc2CC1)c1ccccc1,O=C(NC1CCc2ccccc2C1)c1ccccc1,CO,,Rh,C1=CC([Fe][C@H]2C=CC(P(c3ccccc3)c3ccccc3)=C2CP(C2CCCCC2)C2CCCCC2)C=C1,C1=CC([Fe][C@H]2C=CC(P(c3ccccc3)8->c3ccccc3)=C2CP(C2CCCCC2)9->C2CCCCC2)C=C1.[Rh+]89,5,25,100,0.446338215,0.36,ferrocene type,"['ferrocene type', 'double P type']",tri-sub
12111,CC(=O)N/C(=C\c1ccccc1)C(F)(F)F,CC(=O)N[C@@H](Cc1ccccc1)C(F)(F)F,CO,,Rh,c1ccc(P(c2ccccc2)c2ccc3ccccc3c2-c2c(P(c3ccccc3)c3ccccc3)ccc3ccccc23)cc1,c1ccc(P(c2ccccc2)8->c2ccc3ccccc3c2-c2c(P(c3ccccc3)9->c3ccccc3)ccc3ccccc23)cc1.[Rh+]89,5,25,100,0.05926339,0.05,double P type,['double P type'],tri-sub
4342,COC(=O)/C(=C/c1cccc(F)c1)NC(C)=O,COC(=O)[C@H](Cc1cccc(F)c1)NC(C)=O,CO,,Rh,CC(C)(C)Oc1ccccc1P(CCP(c1ccccc1)c1ccccc1OC(C)(C)C)c1ccccc1,CC(C)(C)Oc1ccccc1P(CCP(c1ccccc1)9->c1ccccc1OC(C)(C)C)8->c1ccccc1.[Rh+]89,1,22,1000,4.455192972,0.999,double P type,['double P type'],tri-sub
5283,C=C(NC(C)=O)C(=O)OC,COC(=O)[C@H](C)NC(C)=O,ClCCl,,Rh,COc1cc(C(C)(C)C)c2op(NC[C@H]3O[C@H]4OC(C)(C)O[C@H]4[C@H]3Op3oc4c(C(C)(C)C)cc(OC)cc4c4cc(OC)cc(C(C)(C)C)c4o3)oc3c(C(C)(C)C)cc(OC)cc3c2c1,COc1cc(C(C)(C)C)c2op(NC[C@H]3O[C@H]4OC(C)(C)O[C@H]4[C@H]3Op9->3oc4c(C(C)(C)C)cc(OC)cc4c4cc(OC)cc(C(C)(C)C)c4o3)8->oc3c(C(C)(C)C)cc(OC)cc3c2c1.[Rh+]89,30,5,100,2.538338636,0.98,double P type,['double P type'],di-sub
11098,COC(=O)/C=C(\C#N)c1ccccc1,COC(=O)C[C@@H](C#N)c1ccccc1,CO,,Rh,C[C@@H](C1=C(P(c2ccccc2)c2ccccc2)[C@@H]([Fe][C@H]2C=CC=C2P(c2ccccc2)c2ccccc2)C=C1)N(C)C(=S)Nc1cc(C(F)(F)F)cc(C(F)(F)F)c1,C[C@@H](C1=C(P(c2ccccc2)8->c2ccccc2)[C@@H]([Fe][C@H]2C=CC=C2P(c2ccccc2)9->c2ccccc2)C=C1)N(C)C(=S)Nc1cc(C(F)(F)F)cc(C(F)(F)F)c1.[Rh+]89,50,20,100,2.675299354,0.98,ferrocene type,"['ferrocene type', 'double P type']",tri-sub
11708,CCOC(=O)/C=C(\Sc1ccc(C)cc1)c1ccc2ccccc2c1,CCOC(=O)C[C@H](Sc1ccc(C)cc1)c1ccc2ccccc2c1,OCC(F)(F)F,,Rh,C[C@H](NC(=S)Nc1cc(C(F)(F)F)cc(C(F)(F)F)c1)C1=C(P(c2ccccc2)c2ccccc2)[C@@H]([Fe][C@H]2C=CC=C2P(c2ccccc2)c2ccccc2)C=C1,C[C@H](NC(=S)Nc1cc(C(F)(F)F)cc(C(F)(F)F)c1)C1=C(P(c2ccccc2)9->c2ccccc2)[C@@H]([Fe][C@H]2C=CC=C2P(c2ccccc2)8->c2ccccc2)C=C1.[Rh+]89,50,60,100,2.768886902,0.97,ferrocene type,"['ferrocene type', 'double P type']",tri-sub
9529,COC(=O)/C(=C/c1ccc(C(F)(F)F)cc1)NC(C)=O,COC(=O)[C@@H](Cc1ccc(C(F)(F)F)cc1)NC(C)=O,CC(C)=O,,Rh,CC(C)N(C(C)C)p1oc2c(P(c3ccccc3)c3ccccc3)cc3ccccc3c2c2c(o1)c(P(c1ccccc1)c1ccccc1)cc1ccccc12,CC(C)N(C(C)C)p18->oc2c(P(c3ccccc3)c3ccccc3)cc3ccccc3c2c2c(o1)c(P(c1ccccc1)c1ccccc1)cc1ccccc12.[Rh+]8,1,25,100,2.519317024,0.972,binol type,"['binol type', 'single P type']",tri-sub
9981,CC(=O)NC1=Cc2cc(C)ccc2C1=O,CC(=O)N[C@H]1Cc2cc(C)ccc2C1=O,CCOC(C)=O,,Rh,CP(CP(C(C)(C)C)C(C)(C)C)C(C)(C)C,CP(CP(C(C)(C)C)9->C(C)(C)C)8->C(C)(C)C.[Rh+]89,3,25,100,3.134375973,0.99,double P type,['double P type'],tri-sub
9662,COC(=O)/C(=C/c1cccc(Br)c1)NC(C)=O,COC(=O)[C@@H](Cc1cccc(Br)c1)NC(C)=O,CC(C)=O,,Rh,CCN(CC)p1oc2c(P(c3ccccc3)c3ccccc3)cc3ccccc3c2c2c(o1)c(P(c1ccccc1)c1ccccc1)cc1ccccc12,CCN(CC)p8->1oc2c(P(c3ccccc3)9->c3ccccc3)cc3ccccc3c2c2c(o1)c(P(c1ccccc1)c1ccccc1)cc1ccccc12.[Rh+]89,1,25,100,2.720952926,0.98,binol type,"['binol type', 'double P type']",tri-sub
5208,COC(=O)/C(=C/c1ccc(F)c([N+](=O)[O-])c1)NC(C)=O,COC(=O)[C@@H](Cc1ccc(F)c([N+](=O)[O-])c1)NC(C)=O,ClCCl,,Rh,CN(C)p1oc2ccc3ccccc3c2c2c(ccc3ccccc32)o1,CN(C)p8->1oc2ccc3ccccc3c2c2c(ccc3ccccc32)o1.[Rh+]8,5,25,100,2.169340323,0.95,binol type,"['binol type', 'single P type']",tri-sub
5787,C=C(NC(C)=O)C(=O)OC,COC(=O)[C@H](C)NC(C)=O,CO,,Rh,Fc1c(F)c(F)c(COc2ccccc2P(CCP(c2ccccc2)c2ccccc2OCc2c(F)c(F)c(F)c(F)c2F)c2ccccc2)c(F)c1F,Fc1c(F)c(F)c(COc2ccccc2P(CCP(c2ccccc2)9->c2ccccc2OCc2c(F)c(F)c(F)c(F)c2F)8->c2ccccc2)c(F)c1F.[Rh+]89,1,25,1000,3.849375327,0.997,double P type,['double P type'],di-sub
11303,COC(=O)/C(NC(=O)OC(C)(C)C)=C(/c1ccc(Cl)cc1)c1cc(F)cc(F)c1,COC(=O)[C@@H](NC(=O)OC(C)(C)C)[C@@H](c1ccc(Cl)cc1)c1cc(F)cc(F)c1,CO,,Rh,C[C@H](C1=C[C@@H]([Fe]C2C=CC=C2)C=C1P(c1ccco1)c1ccco1)P(C(C)(C)C)C(C)(C)C,C[C@H](C1=C[C@@H]([Fe]C2C=CC=C2)C=C1P(c1ccco1)8->c1ccco1)P(C(C)(C)C)9->C(C)(C)C.[Rh+]89,8,80,10,2.935186416,0.97,ferrocene type,"['ferrocene type', 'double P type']",tetra-sub
12561,CCOC(=O)/C(NC(C)=O)=C(\OC(C)=O)c1ccc(C(C)(C)C)cc1,CCOC(=O)[C@@H](NC(C)=O)[C@H](OC(C)=O)c1ccc(C(C)(C)C)cc1,ClCCl,,Rh,CC(C)(C)P1Cc2ccccc2C1[C@H]1c2ccccc2CP1C(C)(C)C,CC(C)(C)P8->1Cc2ccccc2C1[C@H]1c2ccccc2CP9->1C(C)(C)C.[Rh+]89,30,25,50,3.134375973,0.99,double P type,['double P type'],tetra-sub
11603,CCOC(=O)/C(OC(C)=O)=C(\NC(C)=O)c1ccccc1,CCOC(=O)[C@H](OC(C)=O)[C@@H](NC(C)=O)c1ccccc1,ClCCl,,Rh,CC(C)(C)P1Cc2ccccc2[C@H]1[C@@H]1c2ccccc2CP1C(C)(C)C,CC(C)(C)P8->1Cc2ccccc2[C@H]1[C@@H]1c2ccccc2CP9->1C(C)(C)C.[Rh+]89,10,25,100,2.477862753,0.97,double P type,['double P type'],tetra-sub
1733,COC(=O)/C(=C/c1ccc(F)cc1)NC(=O)c1ccccc1,COC(=O)[C@H](Cc1ccc(F)cc1)NC(=O)c1ccccc1,C1CCOC1,,Rh,C[C@H](C1=C(P(c2ccccc2)c2ccccc2)[C@H]([Fe]C2C=CC=C2)C=C1)N(C)p1oc2ccc3ccccc3c2c2c(ccc3ccccc32)o1,C[C@H](C1=C(P(c2ccccc2)8->c2ccccc2)[C@H]([Fe]C2C=CC=C2)C=C1)N(C)p9->1oc2ccc3ccccc3c2c2c(ccc3ccccc32)o1.[Rh+]89,20.7,25,100,3.134375973,0.99,binol type,"['binol type', 'ferrocene type', 'double P type']",tri-sub
5368,CC(=O)NC1=Cc2ccccc2CC1,CC(=O)NC1CCc2ccccc2C1,ClCCl,,Rh,O=C(Nc1ccccc1)N[C@@H](c1ccccc1)[C@H](c1ccccc1)P1Cc2ccc3ccccc3c2-c2c(ccc3ccccc23)C1,O=C(Nc1ccccc1)N[C@@H](c1ccccc1)[C@H](c1ccccc1)P8->1Cc2ccc3ccccc3c2-c2c(ccc3ccccc23)C1.[Rh+]8,20,25,50,0.133198116,0.112,binol type,"['binol type', 'single P type']",tri-sub
7998,C/C=C(\NC(C)=O)C(=O)OC,CC[C@@H](NC(C)=O)C(=O)OC,ClCCl,,Rh,CN(C)p1oc2ccc3c(c2c2c4c(ccc2o1)CCCC4)CCCC3,CN(C)p8->1oc2ccc3c(c2c2c4c(ccc2o1)CCCC4)CCCC3.[Rh+]8,5,25,50,2.058336063,0.94,binol type,"['binol type', 'single P type']",tri-sub
6360,COC(=O)C(NC(C)=O)=C(C)C,COC(=O)[C@H](NC(C)=O)C(C)C,CO,,Rh,CP(CCP(C)C(C)(C)C)C1CCCCC1,CP(CCP(C)9->C(C)(C)C)8->C1CCCCC1.[Rh+]89,2,25,100,2.009411494,0.935,double P type,['double P type'],tetra-sub
5935,C=C(NC(C)=O)C(=O)OC,COC(=O)[C@@H](C)NC(C)=O,C1CCOC1,,Rh,CCN(CC)P1Cc2ccc3ccccc3c2-c2c(ccc3ccccc23)C1,CCN(CC)P8->1Cc2ccc3ccccc3c2-c2c(ccc3ccccc23)C1.[Rh+]8,1,25,100,0.858608602,0.62,binol type,"['binol type', 'single P type']",di-sub
6042,C=C(NC(C)=O)C(=O)OC,COC(=O)[C@H](C)NC(C)=O,ClCCl,,Rh,COp1oc2ccc3ccccc3c2c2c(ccc3ccccc32)o1,COp8->1oc2ccc3ccccc3c2c2c(ccc3ccccc32)o1.[Rh+]8,1,25,1000,1.963997164,0.93,binol type,"['binol type', 'single P type']",di-sub
6503,C=C(NC(C)=O)C(=O)OC,COC(=O)[C@@H](C)NC(C)=O,ClCCl,,Rh,COc1ccc(C(=O)Nc2cccc(COp3oc4ccc5ccccc5c4c4c(ccc5ccccc54)o3)c2)cc1,COc1ccc(C(=O)Nc2cccc(COp8->3oc4ccc5ccccc5c4c4c(ccc5ccccc54)o3)c2)cc1.[Rh+]8,1,25,100,2.477862753,0.97,binol type,"['binol type', 'single P type']",di-sub
9673,COC(=O)/C(=C/Sc1ccccc1)NC(C)=O,COC(=O)[C@@H](CSc1ccccc1)NC(C)=O,CC(C)=O,,Rh,CN(C)p1oc2c(P(c3ccccc3)c3ccccc3)cc3ccccc3c2c2c(o1)c(P(c1ccccc1)c1ccccc1)cc1ccccc12,CN(C)p9->1oc2c(P(c3ccccc3)c3ccccc3)cc3ccccc3c2c2c(o1)c(P(c1ccccc1)8->c1ccccc1)cc1ccccc12.[Rh+]89,1,25,100,1.866613257,0.918,binol type,"['binol type', 'double P type']",tri-sub
11115,COC(=O)/C=C(\C#N)c1ccc(Cl)cc1,COC(=O)C[C@@H](C#N)c1ccc(Cl)cc1,CO,,Rh,C[C@H](NC(=S)Nc1cc(C(F)(F)F)cc(C(F)(F)F)c1)C1=C(P(c2ccccc2)c2ccccc2)[C@@H]([Fe][C@H]2C=CC=C2P(c2ccccc2)c2ccccc2)C=C1,C[C@H](NC(=S)Nc1cc(C(F)(F)F)cc(C(F)(F)F)c1)C1=C(P(c2ccccc2)9->c2ccccc2)[C@@H]([Fe][C@H]2C=CC=C2P(c2ccccc2)8->c2ccccc2)C=C1.[Rh+]89,50,35,100,2.029903109,0.93,ferrocene type,"['ferrocene type', 'double P type']",tri-sub
12008,CCOC(=O)/C=C(/c1ccc(Cl)cc1)[Si](CC)(CC)CC,CCOC(=O)C[C@H](c1ccc(Cl)cc1)[Si](CC)(CC)CC,OCC(F)(F)F,,Rh,C[C@H](NC(=S)Nc1cc(C(F)(F)F)cc(C(F)(F)F)c1)C1=C(P(c2ccccc2)c2ccccc2)[C@@H]([Fe][C@H]2C=CC=C2P(c2ccccc2)c2ccccc2)C=C1,C[C@H](NC(=S)Nc1cc(C(F)(F)F)cc(C(F)(F)F)c1)C1=C(P(c2ccccc2)9->c2ccccc2)[C@@H]([Fe][C@H]2C=CC=C2P(c2ccccc2)8->c2ccccc2)C=C1.[Rh+]89,50,40,100,3.292146576,0.99,ferrocene type,"['ferrocene type', 'double P type']",tri-sub
11120,COC(=O)/C=C(\C#N)c1ccccc1F,COC(=O)C[C@@H](C#N)c1ccccc1F,CO,,Rh,C[C@@H](C1=C(P(c2ccccc2)c2ccccc2)[C@@H]([Fe][C@H]2C=CC=C2P(c2ccccc2)c2ccccc2)C=C1)N(C)C(=S)Nc1cc(C(F)(F)F)cc(C(F)(F)F)c1,C[C@@H](C1=C(P(c2ccccc2)8->c2ccccc2)[C@@H]([Fe][C@H]2C=CC=C2P(c2ccccc2)9->c2ccccc2)C=C1)N(C)C(=S)Nc1cc(C(F)(F)F)cc(C(F)(F)F)c1.[Rh+]89,50,20,100,3.081785772,0.99,ferrocene type,"['ferrocene type', 'double P type']",tri-sub
11594,CCOC(=O)/C(OC(C)=O)=C(\NC(C)=O)c1ccccc1,CCOC(=O)[C@H](OC(C)=O)[C@@H](NC(C)=O)c1ccccc1,ClCCl,,Rh,CC(C)(C)P1Cc2ccccc2[C@H]1[C@@H]1c2ccccc2CP1C(C)(C)C,CC(C)(C)P8->1Cc2ccccc2[C@H]1[C@@H]1c2ccccc2CP9->1C(C)(C)C.[Rh+]89,30,25,100,2.169340323,0.95,double P type,['double P type'],tetra-sub
7297,C=C(NC(C)=O)C(=O)OC,COC(=O)[C@H](C)NC(C)=O,CO,,Rh,O=C[Cr](C=O)C=O.c1ccc(P(c2ccccc2)c2cccc3c2[C@@H](P(C2CCCCC2)C2CCCCC2)CC3)cc1,O=C[Cr](C=O)C=O.c1ccc(P(c2ccccc2)8->c2cccc3c2[C@@H](P(C2CCCCC2)9->C2CCCCC2)CC3)cc1.[Rh+]89,1,25,100,1.701270269,0.893,double P type,['double P type'],di-sub
4334,C=C(NC(C)=O)C(=O)OC,COC(=O)[C@H](C)NC(C)=O,CO,F[B-](F)(F)F.[H+],Rh,CC(C)(C)Oc1ccccc1P(CCP(c1ccccc1)c1ccccc1OC(C)(C)C)c1ccccc1,CC(C)(C)Oc1ccccc1P(CCP(c1ccccc1)9->c1ccccc1OC(C)(C)C)8->c1ccccc1.[Rh+]89,1,22,1000,4.455192972,0.999,double P type,['double P type'],di-sub
4339,COC(=O)/C(=C/c1ccccc1F)NC(C)=O,COC(=O)[C@H](Cc1ccccc1F)NC(C)=O,CO,,Rh,CC(C)(C)Oc1ccccc1P(CCP(c1ccccc1)c1ccccc1OC(C)(C)C)c1ccccc1,CC(C)(C)Oc1ccccc1P(CCP(c1ccccc1)9->c1ccccc1OC(C)(C)C)8->c1ccccc1.[Rh+]89,1,22,10000,4.048591639,0.998,double P type,['double P type'],tri-sub
205,COC(=O)/C(=C\c1ccc(F)cc1)NC(C)=O,COC(=O)[C@H](Cc1ccc(F)cc1)NC(C)=O,ClCCl,,Rh,Cc1ccccc1N(N(c1ccccc1C)p1oc2ccc3ccccc3c2c2c(ccc3ccccc32)o1)p1oc2ccc3ccccc3c2c2c(ccc3ccccc32)o1,Cc1ccccc1N(N(c1ccccc1C)p8->1oc2ccc3ccccc3c2c2c(ccc3ccccc32)o1)p9->1oc2ccc3ccccc3c2c2c(ccc3ccccc32)o1.[Rh+]89,5,25,100,0.784540948,0.58,binol type,"['binol type', 'double P type']",tri-sub
11297,COC(=O)/C(NC(C)=O)=C(/c1ccccc1)c1cn(C(=O)OC(C)(C)C)c2ncccc12,COC(=O)[C@@H](NC(C)=O)[C@@H](c1ccccc1)c1cn(C(=O)OC(C)(C)C)c2ncccc12,CO,,Rh,C[C@H](C1=C(P(c2ccc(C(F)(F)F)cc2)c2ccc(C(F)(F)F)cc2)[C@H]([Fe]C2C=CC=C2)C=C1)P(C(C)(C)C)C(C)(C)C,C[C@H](C1=C(P(c2ccc(C(F)(F)F)cc2)8->c2ccc(C(F)(F)F)cc2)[C@H]([Fe]C2C=CC=C2)C=C1)P(C(C)(C)C)9->C(C)(C)C.[Rh+]89,34,40,20,2.602587389,0.97,ferrocene type,"['ferrocene type', 'double P type']",tetra-sub
7981,COC(=O)/C=C(\NC(C)=O)c1ccccc1,COOCC[C@@H](NC(C)=O)c1ccccc1,ClCCl,,Rh,CN(C)P1Oc2cccc3c2C2(CC3)CCc3cccc(c32)O1,CN(C)P8->1Oc2cccc3c2C2(CC3)CCc3cccc(c32)O1.[Rh+]8,100,25,50,1.743519237,0.9,single P type,['single P type'],tri-sub
7231,C=C(NC(C)=O)C(=O)OC,COC(=O)[C@@H](C)NC(C)=O,ClCCl,,Rh,COC(=O)[C@@H](Np1oc2c(C(C)(C)C)cc3cc(OC)ccc3c2c2c(o1)c(C(C)(C)C)cc1cc(OC)ccc12)C(C)C,COC(=O)[C@@H](Np8->1oc2c(C(C)(C)C)cc3cc(OC)ccc3c2c2c(o1)c(C(C)(C)C)cc1cc(OC)ccc12)C(C)C.[Rh+]8,10,25,100,0.666429283,0.51,binol type,"['binol type', 'single P type']",di-sub
12006,CCOC(=O)/C=C(/c1cccc(F)c1)[Si](CC)(CC)CC,CCOC(=O)C[C@H](c1cccc(F)c1)[Si](CC)(CC)CC,OCC(F)(F)F,,Rh,C[C@H](NC(=S)Nc1cc(C(F)(F)F)cc(C(F)(F)F)c1)C1=C(P(c2ccccc2)c2ccccc2)[C@@H]([Fe][C@H]2C=CC=C2P(c2ccccc2)c2ccccc2)C=C1,C[C@H](NC(=S)Nc1cc(C(F)(F)F)cc(C(F)(F)F)c1)C1=C(P(c2ccccc2)9->c2ccccc2)[C@@H]([Fe][C@H]2C=CC=C2P(c2ccccc2)8->c2ccccc2)C=C1.[Rh+]89,50,40,100,2.278535306,0.95,ferrocene type,"['ferrocene type', 'double P type']",tri-sub
11299,COC(=O)/C(NC(C)=O)=C(/c1ccccc1)c1cn(C(=O)OC(C)(C)C)c2ncccc12,COC(=O)[C@@H](NC(C)=O)[C@@H](c1ccccc1)c1cn(C(=O)OC(C)(C)C)c2ncccc12,CO,,Rh,C[C@H](C1=C(P(c2ccc(C(F)(F)F)cc2)c2ccc(C(F)(F)F)cc2)[C@H]([Fe]C2C=CC=C2)C=C1)P(C(C)(C)C)C(C)(C)C,C[C@H](C1=C(P(c2ccc(C(F)(F)F)cc2)8->c2ccc(C(F)(F)F)cc2)[C@H]([Fe]C2C=CC=C2)C=C1)P(C(C)(C)C)9->C(C)(C)C.[Rh+]89,34,40,100,2.062856082,0.93,ferrocene type,"['ferrocene type', 'double P type']",tetra-sub
4584,[H]/C=C(/NC(C)=O)C(=O)OC.[H]/C=C(/NC(C)=O)C(=O)OC,COC(=O)[C@H](C)NC(C)=O,ClCCl,,Rh,Clp1oc2ccc3ccccc3c2c2c(ccc3ccccc32)o1,Clp8->1oc2ccc3ccccc3c2c2c(ccc3ccccc32)o1.[Rh+]8,1,20,1000,0.086324064,0.074,binol type,"['binol type', 'single P type']",di-sub
6378,CC/C(C)=C(\NC(C)=O)C(=O)OC,CC[C@@H](C)[C@@H](NC(C)=O)C(=O)OC,CO,,Rh,CP(CCP(C)C(C)(C)C)C1CCCCC1,CP(CCP(C)9->C(C)(C)C)8->C1CCCCC1.[Rh+]89,2,25,100,2.028529081,0.937,double P type,['double P type'],tetra-sub
11088,COC(=O)/C=C(\C#N)c1ccccc1,COC(=O)C[C@@H](C#N)c1ccccc1,CO,,Rh,CC(C)(C)P1Cc2ccccc2C1[C@H]1c2ccccc2CP1C(C)(C)C,CC(C)(C)P8->1Cc2ccccc2C1[C@H]1c2ccccc2CP9->1C(C)(C)C.[Rh+]89,30,20,100,0,0,double P type,['double P type'],tri-sub
3563,COC(=O)/C(=C/c1ccc(F)cc1)NC(C)=O,COC(=O)[C@@H](Cc1ccc(F)cc1)NC(C)=O,C1CCOC1,,Rh,COC[C@H](Op1oc2ccc3ccccc3c2c2c(ccc3ccccc32)o1)[C@@H](c1ccccc1)P(c1ccccc1)c1ccccc1,COC[C@H](Op9->1oc2ccc3ccccc3c2c2c(ccc3ccccc32)o1)[C@@H](c1ccccc1)P(c1ccccc1)8->c1ccccc1.[Rh+]89,20,25,100,3.134375973,0.99,binol type,"['binol type', 'double P type']",tri-sub
6563,COC(=O)/C(=C/c1ccccc1)CN(C)C(C)=O,COC(=O)C(Cc1ccccc1)CN(C)C(C)=O,ClCCl,,Rh,COc1ccc(C(=O)NCc2ccc(COp3oc4ccc5ccccc5c4c4c(ccc5ccccc54)o3)cc2)cc1,COc1ccc(C(=O)NCc2ccc(COp8->3oc4ccc5ccccc5c4c4c(ccc5ccccc54)o3)cc2)cc1.[Rh+]8,49,25,100,1.809015734,0.91,binol type,"['binol type', 'single P type']",tri-sub
11831,O=C1OCCC/C1=C\c1ccc(Cl)cc1,O=C1OCCC[C@@H]1Cc1ccc(Cl)cc1,ClCCCl,,Rh,C[C@H](NC(=S)Nc1cc(C(F)(F)F)cc(C(F)(F)F)c1)C1=C(P(c2ccccc2)c2ccccc2)[C@@H]([Fe][C@H]2C=CC=C2P(c2ccccc2)c2ccccc2)C=C1,C[C@H](NC(=S)Nc1cc(C(F)(F)F)cc(C(F)(F)F)c1)C1=C(P(c2ccccc2)9->c2ccccc2)[C@@H]([Fe][C@H]2C=CC=C2P(c2ccccc2)8->c2ccccc2)C=C1.[Rh+]89,50,35,50,2.812260071,0.98,ferrocene type,"['ferrocene type', 'double P type']",tri-sub
11714,CCOC(=O)/C=C(/B1OC(C)(C)C(C)(C)O1)c1ccccc1,CCOC(=O)C[C@H](B1OC(C)(C)C(C)(C)O1)c1ccccc1,CCCCCC,,Rh,C[C@H](NC(=S)Nc1cc(C(F)(F)F)cc(C(F)(F)F)c1)C1=C(P(c2ccccc2)c2ccccc2)[C@@H]([Fe][C@H]2C=CC=C2P(c2ccccc2)c2ccccc2)C=C1,C[C@H](NC(=S)Nc1cc(C(F)(F)F)cc(C(F)(F)F)c1)C1=C(P(c2ccccc2)9->c2ccccc2)[C@@H]([Fe][C@H]2C=CC=C2P(c2ccccc2)8->c2ccccc2)C=C1.[Rh+]89,50,30,100,1.996950137,0.93,ferrocene type,"['ferrocene type', 'double P type']",tri-sub
11989,CCOC(=O)/C=C(/c1ccccc1)[Si](C)(C)C,CCOC(=O)C[C@H](c1ccccc1)[Si](C)(C)C,CC(C)O,,Rh,CC(C)(C)P1Cc2ccccc2C1[C@H]1c2ccccc2CP1C(C)(C)C,CC(C)(C)P8->1Cc2ccccc2C1[C@H]1c2ccccc2CP9->1C(C)(C)C.[Rh+]89,50,40,100,0.291306122,0.23,double P type,['double P type'],tri-sub
5639,CC(=O)N/C(=C\c1ccc2ccccc2c1)C(=O)O,CC(=O)N[C@H](Cc1ccc2ccccc2c1)C(=O)O,CO,,Rh,CC(C)(C)P1CCC[C@@H]1[C@H]1CCCP1C(C)(C)C,CC(C)(C)P8->1CCC[C@@H]1[C@H]1CCCP9->1C(C)(C)C.[Rh+]89,1,25,100,3.134375973,0.99,double P type,['double P type'],tri-sub
2969,C=C(NC(C)=O)C(=O)OC,COC(=O)[C@@H](C)NC(C)=O,ClCCl,,Rh,CN(C)p1oc2ccc3ccccc3c2c2c(o1)c(COC(=O)c1ccccc1)cc1ccccc12,CN(C)p8->1oc2ccc3ccccc3c2c2c(o1)c(COC(=O)c1ccccc1)cc1ccccc12.[Rh+]8,1,25,200,2.81808334,0.983,binol type,"['binol type', 'single P type']",di-sub
11990,CCOC(=O)/C=C(/c1ccccc1)[Si](C)(C)C,CCOC(=O)C[C@H](c1ccccc1)[Si](C)(C)C,CC(C)O,,Rh,CC(C)(C)P1Cc2ccc3ccccc3c2-c2c(ccc3ccccc23)[C@@H]1[C@H]1c2ccc3ccccc3c2-c2c(ccc3ccccc23)CP1C(C)(C)C,CC(C)(C)P8->1Cc2ccc3ccccc3c2-c2c(ccc3ccccc23)[C@@H]1[C@H]1c2ccc3ccccc3c2-c2c(ccc3ccccc23)CP9->1C(C)(C)C.[Rh+]89,50,40,100,1.103559842,0.71,binol type,"['binol type', 'double P type']",tri-sub
9523,COC(=O)/C(=C/c1ccc(OC)cc1)NC(C)=O,COC(=O)[C@@H](Cc1ccc(OC)cc1)NC(C)=O,CC(C)=O,,Rh,CN(C)p1oc2c(P(c3ccccc3)c3ccccc3)cc3ccccc3c2c2c(o1)c(P(c1ccccc1)c1ccccc1)cc1ccccc12,CN(C)p9->1oc2c(P(c3ccccc3)c3ccccc3)cc3ccccc3c2c2c(o1)c(P(c1ccccc1)8->c1ccccc1)cc1ccccc12.[Rh+]89,1,25,100,2.368096697,0.964,binol type,"['binol type', 'double P type']",tri-sub
9993,CC(=O)NC1=Cc2c(ccc(Cl)c2Cl)C1=O,CC(=O)N[C@H]1Cc2c(ccc(Cl)c2Cl)C1=O,CCOC(C)=O,,Rh,CP(CP(C(C)(C)C)C(C)(C)C)C(C)(C)C,CP(CP(C(C)(C)C)9->C(C)(C)C)8->C(C)(C)C.[Rh+]89,3,25,100,3.134375973,0.99,double P type,['double P type'],tri-sub
1884,COC(=O)/C(=C/c1ccc(F)cc1)NC(C)=O,COC(=O)[C@H](Cc1ccc(F)cc1)NC(C)=O,ClCCl,,Rh,c1ccc(N(N(c2ccccc2)p2oc3ccc4ccccc4c3c3c(ccc4ccccc43)o2)p2oc3ccc4ccccc4c3c3c(ccc4ccccc43)o2)cc1,c1ccc(N(N(c2ccccc2)p8->2oc3ccc4ccccc4c3c3c(ccc4ccccc43)o2)p9->2oc3ccc4ccccc4c3c3c(ccc4ccccc43)o2)cc1.[Rh+]89,5,25,100,1.809015734,0.91,binol type,"['binol type', 'double P type']",tri-sub
11828,CC(C)(C)c1ccc(/C=C2\CCCOC2=O)cc1,CC(C)(C)c1ccc(C[C@H]2CCCOC2=O)cc1,ClCCCl,,Rh,C[C@H](NC(=S)Nc1cc(C(F)(F)F)cc(C(F)(F)F)c1)C1=C(P(c2ccccc2)c2ccccc2)[C@@H]([Fe][C@H]2C=CC=C2P(c2ccccc2)c2ccccc2)C=C1,C[C@H](NC(=S)Nc1cc(C(F)(F)F)cc(C(F)(F)F)c1)C1=C(P(c2ccccc2)9->c2ccccc2)[C@@H]([Fe][C@H]2C=CC=C2P(c2ccccc2)8->c2ccccc2)C=C1.[Rh+]89,50,35,50,3.239556375,0.99,ferrocene type,"['ferrocene type', 'double P type']",tri-sub
5455,COC(=O)/C(=C/c1ccc(OC(C)=O)c(OC)c1)NC(C)=O,COC(=O)[C@@H](Cc1ccc(OC(C)=O)c(OC)c1)NC(C)=O,CCOC(C)=O,,Rh,CN(C)p1oc2ccc3ccccc3c2c2c(ccc3ccccc32)o1,CN(C)p8->1oc2ccc3ccccc3c2c2c(ccc3ccccc32)o1.[Rh+]8,5,25,200,2.40254515,0.966,binol type,"['binol type', 'single P type']",tri-sub
2438,CC(=O)N/C(=C\c1ccccc1)C(=O)O,CC(=O)N[C@@H](Cc1ccccc1)C(=O)O,C1CCOC1.CO,,Rh,C[C@H](C1=C(P(c2ccccc2)c2ccccc2)C=C[C@@H]1[Fe]C1C=CC=C1)N(C)P(Oc1ccc(C(F)(F)F)cc1)Oc1ccc(C(F)(F)F)cc1,C[C@H](C1=C(P(c2ccccc2)8->c2ccccc2)C=C[C@@H]1[Fe]C1C=CC=C1)N(C)P(Oc1ccc(C(F)(F)F)cc1)9->Oc1ccc(C(F)(F)F)cc1.[Rh+]89,1,25,100,2.663917561,0.978,ferrocene type,"['ferrocene type', 'double P type']",tri-sub
1832,COC(=O)/C(=C/c1ccc(F)cc1)NC(C)=O,COC(=O)[C@@H](Cc1ccc(F)cc1)NC(C)=O,ClCCl,,Rh,Cc1ccccc1N(N(c1ccccc1C)p1oc2ccc3ccccc3c2c2c(ccc3ccccc32)o1)P(c1ccccc1)c1ccccc1,Cc1ccccc1N(N(c1ccccc1C)p9->1oc2ccc3ccccc3c2c2c(ccc3ccccc32)o1)P(c1ccccc1)8->c1ccccc1.[Rh+]89,5,25,100,0.191126942,0.16,binol type,"['binol type', 'double P type']",tri-sub
12361,CCCCCCCCC/C=C(\NC(C)=O)C(=O)OC,CCCCCCCCCC[C@@H](NC(C)=O)C(=O)OC,CO,,Rh,CC(C)(C)P1Cc2ccccc2C1[C@H]1c2ccccc2CP1C(C)(C)C,CC(C)(C)P8->1Cc2ccccc2C1[C@H]1c2ccccc2CP9->1C(C)(C)C.[Rh+]89,7,25,100,3.267102947,0.992,double P type,['double P type'],tri-sub
2048,[H]/C=C(\NC(C)=O)C(=O)OC,COC(=O)[C@@H](C)NC(C)=O,ClCCl,,Rh,c1ccc2c(c1)ccc1op(OCCCCOp3oc4ccc5ccccc5c4c4c(ccc5ccccc54)o3)oc3ccc4ccccc4c3c12,c1ccc2c(c1)ccc1op(OCCCCOp9->3oc4ccc5ccccc5c4c4c(ccc5ccccc54)o3)8->oc3ccc4ccccc4c3c12.[Rh+]89,1.3,22,1000,1.016785966,0.7,binol type,"['binol type', 'double P type']",di-sub
2298,COC(=O)/C(=C/c1ccc2ccccc2c1)NC(C)=O,COC(=O)[C@H](Cc1ccc2ccccc2c1)NC(C)=O,C1CCOC1.CO,,Rh,CC(C)N([C@H](C)C1=C(P(c2ccccc2)c2ccccc2)C=C[C@@H]1[Fe]C1C=CC=C1)P(c1ccccc1)c1ccccc1,CC(C)N([C@H](C)C1=C(P(c2ccccc2)8->c2ccccc2)C=C[C@@H]1[Fe]C1C=CC=C1)P(c1ccccc1)9->c1ccccc1.[Rh+]89,1,25,100,1.743519237,0.9,ferrocene type,"['ferrocene type', 'double P type']",tri-sub
2341,CC(C)(C)OC(=O)C(=O)N/C(=C\C1CC1)C(=O)OCc1ccccc1,CC(C)(C)OC(=O)C(=O)N[C@@H](CC1CC1)C(=O)OCc1ccccc1,C1CCOC1.CO,,Rh,C[C@H](C1=C(P(c2ccccc2)c2ccccc2)C=C[C@@H]1[Fe]C1C=CC=C1)N([C@H](C)c1ccccc1)P(c1ccccc1)c1ccccc1,C[C@H](C1=C(P(c2ccccc2)8->c2ccccc2)C=C[C@@H]1[Fe]C1C=CC=C1)N([C@H](C)c1ccccc1)P(c1ccccc1)9->c1ccccc1.[Rh+]89,1,25,100,0.232699389,0.194,ferrocene type,"['ferrocene type', 'double P type']",tri-sub
2299,CC(C)(C)OC(=O)C(=O)N/C(=C\C1CC1)C(=O)OCc1ccccc1,CC(C)(C)OC(=O)C(=O)N[C@@H](CC1CC1)C(=O)OCc1ccccc1,C1CCOC1.CO,,Rh,CC(C)N([C@H](C)C1=C(P(c2ccccc2)c2ccccc2)C=C[C@@H]1[Fe]C1C=CC=C1)P(c1ccccc1)c1ccccc1,CC(C)N([C@H](C)C1=C(P(c2ccccc2)8->c2ccccc2)C=C[C@@H]1[Fe]C1C=CC=C1)P(c1ccccc1)9->c1ccccc1.[Rh+]89,1,25,100,0.404675928,0.329,ferrocene type,"['ferrocene type', 'double P type']",tri-sub
6462,C=C(NC(C)=O)C(=O)OC,COC(=O)[C@@H](C)NC(C)=O,ClCCl,,Rh,c1ccc(COp2oc3ccc4ccccc4c3c3c(ccc4ccccc43)o2)cc1,c1ccc(COp8->2oc3ccc4ccccc4c3c3c(ccc4ccccc43)o2)cc1.[Rh+]8,1,25,100,1.743519237,0.9,binol type,"['binol type', 'single P type']",di-sub
2426,CC(=O)N/C(=C\c1ccccc1)C(=O)O,CC(=O)N[C@@H](Cc1ccccc1)C(=O)O,C1CCOC1.CO,,Rh,C[C@H](C1=C(P(c2ccccc2)c2ccccc2)C=C[C@@H]1[Fe]C1C=CC=C1)N(C)P(Oc1ccccc1)Oc1ccccc1,C[C@H](C1=C(P(c2ccccc2)8->c2ccccc2)C=C[C@@H]1[Fe]C1C=CC=C1)N(C)P(Oc1ccccc1)9->Oc1ccccc1.[Rh+]89,1,25,100,2.477862753,0.97,ferrocene type,"['ferrocene type', 'double P type']",tri-sub
11678,CCOC(=O)/C=C(\Sc1ccccc1)c1ccccc1,CCOC(=O)C[C@@H](Sc1ccccc1)c1ccccc1,ClCCl,,Rh,C[C@@H](C1=C(P(c2ccccc2)c2ccccc2)[C@@H]([Fe][C@H]2C=CC=C2P(c2ccccc2)c2ccccc2)C=C1)N(C)C(=S)Nc1cc(C(F)(F)F)cc(C(F)(F)F)c1,C[C@@H](C1=C(P(c2ccccc2)8->c2ccccc2)[C@@H]([Fe][C@H]2C=CC=C2P(c2ccccc2)9->c2ccccc2)C=C1)N(C)C(=S)Nc1cc(C(F)(F)F)cc(C(F)(F)F)c1.[Rh+]89,50,30,100,3.186966174,0.99,ferrocene type,"['ferrocene type', 'double P type']",tri-sub
9671,COC(=O)/C(=C/c1ccc(C(F)(F)F)cc1)NC(C)=O,COC(=O)[C@@H](Cc1ccc(C(F)(F)F)cc1)NC(C)=O,CC(C)=O,,Rh,CC(C)N(C(C)C)p1oc2c(P(c3ccccc3)c3ccccc3)cc3ccccc3c2c2c(o1)c(P(c1ccccc1)c1ccccc1)cc1ccccc12,CC(C)N(C(C)C)p18->oc2c(P(c3ccccc3)c3ccccc3)cc3ccccc3c2c2c(o1)c(P(c1ccccc1)c1ccccc1)cc1ccccc12.[Rh+]8,1,25,100,2.519317024,0.972,binol type,"['binol type', 'single P type']",tri-sub
12363,COC(=O)/C(=C/CCCCCl)NC(C)=O,COC(=O)[C@@H](CCCCCCl)NC(C)=O,CO,,Rh,CC(C)(C)P1Cc2ccccc2C1[C@H]1c2ccccc2CP1C(C)(C)C,CC(C)(C)P8->1Cc2ccccc2C1[C@H]1c2ccccc2CP9->1C(C)(C)C.[Rh+]89,7,25,100,3.849375327,0.997,double P type,['double P type'],tri-sub
6293,COCO/C(=C(\NC(C)=O)c1ccccc1)c1ccccc1,COCO[C@H](c1ccccc1)[C@@H](NC(C)=O)c1ccccc1,CO,,Rh,CC(C)(C)P1Cc2ccc3ccccc3c2-c2c(ccc3ccccc23)[C@H]1[C@@H]1c2ccc3ccccc3c2-c2c(ccc3ccccc23)CP1C(C)(C)C,CC(C)(C)P8->1Cc2ccc3ccccc3c2-c2c(ccc3ccccc23)[C@H]1[C@@H]1c2ccc3ccccc3c2-c2c(ccc3ccccc23)CP9->1C(C)(C)C.[Rh+]89,40,40,100,0.699974381,0.51,binol type,"['binol type', 'double P type']",tetra-sub
1604,COC(=O)/C(=C/c1ccc(F)cc1)NC(C)=O,COC(=O)[C@@H](Cc1ccc(F)cc1)NC(C)=O,C1CCOC1,,Rh,COC(=O)[C@@H](Cc1ccccc1)N(C)p1oc2ccc3ccccc3c2c2c(ccc3ccccc32)o1,COC(=O)[C@@H](Cc1ccccc1)N(C)p8->1oc2ccc3ccccc3c2c2c(ccc3ccccc32)o1.[Rh+]8,5,25,100,0.6040658,0.47,binol type,"['binol type', 'single P type']",tri-sub
2986,C=C(NC(C)=O)C(=O)OC,COC(=O)[C@@H](C)NC(C)=O,ClCCl,,Rh,CN(C)p1oc2ccc3ccccc3c2c2c(o1)c(-c1ccccc1)cc1ccccc12,CN(C)p8->1oc2ccc3ccccc3c2c2c(o1)c(-c1ccccc1)cc1ccccc12.[Rh+]8,1,25,200,2.720952926,0.98,binol type,"['binol type', 'single P type']",di-sub
5797,COC(=O)/C(=C/c1cccnc1)NC(C)=O,COC(=O)[C@H](Cc1cccnc1)NC(C)=O,CO,CCOCC.F[B-](F)(F)F.[H+],Rh,c1ccc(P(CCP(c2ccccc2)c2ccccc2OC2CCCCC2)c2ccccc2OC2CCCCC2)cc1,c1ccc(P(CCP(c2ccccc2)9->c2ccccc2OC2CCCCC2)8->c2ccccc2OC2CCCCC2)cc1.[Rh+]89,1,25,30000,3.678730759,0.996,double P type,['double P type'],tri-sub
3254,COC(=O)/C(=C/c1ccccc1)CNC(C)=O,COC(=O)C(CNC(C)=O)Cc1ccccc1,ClCCl,,Rh,c1ccc(COp2oc3ccc4ccccc4c3c3c(ccc4ccccc43)o2)cc1,c1ccc(COp8->2oc3ccc4ccccc4c3c3c(ccc4ccccc43)o2)cc1.[Rh+]8,49,25,100,1.963997164,0.93,binol type,"['binol type', 'single P type']",tri-sub
2345,CC(=O)N/C(=C\c1ccccc1)C(=O)O,CC(=O)N[C@@H](Cc1ccccc1)C(=O)O,C1CCOC1.CO,,Rh,COc1ccc(P(c2ccc(OC)cc2)N(C)[C@H](C)C2=C(P(c3ccccc3)c3ccccc3)C=C[C@@H]2[Fe]C2C=CC=C2)cc1,COc1ccc(P(c2ccc(OC)cc2)8->N(C)[C@H](C)C2=C(P(c3ccccc3)9->c3ccccc3)C=C[C@@H]2[Fe]C2C=CC=C2)cc1.[Rh+]89,1,25,100,2.81808334,0.983,ferrocene type,"['ferrocene type', 'double P type']",tri-sub
4358,COC(=O)/C(=C/c1ccc[nH]1)NC(C)=O,COC(=O)[C@H](Cc1ccc[nH]1)NC(C)=O,CO,,Rh,CC(C)(C)Oc1ccccc1P(CCP(c1ccccc1)c1ccccc1OC(C)(C)C)c1ccccc1,CC(C)(C)Oc1ccccc1P(CCP(c1ccccc1)9->c1ccccc1OC(C)(C)C)8->c1ccccc1.[Rh+]89,5,22,250,4.048591639,0.998,double P type,['double P type'],tri-sub
11136,COC(=O)/C=C(/C#N)c1ccccc1,COC(=O)C[C@H](C#N)c1ccccc1,CO,,Rh,C[C@@H](C1=C(P(c2ccccc2)c2ccccc2)[C@@H]([Fe][C@H]2C=CC=C2P(c2ccccc2)c2ccccc2)C=C1)N(C)C(=S)Nc1cc(C(F)(F)F)cc(C(F)(F)F)c1,C[C@@H](C1=C(P(c2ccccc2)8->c2ccccc2)[C@@H]([Fe][C@H]2C=CC=C2P(c2ccccc2)9->c2ccccc2)C=C1)N(C)C(=S)Nc1cc(C(F)(F)F)cc(C(F)(F)F)c1.[Rh+]89,50,20,100,0.72004874,0.55,ferrocene type,"['ferrocene type', 'double P type']",tri-sub
12364,COC(=O)/C(=C/C(C)C)NC(C)=O,COC(=O)[C@@H](CC(C)C)NC(C)=O,CO,,Rh,CC(C)(C)P1Cc2ccccc2C1[C@H]1c2ccccc2CP1C(C)(C)C,CC(C)(C)P8->1Cc2ccccc2C1[C@H]1c2ccccc2CP9->1C(C)(C)C.[Rh+]89,7,25,100,2.892794322,0.985,double P type,['double P type'],tri-sub
8933,CC(C)OC(=O)/C=C(\CP(=O)(OC(C)C)OC(C)C)c1ccccc1,CC(C)OC(=O)CC(CP(=O)(OC(C)C)OC(C)C)c1ccccc1,ClCCl,,Rh,C[C@H](C1=C[C@@H]([Fe]C2C=CC=C2)C=C1c1ccccc1P(c1ccccc1)c1ccccc1)P(c1ccccc1)c1ccccc1,C[C@H](C1=C[C@@H]([Fe]C2C=CC=C2)C=C1c1ccccc1P(c1ccccc1)8->c1ccccc1)P(c1ccccc1)9->c1ccccc1.[Rh+]89,59,25,100,0.118825087,0.1,ferrocene type,"['ferrocene type', 'double P type']",tri-sub
6291,COCO/C(=C(\NC(C)=O)c1ccccc1)c1ccccc1,COCO[C@@H](c1ccccc1)[C@H](NC(C)=O)c1ccccc1,CO,,Rh,CC(C)(C)P1Cc2ccccc2[C@@H]1[C@H]1c2ccccc2CP1C(C)(C)C,CC(C)(C)P8->1Cc2ccccc2[C@@H]1[C@H]1c2ccccc2CP9->1C(C)(C)C.[Rh+]89,40,40,100,0.062246446,0.05,double P type,['double P type'],tetra-sub
11991,CCOC(=O)/C=C(/c1ccccc1)[Si](C)(C)C,CCOC(=O)C[C@H](c1ccccc1)[Si](C)(C)C,CC(C)O,,Rh,C[C@H](NC(=S)Nc1cc(C(F)(F)F)cc(C(F)(F)F)c1)C1=C(P(c2ccccc2)c2ccccc2)[C@@H]([Fe][C@H]2C=CC=C2P(c2ccccc2)c2ccccc2)C=C1,C[C@H](NC(=S)Nc1cc(C(F)(F)F)cc(C(F)(F)F)c1)C1=C(P(c2ccccc2)9->c2ccccc2)[C@@H]([Fe][C@H]2C=CC=C2P(c2ccccc2)8->c2ccccc2)C=C1.[Rh+]89,50,40,100,2.602587389,0.97,ferrocene type,"['ferrocene type', 'double P type']",tri-sub
1774,CCOC(=O)/C=C(\NC(C)=O)c1ccc(Cl)cc1,CCOC(=O)C[C@@H](NC(C)=O)c1ccc(Cl)cc1,ClCCl,,Rh,C[C@H](Np1oc2ccc3ccccc3c2c2c(ccc3ccccc32)o1)C1=C[C@H]([Fe]C2C=CC=C2)C=C1P(c1ccccc1)c1ccccc1,C[C@H](Np9->1oc2ccc3ccccc3c2c2c(ccc3ccccc32)o1)C1=C[C@H]([Fe]C2C=CC=C2)C=C1P(c1ccccc1)8->c1ccccc1.[Rh+]89,10,5,5000,2.149836816,0.96,binol type,"['binol type', 'ferrocene type', 'double P type']",tri-sub
5608,COC(=O)/C(=C/c1ccc(Cl)cc1)NC(C)=O,COC(=O)[C@@H](Cc1ccc(Cl)cc1)NC(C)=O,C1CCOC1,,Rh,CCN(CC)p1oc2ccc3ccccc3c2c2c(ccc3ccccc32)o1,CCN(CC)p8->1oc2ccc3ccccc3c2c2c(ccc3ccccc32)o1.[Rh+]8,20,25,100,3.197061601,0.991,binol type,"['binol type', 'single P type']",tri-sub
3598,O=C(O)/C(=C/c1ccccc1)NC(=O)c1ccccc1,O=C(N[C@H](Cc1ccccc1)C(=O)O)c1ccccc1,ClCCl,,Rh,c1ccc(P(c2ccccc2)c2ccc3ccccc3c2-c2c(P(c3ccccc3)c3ccccc3)ccc3ccccc23)cc1,c1ccc(P(c2ccccc2)8->c2ccc3ccccc3c2-c2c(P(c3ccccc3)9->c3ccccc3)ccc3ccccc23)cc1.[Rh+]89,1,25,100,2.304501335,0.96,double P type,['double P type'],tri-sub
1366,C=C(NC(C)=O)C(=O)OC,COC(=O)[C@H](C)NC(C)=O,ClCCl,,Rh,Cc1cc(C)c(N2[C]N(CC[C@@H](C(C)C)P(c3ccccc3)c3ccccc3)C=C2)c(C)c1,Cc1cc(C)c(N2[C]N(CC[C@@H](C(C)C)P(c3ccccc3)8->c3ccccc3)C=C2)c(C)c1.[Rh+]8,20,25,50,0.460001482,0.37,others,['others'],di-sub
9046,COC(=O)/C(=C\c1ccccc1)NC(C)=O,COC(=O)[C@H](Cc1ccccc1)NC(C)=O,ClCCl,,Rh,C[C@@H](Op1oc2c([Si](C)(C)C)cccc2c2cccc([Si](C)(C)C)c2o1)[C@H]1O[C@@H]2OC(C)(C)O[C@@H]2[C@@H]1Op1oc2c([Si](C)(C)C)cccc2c2cccc([Si](C)(C)C)c2o1,C[C@@H](Op8->1oc2c([Si](C)(C)C)cccc2c2cccc([Si](C)(C)C)c2o1)[C@H]1O[C@@H]2OC(C)(C)O[C@@H]2[C@@H]1Op9->1oc2c([Si](C)(C)C)cccc2c2cccc([Si](C)(C)C)c2o1.[Rh+]89,30,5,1000,2.92401517,0.99,double P type,['double P type'],tri-sub
11113,COC(=O)/C=C(\C#N)c1ccc(F)cc1,COC(=O)C[C@@H](C#N)c1ccc(F)cc1,CO,,Rh,C[C@H](NC(=S)Nc1cc(C(F)(F)F)cc(C(F)(F)F)c1)C1=C(P(c2ccccc2)c2ccccc2)[C@@H]([Fe][C@H]2C=CC=C2P(c2ccccc2)c2ccccc2)C=C1,C[C@H](NC(=S)Nc1cc(C(F)(F)F)cc(C(F)(F)F)c1)C1=C(P(c2ccccc2)9->c2ccccc2)[C@@H]([Fe][C@H]2C=CC=C2P(c2ccccc2)8->c2ccccc2)C=C1.[Rh+]89,50,35,100,2.242136979,0.95,ferrocene type,"['ferrocene type', 'double P type']",tri-sub
2414,CC(=O)N/C(=C\c1ccccc1)C(=O)O,CC(=O)N[C@@H](Cc1ccccc1)C(=O)O,C1CCOC1.CO,,Rh,C[C@H](C1=C(P(c2ccccc2)c2ccccc2)C=C[C@@H]1[Fe]C1C=CC=C1)N(C)P(c1ccccc1)c1ccccc1,C[C@H](C1=C(P(c2ccccc2)8->c2ccccc2)C=C[C@@H]1[Fe]C1C=CC=C1)N(C)P(c1ccccc1)9->c1ccccc1.[Rh+]89,3,25,3000,3.025820725,0.988,ferrocene type,"['ferrocene type', 'double P type']",tri-sub
212,COC(=O)/C(=C\c1ccccc1)NC(C)=O,COC(=O)[C@H](Cc1ccccc1)NC(C)=O,ClCCl,,Rh,c1ccc(OP(Oc2ccccc2)N(c2ccccc2)N(c2ccccc2)p2oc3ccc4ccccc4c3c3c(ccc4ccccc43)o2)cc1,c1ccc(OP(Oc2ccccc2)8->N(c2ccccc2)N(c2ccccc2)p9->2oc3ccc4ccccc4c3c3c(ccc4ccccc43)o2)cc1.[Rh+]89,5,25,100,1.68395754,0.89,binol type,"['binol type', 'double P type']",tri-sub
9507,COC(=O)/C(=C/c1ccc(F)cc1)NC(C)=O,COC(=O)[C@@H](Cc1ccc(F)cc1)NC(C)=O,CC(C)=O,,Rh,CN(C)p1oc2c(P(c3ccccc3)c3ccccc3)cc3ccccc3c2c2c(o1)c(P(c1ccccc1)c1ccccc1)cc1ccccc12,CN(C)p9->1oc2c(P(c3ccccc3)c3ccccc3)cc3ccccc3c2c2c(o1)c(P(c1ccccc1)8->c1ccccc1)cc1ccccc12.[Rh+]89,1,25,100,2.78393889,0.982,binol type,"['binol type', 'double P type']",tri-sub
4577,[H]/C=C(/NC(C)=O)C(=O)OC.[H]/C=C(/NC(C)=O)C(=O)OC,COC(=O)[C@@H](C)NC(C)=O,ClCCl,,Rh,CC(C)Op1oc2ccc3ccccc3c2c2c(ccc3ccccc32)o1,CC(C)Op8->1oc2ccc3ccccc3c2c2c(ccc3ccccc32)o1.[Rh+]8,1,20,1000,2.065167368,0.944,binol type,"['binol type', 'single P type']",di-sub
5227,CC(=O)N/C(=C\c1cccc(F)c1)C(=O)O,CC(=O)NC(Cc1cccc(F)c1)C(=O)O,ClCCl,,Rh,CN(C)p1oc2ccc3c(c2c2c4c(ccc2o1)CCCC4)CCCC3,CN(C)p8->1oc2ccc3c(c2c2c4c(ccc2o1)CCCC4)CCCC3.[Rh+]8,5,25,50,2.304501335,0.96,binol type,"['binol type', 'single P type']",tri-sub
2317,CC(=O)N/C(=C\c1ccccc1)C(=O)O,CC(=O)N[C@@H](Cc1ccccc1)C(=O)O,C1CCOC1.CO,,Rh,C[C@H](C1=C(P(c2ccccc2)c2ccccc2)C=C[C@@H]1[Fe]C1C=CC=C1)N(c1ccccc1)P(c1ccccc1)c1ccccc1,C[C@H](C1=C(P(c2ccccc2)8->c2ccccc2)C=C[C@@H]1[Fe]C1C=CC=C1)N(c1ccccc1)P(c1ccccc1)9->c1ccccc1.[Rh+]89,1,25,100,2.058336063,0.94,ferrocene type,"['ferrocene type', 'double P type']",tri-sub
7284,COC(=O)/C(=C\c1ccccc1)NC(C)=O,COC(=O)[C@H](Cc1ccccc1)NC(C)=O,CO,,Rh,C[C@@H]1CC[C@@H](C)P1[C@H](C)c1ccccc1P(c1ccccc1)c1ccccc1.O=C[Cr](C=O)C=O,C[C@@H]1CC[C@@H](C)P8->1[C@H](C)c1ccccc1P(c1ccccc1)9->c1ccccc1.O=C[Cr](C=O)C=O.[Rh+]89,1,25,100,0.754640096,0.563,double P type,['double P type'],tri-sub
9610,CC(=O)NC1=Cc2ccccc2CC1,CC(=O)N[C@H]1CCc2ccccc2C1,ClCCl,,Rh,Cc1cc(C(C)(C)C)c2op(O[C@@H](CP(c3ccccc3)c3ccccc3)c3ccccc3)oc3c(C(C)(C)C)cc(C)c(C)c3c2c1C,Cc1cc(C(C)(C)C)c2op(O[C@@H](CP(c3ccccc3)8->c3ccccc3)c3ccccc3)9->oc3c(C(C)(C)C)cc(C)c(C)c3c2c1C.[Rh+]89,20,25,100,1.179797016,0.76,double P type,['double P type'],tri-sub
2359,CC(=O)N/C(=C\c1ccccc1)C(=O)O,CC(=O)N[C@@H](Cc1ccccc1)C(=O)O,C1CCOC1.CO,,Rh,Cc1cc(C)cc(P(c2cc(C)cc(C)c2)N(C)[C@H](C)C2=C(P(c3ccccc3)c3ccccc3)C=C[C@@H]2[Fe]C2C=CC=C2)c1,Cc1cc(C)cc(P(c2cc(C)cc(C)c2)8->N(C)[C@H](C)C2=C(P(c3ccccc3)9->c3ccccc3)C=C[C@@H]2[Fe]C2C=CC=C2)c1.[Rh+]89,1,25,100,1.403288855,0.829,ferrocene type,"['ferrocene type', 'double P type']",tri-sub
7987,COC(=O)/C=C(\NC(C)=O)c1ccccc1,COOCC[C@@H](NC(C)=O)c1ccccc1,CCO,,Rh,CN(C)P1Oc2cccc3c2C2(CC3)CCc3cccc(c32)O1,CN(C)P8->1Oc2cccc3c2C2(CC3)CCc3cccc(c32)O1.[Rh+]8,100,25,50,0.918170299,0.65,single P type,['single P type'],tri-sub
6550,COC(=O)/C(=C/c1ccccc1)CNC(C)=O,COC(=O)[C@@H](CNC(C)=O)Cc1ccccc1,ClCCl,,Rh,COc1ccc(C(=O)NCc2ccc(COp3oc4ccc5ccccc5c4c4c(ccc5ccccc54)o3)cc2)cc1,COc1ccc(C(=O)NCc2ccc(COp8->3oc4ccc5ccccc5c4c4c(ccc5ccccc54)o3)cc2)cc1.[Rh+]8,49,25,100,3.134375973,0.99,binol type,"['binol type', 'single P type']",tri-sub
3213,C=C(NC(C)=O)C(=O)OC,COC(=O)[C@@H](C)NC(C)=O,ClCCl,,Rh,CCCCc1ccc(NC(=O)c2ccccc2C(=O)NCCc2ccccc2COp2oc3ccc4ccccc4c3c3c(ccc4ccccc43)o2)cc1,CCCCc1ccc(NC(=O)c2ccccc2C(=O)NCCc2ccccc2COp8->2oc3ccc4ccccc4c3c3c(ccc4ccccc43)o2)cc1.[Rh+]8,1,25,100,3.134375973,0.99,binol type,"['binol type', 'single P type']",di-sub
11815,O=C1OCCC/C1=C\c1ccccc1,O=C1OCCC[C@@H]1Cc1ccccc1,C1CCOC1,,Rh,C[C@H](NC(=S)Nc1cc(C(F)(F)F)cc(C(F)(F)F)c1)C1=C(P(c2ccccc2)c2ccccc2)[C@@H]([Fe][C@H]2C=CC=C2P(c2ccccc2)c2ccccc2)C=C1,C[C@H](NC(=S)Nc1cc(C(F)(F)F)cc(C(F)(F)F)c1)C1=C(P(c2ccccc2)9->c2ccccc2)[C@@H]([Fe][C@H]2C=CC=C2P(c2ccccc2)8->c2ccccc2)C=C1.[Rh+]89,50,25,100,0.820879938,0.6,ferrocene type,"['ferrocene type', 'double P type']",tri-sub
12118,CC(=O)N/C(=C\c1ccccc1)C(F)(F)F,CC(=O)N[C@@H](Cc1ccccc1)C(F)(F)F,CO,,Rh,C[C@H]1CC[C@H](C)P1c1ccccc1P1[C@@H](C)CC[C@@H]1C,C[C@H]1CC[C@H](C)P8->1c1ccccc1P9->1[C@@H](C)CC[C@@H]1C.[Rh+]89,5,25,100,1.963997164,0.93,double P type,['double P type'],tri-sub
12002,CCOC(=O)/C=C(/c1ccc(C(C)(C)C)cc1)[Si](CC)(CC)CC,CCOC(=O)C[C@H](c1ccc(C(C)(C)C)cc1)[Si](CC)(CC)CC,OCC(F)(F)F,,Rh,C[C@H](NC(=S)Nc1cc(C(F)(F)F)cc(C(F)(F)F)c1)C1=C(P(c2ccccc2)c2ccccc2)[C@@H]([Fe][C@H]2C=CC=C2P(c2ccccc2)c2ccccc2)C=C1,C[C@H](NC(=S)Nc1cc(C(F)(F)F)cc(C(F)(F)F)c1)C1=C(P(c2ccccc2)9->c2ccccc2)[C@@H]([Fe][C@H]2C=CC=C2P(c2ccccc2)8->c2ccccc2)C=C1.[Rh+]89,50,40,100,3.292146576,0.99,ferrocene type,"['ferrocene type', 'double P type']",tri-sub
9661,COC(=O)/C(=C/c1cccc(Br)c1)NC(C)=O,COC(=O)[C@@H](Cc1cccc(Br)c1)NC(C)=O,CC(C)=O,,Rh,CN(C)p1oc2c(P(c3ccccc3)c3ccccc3)cc3ccccc3c2c2c(o1)c(P(c1ccccc1)c1ccccc1)cc1ccccc12,CN(C)p9->1oc2c(P(c3ccccc3)c3ccccc3)cc3ccccc3c2c2c(o1)c(P(c1ccccc1)8->c1ccccc1)cc1ccccc12.[Rh+]89,1,25,100,2.720952926,0.98,binol type,"['binol type', 'double P type']",tri-sub
12608,Cc1cccc(C2=CC(=O)OC2=O)c1,Cc1cccc([C@H]2CC(=O)OC2=O)c1,CCOC(C)=O,,Rh,C[C@H](NC(=S)Nc1cc(C(F)(F)F)cc(C(F)(F)F)c1)C1=C(P(c2ccccc2)c2ccccc2)[C@@H]([Fe][C@H]2C=CC=C2P(c2ccccc2)c2ccccc2)C=C1,C[C@H](NC(=S)Nc1cc(C(F)(F)F)cc(C(F)(F)F)c1)C1=C(P(c2ccccc2)9->c2ccccc2)[C@@H]([Fe][C@H]2C=CC=C2P(c2ccccc2)8->c2ccccc2)C=C1.[Rh+]89,1,25,100,2.169340323,0.95,ferrocene type,"['ferrocene type', 'double P type']",tri-sub
9977,CC(=O)NC1=Cc2ccccc2C1=O,CC(=O)N[C@H]1Cc2ccccc2C1=O,CO,,Rh,CP(CP(C(C)(C)C)C(C)(C)C)C(C)(C)C,CP(CP(C(C)(C)C)9->C(C)(C)C)8->C(C)(C)C.[Rh+]89,3,25,2000,2.169340323,0.95,double P type,['double P type'],tri-sub
6123,CC(=O)N/C(=C\c1ccccc1)C(=O)O,CC(=O)N[C@H](Cc1ccccc1)C(=O)O,ClCCl,,Rh,C=Cc1ccc(Np2oc3ccc4ccccc4c3c3c(ccc4ccccc43)o2)cc1,C=Cc1ccc(Np8->2oc3ccc4ccccc4c3c3c(ccc4ccccc43)o2)cc1.[Rh+]8,1,25,20,1.44621066,0.84,binol type,"['binol type', 'single P type']",tri-sub
2382,COC(=O)/C(=C/c1ccc2ccccc2c1)NC(C)=O,COC(=O)[C@H](Cc1ccc2ccccc2c1)NC(C)=O,C1CCOC1.CO,,Rh,C[C@H](C1=C(P(c2ccccc2)c2ccccc2)C=C[C@@H]1[Fe]C1C=CC=C1)N(C)P(c1cccc(F)c1)c1cccc(F)c1,C[C@H](C1=C(P(c2ccccc2)8->c2ccccc2)C=C[C@@H]1[Fe]C1C=CC=C1)N(C)P(c1cccc(F)c1)9->c1cccc(F)c1.[Rh+]89,1,25,100,2.892794322,0.985,ferrocene type,"['ferrocene type', 'double P type']",tri-sub
5798,CCOC(=O)/C(=C/Cc1ccccc1)NC(C)=O,CCOC(=O)[C@H](CCc1ccccc1)NC(C)=O,CO,,Rh,c1ccc(P(CCP(c2ccccc2)c2ccccc2OC2CCCCC2)c2ccccc2OC2CCCCC2)cc1,c1ccc(P(CCP(c2ccccc2)9->c2ccccc2OC2CCCCC2)8->c2ccccc2OC2CCCCC2)cc1.[Rh+]89,1,25,100,3.678730759,0.996,double P type,['double P type'],tri-sub
6492,COC(=O)/C(=C/c1ccccc1)CNC(C)=O,COC(=O)[C@@H](CNC(C)=O)Cc1ccccc1,ClCCl,,Rh,O=C(NCCc1ccc(COp2oc3ccc4ccccc4c3c3c(ccc4ccccc43)o2)cc1)c1ccccc1,O=C(NCCc1ccc(COp8->2oc3ccc4ccccc4c3c3c(ccc4ccccc43)o2)cc1)c1ccccc1.[Rh+]8,49,25,100,3.134375973,0.99,binol type,"['binol type', 'single P type']",tri-sub
10158,CCOC(=O)/C(=C/c1ccc(Cl)cc1)NC(C)=O,COC(=O)C(Cc1ccc(Cl)cc1)NC(C)=O,ClCCl,,Rh,FC(F)(F)c1cc(P(N[C@@H]2CCCc3cccc(P(c4ccccc4)c4ccccc4)c32)c2cc(C(F)(F)F)cc(C(F)(F)F)c2)cc(C(F)(F)F)c1,FC(F)(F)c1cc(P(N[C@@H]2CCCc3cccc(P(c4ccccc4)9->c4ccccc4)c32)8->c2cc(C(F)(F)F)cc(C(F)(F)F)c2)cc(C(F)(F)F)c1.[Rh+]89,10,25,100,2.058336063,0.94,double P type,['double P type'],tri-sub
3833,O=C(NC1=Cc2ccccc2CC1)c1ccccc1,O=C(N[C@H]1CCc2ccccc2C1)c1ccccc1,CO,,Rh,C1=CC([Fe][C@H]2C=CC(P(c3ccccc3)c3ccccc3)=C2CP(c2ccccc2)c2ccccc2)C=C1,C1=CC([Fe][C@H]2C=CC(P(c3ccccc3)8->c3ccccc3)=C2CP(c2ccccc2)9->c2ccccc2)C=C1.[Rh+]89,20,25,100,0.315146709,0.26,ferrocene type,"['ferrocene type', 'double P type']",tri-sub
9666,COC(=O)/C(=C/c1ccc(OC)cc1)NC(C)=O,COC(=O)[C@@H](Cc1ccc(OC)cc1)NC(C)=O,CC(C)=O,,Rh,CCN(CC)p1oc2c(P(c3ccccc3)c3ccccc3)cc3ccccc3c2c2c(o1)c(P(c1ccccc1)c1ccccc1)cc1ccccc12,CCN(CC)p8->1oc2c(P(c3ccccc3)9->c3ccccc3)cc3ccccc3c2c2c(o1)c(P(c1ccccc1)c1ccccc1)cc1ccccc12.[Rh+]89,1,25,100,2.78393889,0.982,binol type,"['binol type', 'double P type']",tri-sub
168,CCOC(=O)/C=C(\C)c1ccccc1,CCOC(=O)C[C@@H](C)c1ccccc1,CO,,Rh,C[C@@H](N=P(c1ccccc1)(c1ccccc1)c1ccccc1)[C@]1([Fe]C2C=CC=C2)C=CC=C1P(c1ccccc1)c1ccccc1,C[C@@H](N=P(c1ccccc1)(c1ccccc1)8->c1ccccc1)[C@]1([Fe]C2C=CC=C2)C=CC=C1P(c1ccccc1)9->c1ccccc1.[Rh+]89,10,25,100,0.749451317,0.56,ferrocene type,"['ferrocene type', 'double P type']",tri-sub
11107,COC(=O)/C=C(\C#N)c1ccc(OC)cc1,COC(=O)C[C@@H](C#N)c1ccc(OC)cc1,CO,,Rh,C[C@H](NC(=S)Nc1cc(C(F)(F)F)cc(C(F)(F)F)c1)C1=C(P(c2ccccc2)c2ccccc2)[C@@H]([Fe][C@H]2C=CC=C2P(c2ccccc2)c2ccccc2)C=C1,C[C@H](NC(=S)Nc1cc(C(F)(F)F)cc(C(F)(F)F)c1)C1=C(P(c2ccccc2)9->c2ccccc2)[C@@H]([Fe][C@H]2C=CC=C2P(c2ccccc2)8->c2ccccc2)C=C1.[Rh+]89,50,35,100,1.945001259,0.92,ferrocene type,"['ferrocene type', 'double P type']",tri-sub
9034,COC(=O)/C(=C\c1ccccc1)NC(C)=O,COC(=O)[C@H](Cc1ccccc1)NC(C)=O,ClCCl,,Rh,C[C@@H](Op1oc2c([Si](C)(C)C)cccc2c2cccc([Si](C)(C)C)c2o1)[C@H]1O[C@@H]2OC(C)(C)O[C@@H]2[C@@H]1Op1oc2c([Si](C)(C)C)cccc2c2cccc([Si](C)(C)C)c2o1,C[C@@H](Op8->1oc2c([Si](C)(C)C)cccc2c2cccc([Si](C)(C)C)c2o1)[C@H]1O[C@@H]2OC(C)(C)O[C@@H]2[C@@H]1Op9->1oc2c([Si](C)(C)C)cccc2c2cccc([Si](C)(C)C)c2o1.[Rh+]89,5,25,100,2.720952926,0.98,double P type,['double P type'],tri-sub
1589,COC(=O)/C(=C/c1ccccc1OC)NC(C)=O,COC(=O)[C@H](Cc1ccccc1Cl)NC(C)=O,ClCCl,,Rh,CCN(Cc1ccccc1)p1oc2ccc3ccccc3c2c2c(ccc3ccccc32)o1,CCN(Cc1ccccc1)p8->1oc2ccc3ccccc3c2c2c(ccc3ccccc32)o1.[Rh+]8,20,25,100,2.24685471,0.956,binol type,"['binol type', 'single P type']",tri-sub
837,COc1ccc2c(c1)C=C(NC(C)=O)CC2,COc1ccc2c(c1)C[C@H](NC(C)=O)CC2,ClCCl,,Rh,CC(C)(C)P1c2c(cccc2-c2c3ccccc3cc3ccccc23)O[C@@H]1[C@H]1Oc2cccc(-c3c4ccccc4cc4ccccc34)c2P1C(C)(C)C,CC(C)(C)P8->1c2c(cccc2-c2c3ccccc3cc3ccccc23)O[C@@H]1[C@H]1Oc2cccc(-c3c4ccccc4cc4ccccc34)c2P9->1C(C)(C)C.[Rh+]89,51,50,200,2.497831984,0.96,double P type,['double P type'],tri-sub
12115,CC(=O)N/C(=C\c1ccccc1)C(F)(F)F,CC(=O)N[C@@H](Cc1ccccc1)C(F)(F)F,CO,,Rh,CC(C)(C)P1Cc2ccc3ccccc3c2-c2c(ccc3ccccc23)[C@@H]1[C@H]1c2ccc3ccccc3c2-c2c(ccc3ccccc23)CP1C(C)(C)C,CC(C)(C)P8->1Cc2ccc3ccccc3c2-c2c(ccc3ccccc23)[C@@H]1[C@H]1c2ccc3ccccc3c2-c2c(ccc3ccccc23)CP9->1C(C)(C)C.[Rh+]89,5,25,100,0.487686304,0.39,binol type,"['binol type', 'double P type']",tri-sub
3244,COC(=O)/C(=C/c1ccccc1)CNC(C)=O,COC(=O)C(CNC(C)=O)Cc1ccccc1,ClCCl,,Rh,O=C(NCc1cccc(COp2oc3ccc4ccccc4c3c3c(ccc4ccccc43)o2)c1)c1ccccc1C(=O)Nc1cc(C(F)(F)F)cc(C(F)(F)F)c1,O=C(NCc1cccc(COp8->2oc3ccc4ccccc4c3c3c(ccc4ccccc43)o2)c1)c1ccccc1C(=O)Nc1cc(C(F)(F)F)cc(C(F)(F)F)c1.[Rh+]8,49,25,100,3.134375973,0.99,binol type,"['binol type', 'single P type']",tri-sub
1544,C=C(NC(C)=O)C(=O)OC,COC(=O)[C@@H](C)NC(C)=O,ClCCl,,Rh,c1ccc2c(c1)ccc1op(N3CCSCC3)oc3ccc4ccccc4c3c12,c1ccc2c(c1)ccc1op(N3CCSCC3)8->oc3ccc4ccccc4c3c12.[Rh+]8,5,25,50,1.531681473,0.86,binol type,"['binol type', 'single P type']",di-sub
4104,CC(=O)N/C(=C\c1ccc(F)cc1)C(=O)O,CC(=O)N[C@H](Cc1ccc(F)cc1)C(=O)O,ClCCl,,Rh,CN(C)p1oc2ccc3ccccc3c2c2c(ccc3ccccc32)o1,CN(C)p8->1oc2ccc3ccccc3c2c2c(ccc3ccccc32)o1.[Rh+]8,27,25,50,2.169340323,0.95,binol type,"['binol type', 'single P type']",tri-sub
5483,COC(=O)/C(=C/c1ccccc1)NC(=O)c1ccccc1,COC(=O)[C@H](Cc1ccccc1)NC(=O)c1ccccc1,C1CCOC1,,Rh,CC(C)(C)S[C@H]1CCCC[C@@H]1OP(c1ccccc1)c1ccccc1,CC(C)(C)S[C@H]1CCCC[C@@H]1OP(c1ccccc1)8->c1ccccc1.[Rh+]8,7.8,25,100,2.058336063,0.94,single P type,['single P type'],tri-sub
5228,CC(=O)N/C(=C\c1ccc(F)cc1)C(=O)O,CC(=O)N[C@H](Cc1ccc(F)cc1)C(=O)O,ClCCl,,Rh,CN(C)p1oc2ccc3c(c2c2c4c(ccc2o1)CCCC4)CCCC3,CN(C)p8->1oc2ccc3c(c2c2c4c(ccc2o1)CCCC4)CCCC3.[Rh+]8,5,25,50,1.963997164,0.93,binol type,"['binol type', 'single P type']",tri-sub
12126,CC(=O)N/C(=C\c1ccccc1)C(F)(F)F,CC(=O)N[C@@H](Cc1ccccc1)C(F)(F)F,CC(C)O,,Rh,CC(C)(C)P1Cc2ccccc2[C@H]1[C@@H]1c2ccccc2CP1C(C)(C)C,CC(C)(C)P8->1Cc2ccccc2[C@H]1[C@@H]1c2ccccc2CP9->1C(C)(C)C.[Rh+]89,5,25,100,2.477862753,0.97,double P type,['double P type'],tri-sub
815,COc1cc(/C=C(\C)NC(C)=O)cc(OC)c1,COc1cc(C[C@@H](C)NC(C)=O)cc(OC)c1,ClCCl,,Rh,CC(C)(C)P1c2c(cccc2-c2ccccc2)O[C@@H]1[C@H]1Oc2cccc(-c3ccccc3)c2P1C(C)(C)C,CC(C)(C)P8->1c2c(cccc2-c2ccccc2)O[C@@H]1[C@H]1Oc2cccc(-c3ccccc3)c2P9->1C(C)(C)C.[Rh+]89,20,25,200,0.432787516,0.35,double P type,['double P type'],tri-sub
9684,COC/C=C(\NC(C)=O)C(=O)OC,COCC[C@@H](NC(C)=O)C(=O)OC,CC(C)=O,,Rh,c1ccc(P(c2ccccc2)c2cc3ccccc3c3c2op(N2CCCCC2)oc2c(P(c4ccccc4)c4ccccc4)cc4ccccc4c23)cc1,c1ccc(P(c2ccccc2)c2cc3ccccc3c3c2op(N2CCCCC2)9->oc2c(P(c4ccccc4)8->c4ccccc4)cc4ccccc4c23)cc1.[Rh+]89,1,25,100,2.43904547,0.968,binol type,"['binol type', 'double P type']",tri-sub
12595,O=C1C=C(c2ccccc2)C(=O)O1,O=C1C[C@H](c2ccccc2)C(=O)O1,ClCCl,,Rh,CC(C)(C)P1Cc2ccccc2C1[C@H]1c2ccccc2CP1C(C)(C)C,CC(C)(C)P8->1Cc2ccccc2C1[C@H]1c2ccccc2CP9->1C(C)(C)C.[Rh+]89,30,25,100,0.277345765,0.23,double P type,['double P type'],tri-sub
12369,COC(=O)/C(=C/CCN1C(=O)c2ccccc2C1=O)NC(C)=O,COC(=O)[C@@H](CCCN1C(=O)c2ccccc2C1=O)NC(C)=O,CO,,Rh,CC(C)(C)P1Cc2ccccc2C1[C@H]1c2ccccc2CP1C(C)(C)C,CC(C)(C)P8->1Cc2ccccc2C1[C@H]1c2ccccc2CP9->1C(C)(C)C.[Rh+]89,7,25,500,3.678730759,0.996,double P type,['double P type'],tri-sub
9542,COC/C=C(\NC(C)=O)C(=O)OC,COCC[C@@H](NC(C)=O)C(=O)OC,CC(C)=O,,Rh,c1ccc(P(c2ccccc2)c2cc3ccccc3c3c2op(N2CCCCC2)oc2c(P(c4ccccc4)c4ccccc4)cc4ccccc4c23)cc1,c1ccc(P(c2ccccc2)c2cc3ccccc3c3c2op(N2CCCCC2)9->oc2c(P(c4ccccc4)8->c4ccccc4)cc4ccccc4c23)cc1.[Rh+]89,1,25,100,2.43904547,0.968,binol type,"['binol type', 'double P type']",tri-sub
9513,COC(=O)/C(=C/c1ccccc1Cl)NC(C)=O,COC(=O)[C@@H](Cc1ccccc1Cl)NC(C)=O,CC(C)=O,,Rh,CC(C)N(C(C)C)p1oc2c(P(c3ccccc3)c3ccccc3)cc3ccccc3c2c2c(o1)c(P(c1ccccc1)c1ccccc1)cc1ccccc12,CC(C)N(C(C)C)p18->oc2c(P(c3ccccc3)c3ccccc3)cc3ccccc3c2c2c(o1)c(P(c1ccccc1)c1ccccc1)cc1ccccc12.[Rh+]8,1,25,100,2.24685471,0.956,binol type,"['binol type', 'single P type']",tri-sub
11689,CCOC(=O)/C=C(\Sc1ccc(Cl)cc1)c1ccccc1,CCOC(=O)C[C@@H](Sc1ccc(Cl)cc1)c1ccccc1,ClCCl,,Rh,C[C@H](NC(=S)Nc1cc(C(F)(F)F)cc(C(F)(F)F)c1)C1=C(P(c2ccccc2)c2ccccc2)[C@@H]([Fe][C@H]2C=CC=C2P(c2ccccc2)c2ccccc2)C=C1,C[C@H](NC(=S)Nc1cc(C(F)(F)F)cc(C(F)(F)F)c1)C1=C(P(c2ccccc2)9->c2ccccc2)[C@@H]([Fe][C@H]2C=CC=C2P(c2ccccc2)8->c2ccccc2)C=C1.[Rh+]89,50,30,100,3.186966174,0.99,ferrocene type,"['ferrocene type', 'double P type']",tri-sub
8209,COC(=O)/C(=C/c1cccc(Br)c1)NC(C)=O,COC(=O)[C@H](Cc1cccc(Br)c1)NC(C)=O,ClCCl,,Rh,CN(C)P1Oc2cccc3c2C2(c4ccccc4O3)c3ccccc3Oc3cccc(c32)O1,CN(C)P8->1Oc2cccc3c2C2(c4ccccc4O3)c3ccccc3Oc3cccc(c32)O1.[Rh+]8,2,25,100,4.089763758,0.998,single P type,['single P type'],tri-sub
7337,C=C(NC(C)=O)C(=O)OC,COC(=O)[C@@H](C)NC(C)=O,ClCCl,,Rh,c1ccc([C@@H]2CC[C@@H](c3ccccc3)N2p2oc3ccccc3c3ccccc3o2)cc1,c1ccc([C@@H]2CC[C@@H](c3ccccc3)N2p8->2oc3ccccc3c3ccccc3o2)cc1.[Rh+]8,1,25,100,0.154832513,0.13,single P type,['single P type'],di-sub
7544,COC(=O)/C(NC=O)=C(\c1ccccc1)C(F)(F)F,COC(=O)[C@H](NC=O)[C@@H](c1ccccc1)C(F)(F)F,CO,,Rh,c1ccc([C@H]2CC[C@H](c3ccccc3)P2CCP2[C@@H](c3ccccc3)CC[C@@H]2c2ccccc2)cc1,c1ccc([C@H]2CC[C@H](c3ccccc3)P8->2CCP9->2[C@@H](c3ccccc3)CC[C@@H]2c2ccccc2)cc1.[Rh+]89,17,60,20,2.194667972,0.93,double P type,['double P type'],tetra-sub
12592,O=C1C=C(c2ccccc2)C(=O)O1,O=C1C[C@H](c2ccccc2)C(=O)O1,ClCCl,,Rh,C[C@H](C1=C[C@@H]([Fe]C2C=CC=C2)C=C1P(c1ccccc1)c1ccccc1)P(C1CCCCC1)C1CCCCC1,C[C@H](C1=C[C@@H]([Fe]C2C=CC=C2)C=C1P(c1ccccc1)8->c1ccccc1)P(C1CCCCC1)9->C1CCCCC1.[Rh+]89,30,25,100,0.634845222,0.49,ferrocene type,"['ferrocene type', 'double P type']",tri-sub
7934,CC(=O)N1/C(=C\c2ccccc2)COc2ccccc21,CC(=O)N1c2ccccc2OC[C@H]1Cc1ccccc1,CO,,Rh,COc1cccc(P(c2ccccc2)c2ccccc2)c1-c1c(OC)cccc1P(c1ccccc1)c1ccccc1,COc1cccc(P(c2ccccc2)8->c2ccccc2)c1-c1c(OC)cccc1P(c1ccccc1)9->c1ccccc1.[Rh+]89,4,25,100,1.327862145,0.808,double P type,['double P type'],tri-sub
3612,C=C(NC(C)=O)C(=O)OC,COC(=O)[C@@H](C)NC(C)=O,ClCCl,,Rh,c1ccc(-c2cc3ccccc3c(-c3c(Op4oc5ccc6ccccc6c5c5c(ccc6ccccc65)o4)ccc4ccccc34)c2P(c2ccccc2)c2ccccc2)cc1,c1ccc(-c2cc3ccccc3c(-c3c(Op9->4oc5ccc6ccccc6c5c5c(ccc6ccccc65)o4)ccc4ccccc34)c2P(c2ccccc2)8->c2ccccc2)cc1.[Rh+]89,1,25,100,3.134375973,0.99,binol type,"['binol type', 'double P type']",di-sub
9038,COC(=O)/C(=C\c1ccccc1)NC(C)=O,COC(=O)[C@H](Cc1ccccc1)NC(C)=O,ClCCl,,Rh,CC(Op1oc2c(C(C)(C)C)cc(C(C)(C)C)cc2c2cc(C(C)(C)C)cc(C(C)(C)C)c2o1)[C@H]1O[C@@H]2OC(C)(C)O[C@H]2C1Op1oc2c(C(C)(C)C)cc(C(C)(C)C)cc2c2cc(C(C)(C)C)cc(C(C)(C)C)c2o1,CC(Op8->1oc2c(C(C)(C)C)cc(C(C)(C)C)cc2c2cc(C(C)(C)C)cc(C(C)(C)C)c2o1)[C@H]1O[C@@H]2OC(C)(C)O[C@H]2C1Op9->1oc2c(C(C)(C)C)cc(C(C)(C)C)cc2c2cc(C(C)(C)C)cc(C(C)(C)C)c2o1.[Rh+]89,5,25,100,1.027126162,0.7,double P type,['double P type'],tri-sub
7323,C=C(NC(C)=O)C(=O)OC,COC(=O)[C@H](C)NC(C)=O,ClCCl,,Rh,CC(C)[C@H]1CC[C@H](C)C[C@@H]1Op1oc2ccccc2c2ccccc2o1,CC(C)[C@H]1CC[C@H](C)C[C@@H]1Op8->1oc2ccccc2c2ccccc2o1.[Rh+]8,1,25,100,0.130800009,0.11,single P type,['single P type'],di-sub
8537,COC(=O)/C(=C/c1c(C)cc(C)cc1C)NC(C)=O,COC(=O)[C@H](Cc1c(C)cc(C)cc1C)NC(C)=O,CO,,Rh,CP(NP(C(C)(C)C)C(C)(C)C)C(C)(C)C,CP(NP(C(C)(C)C)9->C(C)(C)C)8->C(C)(C)C.[Rh+]89,5,75,100,2.197598825,0.92,double P type,['double P type'],tri-sub
5629,CC(=O)N/C(=C\c1ccc(F)cc1)C(=O)O,CC(=O)N[C@H](Cc1ccc(F)cc1)C(=O)O,CO,,Rh,CC(C)(C)P1CCC[C@@H]1[C@H]1CCCP1C(C)(C)C,CC(C)(C)P8->1CCC[C@@H]1[C@H]1CCCP9->1C(C)(C)C.[Rh+]89,1,25,100,3.134375973,0.99,double P type,['double P type'],tri-sub
1588,COC(=O)/C(=C/c1ccccc1C)NC(C)=O,COC(=O)[C@H](Cc1ccccc1C)NC(C)=O,ClCCl,,Rh,CCN(Cc1ccccc1)p1oc2ccc3ccccc3c2c2c(ccc3ccccc32)o1,CCN(Cc1ccccc1)p8->1oc2ccc3ccccc3c2c2c(ccc3ccccc32)o1.[Rh+]8,20,25,100,2.351571103,0.963,binol type,"['binol type', 'single P type']",tri-sub
5198,COC(=O)/C(=C/c1ccc(F)cc1)NC(C)=O,COC(=O)[C@@H](Cc1ccc(F)cc1)NC(C)=O,ClCCl,,Rh,CN(C)p1oc2ccc3ccccc3c2c2c(ccc3ccccc32)o1,CN(C)p8->1oc2ccc3ccccc3c2c2c(ccc3ccccc32)o1.[Rh+]8,5,25,100,2.304501335,0.96,binol type,"['binol type', 'single P type']",tri-sub
12003,CCOC(=O)/C=C(/c1cccc(OC)c1)[Si](CC)(CC)CC,CCOC(=O)C[C@H](c1cccc(OC)c1)[Si](CC)(CC)CC,OCC(F)(F)F,,Rh,C[C@H](NC(=S)Nc1cc(C(F)(F)F)cc(C(F)(F)F)c1)C1=C(P(c2ccccc2)c2ccccc2)[C@@H]([Fe][C@H]2C=CC=C2P(c2ccccc2)c2ccccc2)C=C1,C[C@H](NC(=S)Nc1cc(C(F)(F)F)cc(C(F)(F)F)c1)C1=C(P(c2ccccc2)9->c2ccccc2)[C@@H]([Fe][C@H]2C=CC=C2P(c2ccccc2)8->c2ccccc2)C=C1.[Rh+]89,50,40,100,3.292146576,0.99,ferrocene type,"['ferrocene type', 'double P type']",tri-sub
8015,C/C=C(\NC(C)=O)C(=O)OC,CC[C@@H](NC(C)=O)C(=O)OC,ClCCl,,Rh,COC(=O)[C@@H]1CCCN1p1oc2ccc3ccccc3c2c2c(ccc3ccccc32)o1,COC(=O)[C@@H]1CCCN1p8->1oc2ccc3ccccc3c2c2c(ccc3ccccc32)o1.[Rh+]8,5,25,50,1.629293317,0.88,binol type,"['binol type', 'single P type']",tri-sub
11916,COC(=O)/C(=C/C=C/c1ccccc1)NC(C)=O,COC(=O)[C@@H](C/C=C/c1ccccc1)NC(C)=O,CCOC(C)=O,,Rh,CC(C)(C)P1CCC[C@@H]1[C@H]1CCCP1C(C)(C)C,CC(C)(C)P8->1CCC[C@@H]1[C@H]1CCCP9->1C(C)(C)C.[Rh+]89,1.5,25,100,3.546301865,0.995,double P type,['double P type'],tri-sub
6540,COC(=O)/C(=C/c1ccccc1)CNC(C)=O,COC(=O)[C@@H](CNC(C)=O)Cc1ccccc1,ClCCl,,Rh,O=C(NCc1cccc(COp2oc3ccc4ccccc4c3c3c(ccc4ccccc43)o2)c1)c1ccc(C(F)(F)F)cc1,O=C(NCc1cccc(COp8->2oc3ccc4ccccc4c3c3c(ccc4ccccc43)o2)c1)c1ccc(C(F)(F)F)cc1.[Rh+]8,49,25,100,1.743519237,0.9,binol type,"['binol type', 'single P type']",tri-sub
4110,COC(=O)/C(=C/c1ccc(Cl)c(Cl)c1)NC(C)=O,COC(=O)[C@@H](Cc1ccc(Cl)c(Cl)c1)NC(C)=O,ClCCl,,Rh,CN(C)p1oc2ccc3ccccc3c2c2c(ccc3ccccc32)o1,CN(C)p8->1oc2ccc3ccccc3c2c2c(ccc3ccccc32)o1.[Rh+]8,5,25,100,2.169340323,0.95,binol type,"['binol type', 'single P type']",tri-sub
11296,COC(=O)/C(NC(C)=O)=C(/c1ccccc1)c1cn(C(=O)OC(C)(C)C)c2ncccc12,COC(=O)[C@@H](NC(C)=O)[C@@H](c1ccccc1)c1cn(C(=O)OC(C)(C)C)c2ncccc12,CO,,Rh,C[C@H](C1=C(P(c2ccc(C(F)(F)F)cc2)c2ccc(C(F)(F)F)cc2)[C@H]([Fe]C2C=CC=C2)C=C1)P(C(C)(C)C)C(C)(C)C,C[C@H](C1=C(P(c2ccc(C(F)(F)F)cc2)8->c2ccc(C(F)(F)F)cc2)[C@H]([Fe]C2C=CC=C2)C=C1)P(C(C)(C)C)9->C(C)(C)C.[Rh+]89,34,40,10,2.602587389,0.97,ferrocene type,"['ferrocene type', 'double P type']",tetra-sub
11242,CC(=O)N/C(C#N)=C\c1ccccc1,CC(=O)N[C@H](C#N)Cc1ccccc1,C1CCOC1,,Rh,C[C@H]1CC[C@H](C)P1c1ccccc1P1[C@@H](C)CC[C@@H]1C,C[C@H]1CC[C@H](C)P8->1c1ccccc1P9->1[C@@H](C)CC[C@@H]1C.[Rh+]89,30,25,100,0,0,double P type,['double P type'],tri-sub
1428,CC(=O)N/C(=C\c1ccccc1)C(=O)O,CC(=O)N[C@H](Cc1ccccc1)C(=O)O,CO,,Rh,CP(c1ccccc1P(C)C(C)(C)C)C(C)(C)C,CP(c1ccccc1P(C)9->C(C)(C)C)8->C(C)(C)C.[Rh+]89,3,25,1000,3.546301865,0.995,double P type,['double P type'],tri-sub
11721,CCOC(=O)/C=C(/B1OC(C)(C)C(C)(C)O1)c1ccccc1,CCOC(=O)C[C@H](B1OC(C)(C)C(C)(C)O1)c1ccccc1,ClCCl,,Rh,C[C@@H](C1=C(P(c2ccccc2)c2ccccc2)[C@@H]([Fe][C@H]2C=CC=C2P(c2ccccc2)c2ccccc2)C=C1)N(C)C(=S)Nc1cc(C(F)(F)F)cc(C(F)(F)F)c1,C[C@@H](C1=C(P(c2ccccc2)8->c2ccccc2)[C@@H]([Fe][C@H]2C=CC=C2P(c2ccccc2)9->c2ccccc2)C=C1)N(C)C(=S)Nc1cc(C(F)(F)F)cc(C(F)(F)F)c1.[Rh+]89,50,30,100,0.5245412,0.41,ferrocene type,"['ferrocene type', 'double P type']",tri-sub
5631,COc1ccc(/C=C(\NC(C)=O)C(=O)O)cc1,COc1ccc(C[C@@H](NC(C)=O)C(=O)O)cc1,CO,,Rh,CC(C)(C)P1CCC[C@@H]1[C@H]1CCCP1C(C)(C)C,CC(C)(C)P8->1CCC[C@@H]1[C@H]1CCCP9->1C(C)(C)C.[Rh+]89,1,25,100,3.134375973,0.99,double P type,['double P type'],tri-sub
6353,COC(=O)C(NC(C)=O)=C1CCCC1,COC(=O)[C@H](NC(C)=O)C1CCCC1,CO,,Rh,CP(CCP(C)C1CCCCC1)C1CCCCC1,CP(CCP(C)9->C1CCCCC1)8->C1CCCCC1.[Rh+]89,2,25,100,0.734035494,0.551,double P type,['double P type'],tetra-sub
12599,O=C1C=C(c2ccccc2)C(=O)O1,O=C1C[C@H](c2ccccc2)C(=O)O1,ClCCl,,Rh,C[C@H](NC(=S)Nc1cc(C(F)(F)F)cc(C(F)(F)F)c1)C1=C(P(c2ccccc2)c2ccccc2)[C@@H]([Fe][C@H]2C=CC=C2P(c2ccccc2)c2ccccc2)C=C1,C[C@H](NC(=S)Nc1cc(C(F)(F)F)cc(C(F)(F)F)c1)C1=C(P(c2ccccc2)9->c2ccccc2)[C@@H]([Fe][C@H]2C=CC=C2P(c2ccccc2)8->c2ccccc2)C=C1.[Rh+]89,30,25,100,1.881851867,0.92,ferrocene type,"['ferrocene type', 'double P type']",tri-sub
9992,CC(=O)NC1=Cc2c(Br)cccc2C1=O,CC(=O)N[C@H]1Cc2c(Br)cccc2C1=O,CCOC(C)=O,,Rh,CP(CP(C(C)(C)C)C(C)(C)C)C(C)(C)C,CP(CP(C(C)(C)C)9->C(C)(C)C)8->C(C)(C)C.[Rh+]89,3,25,100,3.134375973,0.99,double P type,['double P type'],tri-sub
7241,CC(=O)NC1=Cc2ccccc2CC1,CC(=O)N[C@@H]1CCc2ccccc2C1,ClCCl,,Rh,COC(=O)[C@H](Cc1c[nH]c2ccccc12)Np1oc2c(C(C)(C)C)cc3cc(OC)ccc3c2c2c(o1)c(C(C)(C)C)cc1cc(OC)ccc12,COC(=O)[C@H](Cc1c[nH]9->c2ccccc12)Np8->1oc2c(C(C)(C)C)cc3cc(OC)ccc3c2c2c(o1)c(C(C)(C)C)cc1cc(OC)ccc12.[Rh+]89,10,25,100,0.574020563,0.45,binol type,"['binol type', 'P,N type']",tri-sub
9064,CC(=O)N/C(=C\c1ccccc1)C(=O)O,CC(=O)N[C@H](Cc1ccccc1)C(=O)O,CC(C)O,,Rh,c1ccc(P(CCP(c2ccccc2)c2cccc3c2CCCC3)c2cccc3c2CCCC3)cc1,c1ccc(P(CCP(c2ccccc2)9->c2cccc3c2CCCC3)8->c2cccc3c2CCCC3)cc1.[Rh+]89,3,50,100,2.128762027,0.93,double P type,['double P type'],tri-sub
11245,CC(=O)N/C(C#N)=C/c1ccccc1,CC(=O)N[C@H](C#N)Cc1ccccc1,OCC(F)(F)F,,Rh,C[C@H]1CC[C@H](C)P1c1ccccc1P1[C@@H](C)CC[C@@H]1C,C[C@H]1CC[C@H](C)P8->1c1ccccc1P9->1[C@@H](C)CC[C@@H]1C.[Rh+]89,30,25,100,3.134375973,0.99,double P type,['double P type'],tri-sub
1887,COC(=O)/C(=C/c1ccc(F)cc1)NC(C)=O,COC(=O)[C@@H](Cc1ccc(F)cc1)NC(C)=O,ClCCl,,Rh,c1ccc(N(N(c2ccccc2)p2oc3ccc4ccccc4c3c3c(ccc4ccccc43)o2)p2oc3ccc4ccccc4c3c3c(ccc4ccccc43)o2)cc1,c1ccc(N(N(c2ccccc2)p8->2oc3ccc4ccccc4c3c3c(ccc4ccccc43)o2)p9->2oc3ccc4ccccc4c3c3c(ccc4ccccc43)o2)cc1.[Rh+]89,5,25,100,1.963997164,0.93,binol type,"['binol type', 'double P type']",tri-sub
2411,CC(C)(C)OC(=O)C(=O)N/C(=C\C1CC1)C(=O)OCc1ccccc1,CC(C)(C)OC(=O)C(=O)N[C@@H](CC1CC1)C(=O)OCc1ccccc1,C1CCOC1.CO,,Rh,C[C@H](C1=C(P(c2ccccc2)c2ccccc2)C=C[C@@H]1[Fe]C1C=CC=C1)N(C)P(c1cc(Cl)cc(Cl)c1)c1cc(Cl)cc(Cl)c1,C[C@H](C1=C(P(c2ccccc2)8->c2ccccc2)C=C[C@@H]1[Fe]C1C=CC=C1)N(C)P(c1cc(Cl)cc(Cl)c1)9->c1cc(Cl)cc(Cl)c1.[Rh+]89,1,25,100,3.025820725,0.988,ferrocene type,"['ferrocene type', 'double P type']",tri-sub
9965,CC(=O)NC1=Cc2ccccc2C1=O,CC(=O)N[C@H]1Cc2ccccc2C1=O,CO,,Rh,CP(c1ccccc1P(C)C(C)(C)C)C(C)(C)C,CP(c1ccccc1P(C)9->C(C)(C)C)8->C(C)(C)C.[Rh+]89,40,25,100,0.366557696,0.3,double P type,['double P type'],tri-sub
5204,CC(=O)N/C(=C\c1ccc(Cl)c(Cl)c1)C(=O)O,CC(=O)N[C@H](Cc1ccc(Cl)c(Cl)c1)C(=O)O,ClCCl,,Rh,CN(C)p1oc2ccc3ccccc3c2c2c(ccc3ccccc32)o1,CN(C)p8->1oc2ccc3ccccc3c2c2c(ccc3ccccc32)o1.[Rh+]8,5,25,1000,2.477862753,0.97,binol type,"['binol type', 'single P type']",tri-sub
1888,COC(=O)/C(=C/c1ccc(Cl)cc1)NC(C)=O,COC(=O)[C@@H](Cc1ccc(Cl)cc1)NC(C)=O,ClCCl,,Rh,c1ccc(N(N(c2ccccc2)p2oc3ccc4ccccc4c3c3c(ccc4ccccc43)o2)p2oc3ccc4ccccc4c3c3c(ccc4ccccc43)o2)cc1,c1ccc(N(N(c2ccccc2)p8->2oc3ccc4ccccc4c3c3c(ccc4ccccc43)o2)p9->2oc3ccc4ccccc4c3c3c(ccc4ccccc43)o2)cc1.[Rh+]89,5,25,100,1.809015734,0.91,binol type,"['binol type', 'double P type']",tri-sub
9159,CC(=O)NC1=C(Cc2ccccc2)c2ccccc2CC1,CC(=O)NC1CCc2ccccc2C1Cc1ccccc1,ClCCl,,Rh,O=C(Nc1ccccc1)N[C@@H](c1ccccc1)[C@H](c1ccccc1)P1Cc2ccc3ccccc3c2-c2c(ccc3ccccc23)C1,O=C(Nc1ccccc1)N[C@@H](c1ccccc1)[C@H](c1ccccc1)P8->1Cc2ccc3ccccc3c2-c2c(ccc3ccccc23)C1.[Rh+]8,59,25,50,0.047396466,0.04,binol type,"['binol type', 'single P type']",tetra-sub
4101,COC(=O)/C(=C/c1ccc(OC)cc1)NC(C)=O,COC(=O)[C@@H](Cc1ccc(OC)cc1)NC(C)=O,ClCCl,,Rh,CN(C)p1oc2ccc3ccccc3c2c2c(ccc3ccccc32)o1,CN(C)p8->1oc2ccc3ccccc3c2c2c(ccc3ccccc32)o1.[Rh+]8,5,25,100,2.304501335,0.96,binol type,"['binol type', 'single P type']",tri-sub
11932,COC(=O)/C(=C/C=C/c1ccccc1)NC(C)=O,COC(=O)[C@@H](C/C=C/c1ccccc1)NC(C)=O,CO,,Rh,COc1cccc(P(c2ccccc2)c2ccccc2)c1-c1c(OC)cccc1P(c1ccccc1)c1ccccc1,COc1cccc(P(c2ccccc2)8->c2ccccc2)c1-c1c(OC)cccc1P(c1ccccc1)9->c1ccccc1.[Rh+]89,1.5,25,100,0.666429283,0.51,double P type,['double P type'],tri-sub
2415,CC(=O)N/C(=C\c1ccccc1)C(=O)O,CC(=O)N[C@@H](Cc1ccccc1)C(=O)O,C1CCOC1.CO,,Rh,COc1ccc(P(c2ccc(OC)cc2)N(C)[C@H](C)C2=C(P(c3ccccc3)c3ccccc3)C=C[C@@H]2[Fe]C2C=CC=C2)cc1,COc1ccc(P(c2ccc(OC)cc2)8->N(C)[C@H](C)C2=C(P(c3ccccc3)9->c3ccccc3)C=C[C@@H]2[Fe]C2C=CC=C2)cc1.[Rh+]89,3,25,3000,1.844409579,0.915,ferrocene type,"['ferrocene type', 'double P type']",tri-sub
1830,COC(=O)/C(=C/c1ccc(Cl)cc1)NC(C)=O,COC(=O)[C@H](Cc1ccc(Cl)cc1)NC(C)=O,ClCCl,,Rh,Cc1ccccc1N(N(c1ccccc1C)p1oc2ccc3ccccc3c2c2c(ccc3ccccc32)o1)P(c1ccccc1)c1ccccc1,Cc1ccccc1N(N(c1ccccc1C)p9->1oc2ccc3ccccc3c2c2c(ccc3ccccc32)o1)P(c1ccccc1)8->c1ccccc1.[Rh+]89,5,25,100,0.118825087,0.1,binol type,"['binol type', 'double P type']",tri-sub
2389,COC(=O)/C(=C/c1ccc2ccccc2c1)NC(C)=O,COC(=O)[C@H](Cc1ccc2ccccc2c1)NC(C)=O,C1CCOC1.CO,,Rh,C[C@H](C1=C(P(c2ccccc2)c2ccccc2)C=C[C@@H]1[Fe]C1C=CC=C1)N(C)P(c1ccc(F)c(F)c1)c1ccc(F)c(F)c1,C[C@H](C1=C(P(c2ccccc2)8->c2ccccc2)C=C[C@@H]1[Fe]C1C=CC=C1)N(C)P(c1ccc(F)c(F)c1)9->c1ccc(F)c(F)c1.[Rh+]89,1,25,100,2.892794322,0.985,ferrocene type,"['ferrocene type', 'double P type']",tri-sub
11298,COC(=O)/C(NC(C)=O)=C(/c1ccccc1)c1cn(C(=O)OC(C)(C)C)c2ncccc12,COC(=O)[C@@H](NC(C)=O)[C@@H](c1ccccc1)c1cn(C(=O)OC(C)(C)C)c2ncccc12,CO,,Rh,C[C@H](C1=C(P(c2ccc(C(F)(F)F)cc2)c2ccc(C(F)(F)F)cc2)[C@H]([Fe]C2C=CC=C2)C=C1)P(C(C)(C)C)C(C)(C)C,C[C@H](C1=C(P(c2ccc(C(F)(F)F)cc2)8->c2ccc(C(F)(F)F)cc2)[C@H]([Fe]C2C=CC=C2)C=C1)P(C(C)(C)C)9->C(C)(C)C.[Rh+]89,34,40,50,2.420499724,0.96,ferrocene type,"['ferrocene type', 'double P type']",tetra-sub
7872,CCOC(=O)/C=C(/NC(C)=O)c1ccccc1,CCOC(=O)C[C@@H](NC(C)=O)c1ccccc1,ClCCl,,Rh,CC(C)Op1oc2ccc3ccccc3c2c2c(ccc3ccccc32)o1,CC(C)Op8->1oc2ccc3ccccc3c2c2c(ccc3ccccc32)o1.[Rh+]8,59,25,50,1.598509894,0.874,binol type,"['binol type', 'single P type']",tri-sub
8951,COC(=O)/C=C(\CP(=O)(OC)OC)c1ccc([N+](=O)[O-])cc1,COC(=O)CC(CP(=O)(OC)OC)c1ccc([N+](=O)[O-])cc1,ClCCl,,Rh,C[C@@H](C1=C([P@](c2ccccc2)c2cccc3ccccc23)C=C[C@H]1[Fe]C1C=CC=C1)N(C)P(c1ccc(C(F)(F)F)cc1)c1ccc(C(F)(F)F)cc1,C[C@@H](C1=C([P@](c2ccccc2)9->c2cccc3ccccc23)C=C[C@H]1[Fe]C1C=CC=C1)N(C)P(c1ccc(C(F)(F)F)cc1)8->c1ccc(C(F)(F)F)cc1.[Rh+]89,59,25,100,2.304501335,0.96,ferrocene type,"['ferrocene type', 'double P type']",tri-sub
11737,COC(=O)/C=C(/B1OC(C)(C)C(C)(C)O1)c1cccc(Br)c1,COC(=O)C[C@H](B1OC(C)(C)C(C)(C)O1)c1cccc(Br)c1,ClCCl,,Rh,C[C@H](NC(=S)Nc1cc(C(F)(F)F)cc(C(F)(F)F)c1)C1=C(P(c2ccccc2)c2ccccc2)[C@@H]([Fe][C@H]2C=CC=C2P(c2ccccc2)c2ccccc2)C=C1,C[C@H](NC(=S)Nc1cc(C(F)(F)F)cc(C(F)(F)F)c1)C1=C(P(c2ccccc2)9->c2ccccc2)[C@@H]([Fe][C@H]2C=CC=C2P(c2ccccc2)8->c2ccccc2)C=C1.[Rh+]89,50,30,100,2.519437632,0.97,ferrocene type,"['ferrocene type', 'double P type']",tri-sub
4573,[H]/C=C(/NC(C)=O)C(=O)OC.[H]/C=C(/NC(C)=O)C(=O)OC,COC(=O)[C@H](C)NC(C)=O,ClCCl,,Rh,c1ccc2c(c1)ccc1op(OC3CCCCC3)oc3ccc4ccccc4c3c12,c1ccc2c(c1)ccc1op(OC3CCCCC3)8->oc3ccc4ccccc4c3c12.[Rh+]8,1,20,1000,2.086939441,0.946,binol type,"['binol type', 'single P type']",di-sub
11591,CCOC(=O)/C(OC(C)=O)=C(\NC(C)=O)c1ccccc1,CCOC(=O)[C@H](OC(C)=O)[C@@H](NC(C)=O)c1ccccc1,CO,,Rh,CC(C)(C)P1Cc2ccccc2[C@H]1[C@@H]1c2ccccc2CP1C(C)(C)C,CC(C)(C)P8->1Cc2ccccc2[C@H]1[C@@H]1c2ccccc2CP9->1C(C)(C)C.[Rh+]89,30,25,100,1.743519237,0.9,double P type,['double P type'],tetra-sub
4117,COC(=O)/C(=C/c1ccc(C(=O)c2ccccc2)cc1)NC(C)=O,COC(=O)[C@@H](Cc1ccc(C(=O)c2ccccc2)cc1)NC(C)=O,ClCCl,,Rh,CN(C)p1oc2ccc3ccccc3c2c2c(ccc3ccccc32)o1,CN(C)p8->1oc2ccc3ccccc3c2c2c(ccc3ccccc32)o1.[Rh+]8,5,25,100,1.881851867,0.92,binol type,"['binol type', 'single P type']",tri-sub
7300,C=C(NC(C)=O)C(=O)OC,COC(=O)[C@H](C)NC(C)=O,CO,,Rh,C[C@H](c1ccccc1P(c1ccccc1)c1ccccc1)P(C(C)(C)C)C(C)(C)C.O=C[Cr](C=O)C=O,C[C@H](c1ccccc1P(c1ccccc1)8->c1ccccc1)P(C(C)(C)C)9->C(C)(C)C.O=C[Cr](C=O)C=O.[Rh+]89,1,25,100,0.090179129,0.076,double P type,['double P type'],di-sub
1675,C=C(NC(C)=O)C(=O)OC,COC(=O)[C@@H](C)NC(C)=O,ClCCl,,Rh,CS(=O)(=Np1oc2ccc3ccccc3c2c2c(ccc3ccccc32)o1)c1ccccc1,CS(=O)(=N9->p8->1oc2ccc3ccccc3c2c2c(ccc3ccccc32)o1)c1ccccc1.[Rh+]89,1.3,25,1000,2.720952926,0.98,binol type,"['binol type', 'P,N type']",di-sub
5894,CCOC(=O)/C=C(\NC(C)=O)c1ccccc1,CCOC(=O)C[C@@H](NC(C)=O)c1ccccc1,CCO,,Rh,CC(C)(C)P1Cc2ccc3ccccc3c2-c2c(ccc3ccccc23)C1,CC(C)(C)P8->1Cc2ccc3ccccc3c2-c2c(ccc3ccccc23)C1.[Rh+]8,49,10,100,0.423871526,0.36,binol type,"['binol type', 'single P type']",tri-sub
11306,COC(=O)N/C(C(=O)OC)=C(\c1ccccc1)c1cccnc1,COC(=O)N[C@H](C(=O)OC)[C@@H](c1ccccc1)c1cccnc1,CO,,Rh,C[C@H](C1=C(P(c2ccc(C(F)(F)F)cc2)c2ccc(C(F)(F)F)cc2)[C@H]([Fe]C2C=CC=C2)C=C1)P(C(C)(C)C)C(C)(C)C,C[C@H](C1=C(P(c2ccc(C(F)(F)F)cc2)8->c2ccc(C(F)(F)F)cc2)[C@H]([Fe]C2C=CC=C2)C=C1)P(C(C)(C)C)9->C(C)(C)C.[Rh+]89,27,25,20,2.058336063,0.94,ferrocene type,"['ferrocene type', 'double P type']",tetra-sub
11246,CC(=O)N/C(C#N)=C/c1ccccc1,CC(=O)N[C@H](C#N)Cc1ccccc1,ClCCl,,Rh,C[C@H]1CC[C@H](C)P1c1ccccc1P1[C@@H](C)CC[C@@H]1C,C[C@H]1CC[C@H](C)P8->1c1ccccc1P9->1[C@@H](C)CC[C@@H]1C.[Rh+]89,30,25,100,2.477862753,0.97,double P type,['double P type'],tri-sub
11939,COC(=O)/C(=C/C=C/c1ccccc1C)NC(C)=O,COC(=O)[C@@H](C/C=C/c1ccccc1C)NC(C)=O,ClCCl,,Rh,CC(C)(C)P1CCC[C@@H]1[C@H]1CCCP1C(C)(C)C,CC(C)(C)P8->1CCC[C@@H]1[C@H]1CCCP9->1C(C)(C)C.[Rh+]89,1.5,25,3000,3.134375973,0.99,double P type,['double P type'],tri-sub
5609,COC(=O)/C(=C/c1ccc(Cl)cc1)NC(C)=O,COC(=O)[C@@H](Cc1ccc(Cl)cc1)NC(C)=O,C1CCOC1,,Rh,CCN(CC)p1oc2ccc3ccccc3c2c2c(ccc3ccccc32)o1,CCN(CC)p8->1oc2ccc3ccccc3c2c2c(ccc3ccccc32)o1.[Rh+]8,20,25,100,2.611795641,0.976,binol type,"['binol type', 'single P type']",tri-sub
6369,CC/C(C)=C(/NC(C)=O)C(=O)OC,CC[C@H](C)[C@@H](NC(C)=O)C(=O)OC,CO,,Rh,CP(CCP(C)C(C)(C)C)C(C)(C)C,CP(CCP(C)9->C(C)(C)C)8->C(C)(C)C.[Rh+]89,2,25,100,0.587454266,0.459,double P type,['double P type'],tetra-sub
5473,CC/C=C(\NC(C)=O)C(=O)OC,CCC[C@H](NC(C)=O)C(=O)OC,C1CCOC1,,Rh,Cc1cc(C)cc(S[C@H](C(C)C)[C@@H](C)OP(c2ccccc2)c2ccccc2)c1,Cc1cc(C)cc(S[C@H](C(C)C)[C@@H](C)OP(c2ccccc2)8->c2ccccc2)c1.[Rh+]8,7.8,25,100,2.058336063,0.94,single P type,['single P type'],tri-sub
9149,CC(=O)NC1=Cc2ccccc2CC1,CC(=O)NC1CCc2ccccc2C1,ClCCl,,Rh,O=C(NCCP1Cc2ccc3ccccc3c2-c2c(ccc3ccccc23)C1)Nc1ccccc1,O=C(NCCP8->1Cc2ccc3ccccc3c2-c2c(ccc3ccccc23)C1)Nc1ccccc1.[Rh+]8,20,25,50,0.715489045,0.54,binol type,"['binol type', 'single P type']",tri-sub
11301,COC(=O)/C(NC(C)=O)=C(\c1ccccc1)c1ccc2ccccc2c1,COC(=O)[C@@H](NC(C)=O)[C@H](c1ccccc1)c1ccc2ccccc2c1,CO,,Rh,C[C@H](C1=C(P(c2ccc(C(F)(F)F)cc2)c2ccc(C(F)(F)F)cc2)[C@H]([Fe]C2C=CC=C2)C=C1)P(C(C)(C)C)C(C)(C)C,C[C@H](C1=C(P(c2ccc(C(F)(F)F)cc2)8->c2ccc(C(F)(F)F)cc2)[C@H]([Fe]C2C=CC=C2)C=C1)P(C(C)(C)C)9->C(C)(C)C.[Rh+]89,27,25,20,2.304501335,0.96,ferrocene type,"['ferrocene type', 'double P type']",tetra-sub
4611,[H]/C=C(/NC(C)=O)C(=O)OC.[H]/C=C(/NC(C)=O)C(=O)OC,COC(=O)[C@H](C)NC(C)=O,ClCCl,,Rh,COp1oc2ccc3ccccc3c2c2c(ccc3ccccc32)o1,COp8->1oc2ccc3ccccc3c2c2c(ccc3ccccc32)o1.[Rh+]8,1,25,100,1.881851867,0.92,binol type,"['binol type', 'single P type']",di-sub
7575,COC(=O)/C(=C/c1cc(F)ccc1F)NC(C)=O,COC(=O)[C@@H](Cc1cc(F)ccc1F)NC(C)=O,C1CCOC1,,Rh,COC[C@H](Op1oc2ccc3ccccc3c2c2c(ccc3ccccc32)o1)[C@@H](c1ccccc1)P(c1ccccc1)c1ccccc1,COC[C@H](Op9->1oc2ccc3ccccc3c2c2c(ccc3ccccc32)o1)[C@@H](c1ccccc1)P(c1ccccc1)8->c1ccccc1.[Rh+]89,20,25,1000,2.720952926,0.98,binol type,"['binol type', 'double P type']",tri-sub
3973,C=C(NC(C)=O)C(=O)OC,COC(=O)[C@H](C)NC(C)=O,ClCCl,,Rh,Brc1ccccc1Op1oc2ccc3ccccc3c2c2c(ccc3ccccc32)o1,Brc1ccccc1Op8->1oc2ccc3ccccc3c2c2c(ccc3ccccc32)o1.[Rh+]8,1,20,1000,1.009892502,0.7,binol type,"['binol type', 'single P type']",di-sub
4624,[H]/C=C(/NC(C)=O)C(=O)OC.[H]/C=C(/NC(C)=O)C(=O)OC,COC(=O)[C@@H](C)NC(C)=O,ClCCl,,Rh,CCCCNC(=O)NCCCOp1oc2ccc3ccccc3c2c2c(ccc3ccccc32)o1,CCCCNC(=O)NCCCOp8->1oc2ccc3ccccc3c2c2c(ccc3ccccc32)o1.[Rh+]8,1,25,100,2.018898075,0.936,binol type,"['binol type', 'single P type']",di-sub
299,COC(=O)/C(=C/c1ccc([N+](=O)[O-])cc1)NC(C)=O,COC(=O)[C@H](Cc1ccc([N+](=O)[O-])cc1)NC(C)=O,ClCCl,,Rh,CC(C)P1Oc2cccc3c2C2(CC3)CCc3cccc(c32)O1,CC(C)P8->1Oc2cccc3c2C2(CC3)CCc3cccc(c32)O1.[Rh+]8,1,25,100,3.197061601,0.991,single P type,['single P type'],tri-sub
3256,COC(=O)/C(=C/c1ccccc1)CNC(C)=O,COC(=O)C(CNC(C)=O)Cc1ccccc1,ClCCl,,Rh,O=C(NCc1cccc(COp2oc3ccc4ccccc4c3c3c(ccc4ccccc43)o2)c1)c1ccccc1C(=O)Nc1cc(C(F)(F)F)cc(C(F)(F)F)c1,O=C(NCc1cccc(COp8->2oc3ccc4ccccc4c3c3c(ccc4ccccc43)o2)c1)c1ccccc1C(=O)Nc1cc(C(F)(F)F)cc(C(F)(F)F)c1.[Rh+]8,49,25,100,0.6040658,0.47,binol type,"['binol type', 'single P type']",tri-sub
9511,COC(=O)/C(=C/c1ccccc1Cl)NC(C)=O,COC(=O)[C@@H](Cc1ccccc1Cl)NC(C)=O,CC(C)=O,,Rh,CN(C)p1oc2c(P(c3ccccc3)c3ccccc3)cc3ccccc3c2c2c(o1)c(P(c1ccccc1)c1ccccc1)cc1ccccc12,CN(C)p9->1oc2c(P(c3ccccc3)c3ccccc3)cc3ccccc3c2c2c(o1)c(P(c1ccccc1)8->c1ccccc1)cc1ccccc12.[Rh+]89,1,25,100,2.100409132,0.944,binol type,"['binol type', 'double P type']",tri-sub
11129,COC(=O)/C=C(\C#N)c1ccc(OC)c(Br)c1,COC(=O)C[C@@H](C#N)c1ccc(OC)c(Br)c1,CO,,Rh,C[C@@H](C1=C(P(c2ccccc2)c2ccccc2)[C@@H]([Fe][C@H]2C=CC=C2P(c2ccccc2)c2ccccc2)C=C1)N(C)C(=S)Nc1cc(C(F)(F)F)cc(C(F)(F)F)c1,C[C@@H](C1=C(P(c2ccccc2)8->c2ccccc2)[C@@H]([Fe][C@H]2C=CC=C2P(c2ccccc2)9->c2ccccc2)C=C1)N(C)C(=S)Nc1cc(C(F)(F)F)cc(C(F)(F)F)c1.[Rh+]89,50,20,100,2.023800223,0.94,ferrocene type,"['ferrocene type', 'double P type']",tri-sub
7576,COC(=O)/C(=C/c1ccc([N+](=O)[O-])c(O)c1)NC(=O)OCc1ccccc1,COC(=O)[C@@H](Cc1ccc([N+](=O)[O-])c(O)c1)NC(=O)OCc1ccccc1,CO.ClCCl,,Rh,CC[C@@H]1CC[C@@H](CC)P1c1ccccc1P1[C@H](CC)CC[C@H]1CC,CC[C@@H]1CC[C@@H](CC)P8->1c1ccccc1P9->1[C@H](CC)CC[C@H]1CC.[Rh+]89,4,25,100,3.678730759,0.996,double P type,['double P type'],tri-sub
180,COC(=O)/C(=C\c1ccc(Cl)c(Cl)c1)NC(C)=O,COC(=O)[C@H](Cc1ccc(Cl)c(Cl)c1)NC(C)=O,ClCCl,,Rh,CN(N(C)p1oc2ccc3ccccc3c2c2c(ccc3ccccc32)o1)p1oc2ccc3ccccc3c2c2c(ccc3ccccc32)o1,CN(N(C)p8->1oc2ccc3ccccc3c2c2c(ccc3ccccc32)o1)p9->1oc2ccc3ccccc3c2c2c(ccc3ccccc32)o1.[Rh+]89,5,25,100,1.531681473,0.86,binol type,"['binol type', 'double P type']",tri-sub
11993,CCOC(=O)/C=C(/c1ccccc1)[Si](C)(C)C,CCOC(=O)C[C@H](c1ccccc1)[Si](C)(C)C,ClCCl,,Rh,C[C@H](NC(=S)Nc1cc(C(F)(F)F)cc(C(F)(F)F)c1)C1=C(P(c2ccccc2)c2ccccc2)[C@@H]([Fe][C@H]2C=CC=C2P(c2ccccc2)c2ccccc2)C=C1,C[C@H](NC(=S)Nc1cc(C(F)(F)F)cc(C(F)(F)F)c1)C1=C(P(c2ccccc2)9->c2ccccc2)[C@@H]([Fe][C@H]2C=CC=C2P(c2ccccc2)8->c2ccccc2)C=C1.[Rh+]89,50,40,100,0,0,ferrocene type,"['ferrocene type', 'double P type']",tri-sub
5215,C=C(NC(C)=O)C(=O)OC,CC[C@@H](NC(C)=O)C(=O)OC,ClCCl,,Rh,CN(C)p1oc2ccc3ccccc3c2c2c(ccc3ccccc32)o1,CN(C)p8->1oc2ccc3ccccc3c2c2c(ccc3ccccc32)o1.[Rh+]8,5,25,100,3.134375973,0.99,binol type,"['binol type', 'single P type']",di-sub
6488,COC(=O)/C(=C/c1ccccc1)CNC(C)=O,COC(=O)[C@@H](CNC(C)=O)Cc1ccccc1,ClCCl,,Rh,O=C(Nc1cccc(COp2oc3ccc4ccccc4c3c3c(ccc4ccccc43)o2)c1)c1ccccc1,O=C(Nc1cccc(COp8->2oc3ccc4ccccc4c3c3c(ccc4ccccc43)o2)c1)c1ccccc1.[Rh+]8,49,25,100,1.963997164,0.93,binol type,"['binol type', 'single P type']",tri-sub
198,COC(=O)/C(=C\c1ccc(Cl)cc1)NC(C)=O,COC(=O)[C@H](Cc1ccc(Cl)cc1)NC(C)=O,ClCCl,,Rh,c1ccc(N(N(c2ccccc2)p2oc3ccc4ccccc4c3c3c(ccc4ccccc43)o2)p2oc3ccc4ccccc4c3c3c(ccc4ccccc43)o2)cc1,c1ccc(N(N(c2ccccc2)p8->2oc3ccc4ccccc4c3c3c(ccc4ccccc43)o2)p9->2oc3ccc4ccccc4c3c3c(ccc4ccccc43)o2)cc1.[Rh+]89,5,25,100,1.743519237,0.9,binol type,"['binol type', 'double P type']",tri-sub
9621,O=C(NC1=Cc2ccccc2CC1)c1ccccc1,O=C(N[C@@H]1CCc2ccccc2C1)c1ccccc1,ClCCl,,Rh,Cc1cc(C(C)(C)C)c2op(OC[C@@H](C)P(c3ccccc3)c3ccccc3)oc3c(C(C)(C)C)cc(C)c(C)c3c2c1C,Cc1cc(C(C)(C)C)c2op(OC[C@@H](C)P(c3ccccc3)8->c3ccccc3)9->oc3c(C(C)(C)C)cc(C)c(C)c3c2c1C.[Rh+]89,20,25,100,0.65053196,0.5,double P type,['double P type'],tri-sub
5474,COC(=O)/C(=C/C(C)C)NC(C)=O,COC(=O)[C@H](CC(C)C)NC(C)=O,C1CCOC1,,Rh,Cc1cc(C)cc(S[C@H](C(C)C)[C@@H](C)OP(c2ccccc2)c2ccccc2)c1,Cc1cc(C)cc(S[C@H](C(C)C)[C@@H](C)OP(c2ccccc2)8->c2ccccc2)c1.[Rh+]8,7.8,25,100,1.68395754,0.89,single P type,['single P type'],tri-sub
11096,COC(=O)/C=C(\C#N)c1ccccc1,COC(=O)C[C@@H](C#N)c1ccccc1,CO,,Rh,C[C@H](NC(=S)Nc1cc(C(F)(F)F)cc(C(F)(F)F)c1)C1=C(P(c2ccccc2)c2ccccc2)[C@@H]([Fe][C@H]2C=CC=C2P(c2ccccc2)c2ccccc2)C=C1,C[C@H](NC(=S)Nc1cc(C(F)(F)F)cc(C(F)(F)F)c1)C1=C(P(c2ccccc2)9->c2ccccc2)[C@@H]([Fe][C@H]2C=CC=C2P(c2ccccc2)8->c2ccccc2)C=C1.[Rh+]89,50,35,100,2.242136979,0.95,ferrocene type,"['ferrocene type', 'double P type']",tri-sub
4340,COC(=O)/C(=C/c1ccccc1Cl)NC(C)=O,COC(=O)[C@H](Cc1ccccc1Cl)NC(C)=O,CO,,Rh,CC(C)(C)Oc1ccccc1P(CCP(c1ccccc1)c1ccccc1OC(C)(C)C)c1ccccc1,CC(C)(C)Oc1ccccc1P(CCP(c1ccccc1)9->c1ccccc1OC(C)(C)C)8->c1ccccc1.[Rh+]89,1,22,1000,3.510600839,0.995,double P type,['double P type'],tri-sub
4943,COc1cccc2c1C=C(NC(C)=O)CC2,COc1cccc2c1C[C@H](NC(C)=O)CC2,ClCCl,,Rh,Cc1cc(C(C)(C)C)c2op(OCP(c3ccccc3)c3ccccc3)oc3c(C(C)(C)C)cc(C)c(C)c3c2c1C,Cc1cc(C(C)(C)C)c2op(OCP(c3ccccc3)8->c3ccccc3)9->oc3c(C(C)(C)C)cc(C)c(C)c3c2c1C.[Rh+]89,20,25,100,0.252454438,0.21,double P type,['double P type'],tri-sub
11231,CC(=O)N/C(C#N)=C\c1ccccc1,CC(=O)NC(C#N)Cc1ccccc1,CO,,Rh,c1ccc(P(c2ccccc2)c2ccc3ccccc3c2-c2c(P(c3ccccc3)c3ccccc3)ccc3ccccc23)cc1,c1ccc(P(c2ccccc2)8->c2ccc3ccccc3c2-c2c(P(c3ccccc3)9->c3ccccc3)ccc3ccccc23)cc1.[Rh+]89,30,25,100,0,0,double P type,['double P type'],tri-sub
11814,O=C1OCCC/C1=C\c1ccccc1,O=C1OCCC[C@@H]1Cc1ccccc1,Cc1ccccc1,,Rh,C[C@H](NC(=S)Nc1cc(C(F)(F)F)cc(C(F)(F)F)c1)C1=C(P(c2ccccc2)c2ccccc2)[C@@H]([Fe][C@H]2C=CC=C2P(c2ccccc2)c2ccccc2)C=C1,C[C@H](NC(=S)Nc1cc(C(F)(F)F)cc(C(F)(F)F)c1)C1=C(P(c2ccccc2)9->c2ccccc2)[C@@H]([Fe][C@H]2C=CC=C2P(c2ccccc2)8->c2ccccc2)C=C1.[Rh+]89,50,25,100,1.531681473,0.86,ferrocene type,"['ferrocene type', 'double P type']",tri-sub
5286,COC(=O)/C(=C\c1ccccc1)NC(C)=O,COC(=O)[C@H](Cc1ccccc1)NC(C)=O,ClCCl,,Rh,CC1(C)O[C@@H]2O[C@H](CNp3oc4c(C(C)(C)C)cc(C(C)(C)C)cc4c4cc(C(C)(C)C)cc(C(C)(C)C)c4o3)[C@H](Op3oc4c(C(C)(C)C)cc(C(C)(C)C)cc4c4cc(C(C)(C)C)cc(C(C)(C)C)c4o3)[C@@H]2O1,CC1(C)O[C@@H]2O[C@H](CNp8->3oc4c(C(C)(C)C)cc(C(C)(C)C)cc4c4cc(C(C)(C)C)cc(C(C)(C)C)c4o3)[C@H](Op9->3oc4c(C(C)(C)C)cc(C(C)(C)C)cc4c4cc(C(C)(C)C)cc(C(C)(C)C)c4o3)[C@@H]2O1.[Rh+]89,5,25,100,0.215518352,0.18,double P type,['double P type'],tri-sub
4603,[H]/C=C(/NC(C)=O)C(=O)OC.[H]/C=C(/NC(C)=O)C(=O)OC,COC(=O)[C@H](C)NC(C)=O,ClCCl,,Rh,C[C@@H](c1ccccc1)N(C)p1oc2ccccc2c2ccccc2o1,C[C@@H](c1ccccc1)N(C)p8->1oc2ccccc2c2ccccc2o1.[Rh+]8,1,60,500,0.624937324,0.44,single P type,['single P type'],di-sub
5434,C=C(NC(C)=O)C(=O)OC,COC(=O)[C@@H](C)NC(C)=O,CCOC(C)=O,,Rh,CN(C)p1oc2ccc3ccccc3c2c2c(ccc3ccccc32)o1,CN(C)p8->1oc2ccc3ccccc3c2c2c(ccc3ccccc32)o1.[Rh+]8,1,0,20,3.746662771,0.998,binol type,"['binol type', 'single P type']",di-sub
11116,COC(=O)/C=C(\C#N)c1ccc(Br)cc1,COC(=O)C[C@@H](C#N)c1ccc(Br)cc1,CO,,Rh,C[C@@H](C1=C(P(c2ccccc2)c2ccccc2)[C@@H]([Fe][C@H]2C=CC=C2P(c2ccccc2)c2ccccc2)C=C1)N(C)C(=S)Nc1cc(C(F)(F)F)cc(C(F)(F)F)c1,C[C@@H](C1=C(P(c2ccccc2)8->c2ccccc2)[C@@H]([Fe][C@H]2C=CC=C2P(c2ccccc2)9->c2ccccc2)C=C1)N(C)C(=S)Nc1cc(C(F)(F)F)cc(C(F)(F)F)c1.[Rh+]89,50,20,100,2.265835205,0.96,ferrocene type,"['ferrocene type', 'double P type']",tri-sub
3993,CC(=O)N/C(=C\c1ccccc1)C(=O)O,CC(=O)N[C@@H](Cc1ccccc1)C(=O)O,CO,,Rh,[BH3-][P+]1(c2ccccc2)[C@H](C(C)C)COC[C@H]1C(C)C,[BH3-][P+]8->1(c2ccccc2)[C@H](C(C)C)COC[C@H]1C(C)C.[Rh+]8,1,20,100,0.586480056,0.465,single P type,['single P type'],tri-sub
7329,C=C(NC(C)=O)C(=O)OC,COC(=O)[C@H](C)NC(C)=O,ClCCl,,Rh,CC(C)[C@H]1CC[C@@H](C)C[C@H]1Op1oc2c(C(C)(C)C)cc(C(C)(C)C)cc2c2cc(C(C)(C)C)cc(C(C)(C)C)c2o1,CC(C)[C@H]1CC[C@@H](C)C[C@H]1Op8->1oc2c(C(C)(C)C)cc(C(C)(C)C)cc2c2cc(C(C)(C)C)cc(C(C)(C)C)c2o1.[Rh+]8,1,25,100,0.446338215,0.36,single P type,['single P type'],di-sub
6132,CC(=O)N/C(=C\c1ccccc1)C(=O)O,CC(=O)N[C@H](Cc1ccccc1)C(=O)O,ClCCl,,Rh,c1cnc2c(Np3oc4ccc5ccccc5c4c4c(ccc5ccccc54)o3)cccc2c1,c1cn9->c2c(Np8->3oc4ccc5ccccc5c4c4c(ccc5ccccc54)o3)cccc2c1.[Rh+]89,1,25,20,1.152250667,0.75,binol type,"['binol type', 'P,N type']",tri-sub
11597,CCOC(=O)/C(OC(C)=O)=C(\NC(C)=O)c1ccccc1,CCOC(=O)[C@H](OC(C)=O)[C@@H](NC(C)=O)c1ccccc1,ClCCl,,Rh,CC(C)(C)P1CCC[C@@H]1[C@H]1CCCP1C(C)(C)C,CC(C)(C)P8->1CCC[C@@H]1[C@H]1CCCP9->1C(C)(C)C.[Rh+]89,30,25,100,1.004216547,0.69,double P type,['double P type'],tetra-sub
3215,C=C(NC(C)=O)C(=O)OC,COC(=O)[C@@H](C)NC(C)=O,ClCCl,,Rh,c1ccc(COp2oc3ccc4ccccc4c3c3c(ccc4ccccc43)o2)cc1,c1ccc(COp8->2oc3ccc4ccccc4c3c3c(ccc4ccccc43)o2)cc1.[Rh+]8,1,25,100,1.743519237,0.9,binol type,"['binol type', 'single P type']",di-sub
1772,CCOC(=O)/C=C(\NC(C)=O)c1ccc(Cl)cc1,CCOC(=O)C[C@@H](NC(C)=O)c1ccc(Cl)cc1,ClCCl,,Rh,C[C@H](Np1oc2ccc3ccccc3c2c2c(ccc3ccccc32)o1)C1=C[C@H]([Fe]C2C=CC=C2)C=C1P(c1ccccc1)c1ccccc1,C[C@H](Np9->1oc2ccc3ccccc3c2c2c(ccc3ccccc32)o1)C1=C[C@H]([Fe]C2C=CC=C2)C=C1P(c1ccccc1)8->c1ccccc1.[Rh+]89,10,5,1000,2.538338636,0.98,binol type,"['binol type', 'ferrocene type', 'double P type']",tri-sub
11316,COC(=O)/C(NC(C)=O)=C(\c1ccccc1)c1ccc(C(F)(F)F)cc1,COC(=O)[C@@H](NC(C)=O)[C@H](c1ccccc1)c1ccc(C(F)(F)F)cc1,CO,,Rh,C[C@H](C1=C(P(c2ccc(C(F)(F)F)cc2)c2ccc(C(F)(F)F)cc2)[C@H]([Fe]C2C=CC=C2)C=C1)P(C(C)(C)C)C(C)(C)C,C[C@H](C1=C(P(c2ccc(C(F)(F)F)cc2)8->c2ccc(C(F)(F)F)cc2)[C@H]([Fe]C2C=CC=C2)C=C1)P(C(C)(C)C)9->C(C)(C)C.[Rh+]89,27,25,20,2.169340323,0.95,ferrocene type,"['ferrocene type', 'double P type']",tetra-sub
7232,C=C(NC(C)=O)C(=O)OC,COC(=O)[C@@H](C)NC(C)=O,ClCCl,,Rh,COC(=O)[C@H](Cc1ccccc1)Np1oc2c(C(C)(C)C)cc3cc(OC)ccc3c2c2c(o1)c(C(C)(C)C)cc1cc(OC)ccc12,COC(=O)[C@H](Cc1ccccc1)Np8->1oc2c(C(C)(C)C)cc3cc(OC)ccc3c2c2c(o1)c(C(C)(C)C)cc1cc(OC)ccc12.[Rh+]8,10,25,100,0.166895259,0.14,binol type,"['binol type', 'single P type']",di-sub
4102,COC(=O)/C(=C/c1ccc(OC(C)=O)c(OC)c1)NC(C)=O,COC(=O)[C@@H](Cc1ccc(OC(C)=O)c(OC)c1)NC(C)=O,CCOC(C)=O,,Rh,CN(C)p1oc2ccc3ccccc3c2c2c(ccc3ccccc32)o1,CN(C)p8->1oc2ccc3ccccc3c2c2c(ccc3ccccc32)o1.[Rh+]8,5,25,200,2.304501335,0.96,binol type,"['binol type', 'single P type']",tri-sub
298,COC(=O)/C(=C/c1cccc([N+](=O)[O-])c1)NC(C)=O,COC(=O)[C@H](Cc1cccc([N+](=O)[O-])c1)NC(C)=O,ClCCl,,Rh,CC(C)P1Oc2cccc3c2C2(CC3)CCc3cccc(c32)O1,CC(C)P8->1Oc2cccc3c2C2(CC3)CCc3cccc(c32)O1.[Rh+]8,1,25,100,3.346469371,0.993,single P type,['single P type'],tri-sub
9679,CCC/C=C(\NC(C)=O)C(=O)OC,CCCC[C@@H](NC(C)=O)C(=O)OC,CC(C)=O,,Rh,CC(C)N(C(C)C)p1oc2c(P(c3ccccc3)c3ccccc3)cc3ccccc3c2c2c(o1)c(P(c1ccccc1)c1ccccc1)cc1ccccc12,CC(C)N(C(C)C)p18->oc2c(P(c3ccccc3)c3ccccc3)cc3ccccc3c2c2c(o1)c(P(c1ccccc1)c1ccccc1)cc1ccccc12.[Rh+]8,1,25,100,3.134375973,0.99,binol type,"['binol type', 'single P type']",tri-sub
11825,O=C1OCCC/C1=C\c1ccccc1,O=C1OCCC[C@@H]1Cc1ccccc1,ClCCCl,,Rh,C[C@H](NC(=S)Nc1cc(C(F)(F)F)cc(C(F)(F)F)c1)C1=C(P(c2ccccc2)c2ccccc2)[C@@H]([Fe][C@H]2C=CC=C2P(c2ccccc2)c2ccccc2)C=C1,C[C@H](NC(=S)Nc1cc(C(F)(F)F)cc(C(F)(F)F)c1)C1=C(P(c2ccccc2)9->c2ccccc2)[C@@H]([Fe][C@H]2C=CC=C2P(c2ccccc2)8->c2ccccc2)C=C1.[Rh+]89,50,40,100,0.964386925,0.65,ferrocene type,"['ferrocene type', 'double P type']",tri-sub
6343,C=C(NC(C)=O)C(=O)OC,COC(=O)[C@@H](C)NC(C)=O,CO,,Rh,CP(CCP(C)C1CCCCC1)C1C=CC=C1,CP(CCP(C)9->C1CCCCC1)8->C1C=CC=C1.[Rh+]89,2,25,100,0.977507985,0.678,double P type,['double P type'],di-sub
1893,COC(=O)/C(=C/c1ccc(F)cc1)NC(C)=O,COC(=O)[C@@H](Cc1ccc(F)cc1)NC(C)=O,ClCCl,,Rh,Cc1ccccc1N(N(c1ccccc1C)p1oc2ccc3ccccc3c2c2c(ccc3ccccc32)o1)p1oc2ccc3ccccc3c2c2c(ccc3ccccc32)o1,Cc1ccccc1N(N(c1ccccc1C)p8->1oc2ccc3ccccc3c2c2c(ccc3ccccc32)o1)p9->1oc2ccc3ccccc3c2c2c(ccc3ccccc32)o1.[Rh+]89,5,25,100,0.784540948,0.58,binol type,"['binol type', 'double P type']",tri-sub
9966,CC(=O)NC1=Cc2ccccc2C1=O,CC(=O)N[C@H]1Cc2ccccc2C1=O,CO,,Rh,CP(c1ccccc1P(C)C(C)(C)C)C(C)(C)C,CP(c1ccccc1P(C)9->C(C)(C)C)8->C(C)(C)C.[Rh+]89,3,25,100,1.268874489,0.79,double P type,['double P type'],tri-sub
11826,O=C1OCCC/C1=C\c1ccccc1,O=C1OCCC[C@@H]1Cc1ccccc1,ClCCCl,,Rh,C[C@H](NC(=S)Nc1cc(C(F)(F)F)cc(C(F)(F)F)c1)C1=C(P(c2ccccc2)c2ccccc2)[C@@H]([Fe][C@H]2C=CC=C2P(c2ccccc2)c2ccccc2)C=C1,C[C@H](NC(=S)Nc1cc(C(F)(F)F)cc(C(F)(F)F)c1)C1=C(P(c2ccccc2)9->c2ccccc2)[C@@H]([Fe][C@H]2C=CC=C2P(c2ccccc2)8->c2ccccc2)C=C1.[Rh+]89,50,35,50,2.56101251,0.97,ferrocene type,"['ferrocene type', 'double P type']",tri-sub
12567,COC(=O)/C(NC(C)=O)=C(\OC(C)=O)c1ccc(OCc2ccccc2)c(OCc2ccccc2)c1,COC(=O)[C@@H](NC(C)=O)[C@H](OC(C)=O)c1ccc(OCc2ccccc2)c(OCc2ccccc2)c1,ClCCl,,Rh,CC(C)(C)P1Cc2ccccc2C1[C@H]1c2ccccc2CP1C(C)(C)C,CC(C)(C)P8->1Cc2ccccc2C1[C@H]1c2ccccc2CP9->1C(C)(C)C.[Rh+]89,30,25,50,3.134375973,0.99,double P type,['double P type'],tetra-sub
7290,COC(=O)/C(=C\c1ccccc1)NC(C)=O,COC(=O)[C@H](Cc1ccccc1)NC(C)=O,CO,,Rh,C[C@H](c1ccccc1P(c1ccccc1)c1ccccc1)P1C2CCCCC1CC2.O=C[Cr](C=O)C=O,C[C@H](c1ccccc1P(c1ccccc1)8->c1ccccc1)P9->1C2CCCCC1CC2.O=C[Cr](C=O)C=O.[Rh+]89,1,25,100,1.593512862,0.873,double P type,['double P type'],tri-sub
11093,COC(=O)/C=C(\C#N)c1ccccc1,COC(=O)C[C@@H](C#N)c1ccccc1,CO,,Rh,c1ccc(P(c2ccccc2)c2ccc3c(c2-c2c(P(c4ccccc4)c4ccccc4)ccc4c2OCO4)OCO3)cc1,c1ccc(P(c2ccccc2)8->c2ccc3c(c2-c2c(P(c4ccccc4)9->c4ccccc4)ccc4c2OCO4)OCO3)cc1.[Rh+]89,30,20,100,0,0,double P type,['double P type'],tri-sub
8983,COC(=O)/C(=C/c1ccccc1)NC=O,COC(=O)[C@@H](Cc1ccccc1)NC=O,ClCCl,,Rh,c1ccc2c(c1)ccc1op(N3CCCCC3)oc3ccc4ccccc4c3c12,c1ccc2c(c1)ccc1op(N3CCCCC3)8->oc3ccc4ccccc4c3c12.[Rh+]8,5,25,100,2.720952926,0.98,binol type,"['binol type', 'single P type']",tri-sub
9659,COC(=O)/C(=C/c1ccc(Cl)cc1)NC(C)=O,COC(=O)[C@@H](Cc1ccc(Cl)cc1)NC(C)=O,CC(C)=O,,Rh,CC(C)N(C(C)C)p1oc2c(P(c3ccccc3)c3ccccc3)cc3ccccc3c2c2c(o1)c(P(c1ccccc1)c1ccccc1)cc1ccccc12,CC(C)N(C(C)C)p18->oc2c(P(c3ccccc3)c3ccccc3)cc3ccccc3c2c2c(o1)c(P(c1ccccc1)c1ccccc1)cc1ccccc12.[Rh+]8,1,25,100,2.720952926,0.98,binol type,"['binol type', 'single P type']",tri-sub
6048,C=C(NC(C)=O)C(=O)OC,COC(=O)[C@H](C)NC(C)=O,ClCCl,,Rh,c1ccc(P(c2ccccc2)c2ccccc2)cc1,c1ccc(P(c2ccccc2)8->c2ccccc2)cc1.[Rh+]8,1,25,1000,0,0,single P type,['single P type'],di-sub
6352,COC(=O)C(NC(C)=O)=C1CCCC1,COC(=O)[C@H](NC(C)=O)C1CCCC1,CO,,Rh,CP(CCP(C)C1C=CC=C1)C1C=CC=C1,CP(CCP(C)9->C1C=CC=C1)8->C1C=CC=C1.[Rh+]89,2,25,100,1.097341266,0.729,double P type,['double P type'],tetra-sub
8945,COC(=O)/C=C(\CP(=O)(OC)OC)c1ccccc1OC,COC(=O)CC(CP(=O)(OC)OC)c1ccccc1OC,ClCCl,,Rh,C[C@@H](C1=C([P@](c2ccccc2)c2cccc3ccccc23)C=C[C@H]1[Fe]C1C=CC=C1)N(C)P(c1ccc(C(F)(F)F)cc1)c1ccc(C(F)(F)F)cc1,C[C@@H](C1=C([P@](c2ccccc2)9->c2cccc3ccccc23)C=C[C@H]1[Fe]C1C=CC=C1)N(C)P(c1ccc(C(F)(F)F)cc1)8->c1ccc(C(F)(F)F)cc1.[Rh+]89,59,25,100,2.169340323,0.95,ferrocene type,"['ferrocene type', 'double P type']",tri-sub
1731,COC(=O)/C(=C/c1ccc([N+](=O)[O-])cc1)NC(C)=O,COC(=O)[C@H](Cc1ccc([N+](=O)[O-])cc1)NC(C)=O,C1CCOC1,,Rh,C[C@H](C1=C(P(c2ccccc2)c2ccccc2)[C@H]([Fe]C2C=CC=C2)C=C1)N(C)p1oc2ccc3ccccc3c2c2c(ccc3ccccc32)o1,C[C@H](C1=C(P(c2ccccc2)8->c2ccccc2)[C@H]([Fe]C2C=CC=C2)C=C1)N(C)p9->1oc2ccc3ccccc3c2c2c(ccc3ccccc32)o1.[Rh+]89,20.7,25,100,3.678730759,0.996,binol type,"['binol type', 'ferrocene type', 'double P type']",tri-sub
11927,COC(=O)/C(=C/C=C/c1ccccc1)NC(C)=O,COC(=O)[C@@H](C/C=C/c1ccccc1)NC(C)=O,CO,,Rh,C[C@H](C1=C(P(c2ccccc2)c2ccccc2)C=C[C@@H]1[Fe]C1C=CC=C1)P(C1CCCCC1)C1CCCCC1,C[C@H](C1=C(P(c2ccccc2)8->c2ccccc2)C=C[C@@H]1[Fe]C1C=CC=C1)P(C1CCCCC1)9->C1CCCCC1.[Rh+]89,1.5,25,100,1.426378274,0.835,ferrocene type,"['ferrocene type', 'double P type']",tri-sub
3243,COC(=O)/C(=C/c1ccccc1)CNC(C)=O,COC(=O)C(CNC(C)=O)Cc1ccccc1,ClCCl,,Rh,CCCCc1ccc(NC(=O)c2ccccc2C(=O)NCCc2ccc(COp3oc4ccc5ccccc5c4c4c(ccc5ccccc54)o3)cc2)cc1,CCCCc1ccc(NC(=O)c2ccccc2C(=O)NCCc2ccc(COp8->3oc4ccc5ccccc5c4c4c(ccc5ccccc54)o3)cc2)cc1.[Rh+]8,49,25,100,1.125633166,0.74,binol type,"['binol type', 'single P type']",tri-sub
1275,COC(=O)/C(=C/c1cccc(F)c1)NC(C)=O,COC(=O)[C@@H](Cc1cccc(F)c1)NC(C)=O,CO.Cc1ccccc1,,Rh,C[C@@H](C1=C[C@H]([Fe]C2C=CC=C2)C=C1P(c1ccccc1)c1ccccc1)n1nnc(-c2ccccc2)c1P(c1ccccc1)c1ccccc1,C[C@@H](C1=C[C@H]([Fe]C2C=CC=C2)C=C1P(c1ccccc1)8->c1ccccc1)n1nnc(-c2ccccc2)c1P(c1ccccc1)9->c1ccccc1.[Rh+]89,1,25,100,2.720952926,0.98,ferrocene type,"['ferrocene type', 'double P type']",tri-sub
879,C=C(NC(C)=O)C(=O)OC,COC(=O)[C@H](C)NC(C)=O,C1CCOC1,,Rh,CC(C)(C)P1CCC2=CC([Fe]C3C=CC=C3)C(P(C3CCCCC3)C3CCCCC3)=C21,CC(C)(C)P8->1CCC2=CC([Fe]C3C=CC=C3)C(P(C3CCCCC3)9->C3CCCCC3)=C21.[Rh+]89,1,20,100,0.452283336,0.37,ferrocene type,"['ferrocene type', 'double P type']",di-sub
6552,COC(=O)/C(=C/c1ccccc1)CNC(C)=O,COC(=O)[C@@H](CNC(C)=O)Cc1ccccc1,ClCCl,,Rh,CN(Cc1cccc(COp2oc3ccc4ccccc4c3c3c(ccc4ccccc43)o2)c1)C(=O)c1ccc(C(F)(F)F)cc1,CN(Cc1cccc(COp8->2oc3ccc4ccccc4c3c3c(ccc4ccccc43)o2)c1)C(=O)c1ccc(C(F)(F)F)cc1.[Rh+]8,49,25,100,2.304501335,0.96,binol type,"['binol type', 'single P type']",tri-sub
11229,CC(=O)N/C(C#N)=C\c1ccccc1,CC(=O)N[C@@H](C#N)Cc1ccccc1,CO,,Rh,C[C@H](C1=C[C@@H]([Fe]C2C=CC=C2)C=C1P(c1ccccc1)c1ccccc1)P(C1CCCCC1)C1CCCCC1,C[C@H](C1=C[C@@H]([Fe]C2C=CC=C2)C=C1P(c1ccccc1)8->c1ccccc1)P(C1CCCCC1)9->C1CCCCC1.[Rh+]89,30,25,100,2.169340323,0.95,ferrocene type,"['ferrocene type', 'double P type']",tri-sub
1368,C=C(NC(C)=O)C(=O)OC,COC(=O)[C@H](C)NC(C)=O,ClCCl,,Rh,CC[C@H](CCN1[C]N(c2c(C(C)C)cccc2C(C)C)C=C1)P(c1ccccc1)c1ccccc1,CC[C@H](CCN1[C]N(c2c(C(C)C)cccc2C(C)C)C=C1)P(c1ccccc1)8->c1ccccc1.[Rh+]8,39,25,50,0.392762844,0.32,others,['others'],di-sub
10149,COC(=O)/C=C(\NC(C)=O)c1cccc(C)c1,COC(=O)CC(NC(C)=O)c1ccccc1C,CO,,Rh,FC(F)(F)c1ccc(P(N[C@@H]2CCCc3cccc(P(c4ccccc4)c4ccccc4)c32)c2ccc(C(F)(F)F)cc2)cc1,FC(F)(F)c1ccc(P(N[C@@H]2CCCc3cccc(P(c4ccccc4)9->c4ccccc4)c32)8->c2ccc(C(F)(F)F)cc2)cc1.[Rh+]89,10,25,100,2.169340323,0.95,double P type,['double P type'],tri-sub
9654,COC(=O)/C(=C/c1ccccc1Cl)NC(C)=O,COC(=O)[C@@H](Cc1ccccc1Cl)NC(C)=O,CC(C)=O,,Rh,CCN(CC)p1oc2c(P(c3ccccc3)c3ccccc3)cc3ccccc3c2c2c(o1)c(P(c1ccccc1)c1ccccc1)cc1ccccc12,CCN(CC)p8->1oc2c(P(c3ccccc3)9->c3ccccc3)cc3ccccc3c2c2c(o1)c(P(c1ccccc1)c1ccccc1)cc1ccccc12.[Rh+]89,1,25,100,2.477862753,0.97,binol type,"['binol type', 'double P type']",tri-sub
12140,CC(=O)N/C(=C\c1ccc2ccccc2c1)C(F)(F)F,CC(=O)N[C@@H](Cc1ccc2ccccc2c1)C(F)(F)F,CO,,Rh,CC(C)(C)P1Cc2ccccc2[C@H]1[C@@H]1c2ccccc2CP1C(C)(C)C,CC(C)(C)P8->1Cc2ccccc2[C@H]1[C@@H]1c2ccccc2CP9->1C(C)(C)C.[Rh+]89,5,25,100,3.134375973,0.99,double P type,['double P type'],tri-sub
4355,COC(=O)/C(=C/c1ccc(OC)c(OC)c1)NC(C)=O,COC(=O)[C@H](Cc1ccc(OC)c(OC)c1)NC(C)=O,CO,,Rh,CC(C)(C)Oc1ccccc1P(CCP(c1ccccc1)c1ccccc1OC(C)(C)C)c1ccccc1,CC(C)(C)Oc1ccccc1P(CCP(c1ccccc1)9->c1ccccc1OC(C)(C)C)8->c1ccccc1.[Rh+]89,1,22,1000,4.455192972,0.999,double P type,['double P type'],tri-sub
4627,[H]/C=C(/NC(C)=O)C(=O)OC.[H]/C=C(/NC(C)=O)C(=O)OC,COC(=O)[C@H](C)NC(C)=O,ClCCl,,Rh,C[C@H](NC(=S)Nc1ccccc1)[C@H](Op1oc2ccc3ccccc3c2c2c(ccc3ccccc32)o1)c1ccccc1,C[C@H](NC(=S)Nc1ccccc1)[C@H](Op8->1oc2ccc3ccccc3c2c2c(ccc3ccccc32)o1)c1ccccc1.[Rh+]8,1,25,100,0.568093931,0.446,binol type,"['binol type', 'single P type']",di-sub
7942,CC(=O)N1/C(=C\c2ccc(C)cc2)COc2ccccc21,CC(=O)N1c2ccccc2OC[C@H]1Cc1ccc(C)cc1,CO,,Rh,C[C@@H]1CC[C@@H](C)P1c1ccccc1P1[C@H](C)CC[C@H]1C,C[C@@H]1CC[C@@H](C)P8->1c1ccccc1P9->1[C@H](C)CC[C@H]1C.[Rh+]89,4,25,100,2.78393889,0.982,double P type,['double P type'],tri-sub
2735,COC(=O)/C(=C/c1ccc(OC(C)=O)c(OC(C)=O)c1)NC(C)=O,COC(=O)[C@@H](Cc1ccc(OC(C)=O)c(OC(C)=O)c1)NC(C)=O,ClCCl,,Rh,c1ccc([C@@H]2CC[C@@H](c3ccccc3)N2P2Oc3ccccc3O2)cc1,c1ccc([C@@H]2CC[C@@H](c3ccccc3)N2P8->2Oc3ccccc3O2)cc1.[Rh+]8,1,25,100,1.68395754,0.89,single P type,['single P type'],tri-sub
11590,CCOC(=O)/C(OC(C)=O)=C(\NC(C)=O)c1ccccc1,CCOC(=O)[C@H](OC(C)=O)[C@@H](NC(C)=O)c1ccccc1,C1COCCO1,,Rh,CC(C)(C)P1Cc2ccccc2[C@H]1[C@@H]1c2ccccc2CP1C(C)(C)C,CC(C)(C)P8->1Cc2ccccc2[C@H]1[C@@H]1c2ccccc2CP9->1C(C)(C)C.[Rh+]89,30,25,100,2.058336063,0.94,double P type,['double P type'],tetra-sub
818,COc1cc(/C=C(\C)NC(C)=O)cc(OC)c1,COc1cc(C[C@@H](C)NC(C)=O)cc(OC)c1,ClCCl,,Rh,CC(C)(C)P1c2c(cccc2-c2c3ccccc3cc3ccccc23)O[C@@H]1[C@H]1Oc2cccc(-c3c4ccccc4cc4ccccc34)c2P1C(C)(C)C,CC(C)(C)P8->1c2c(cccc2-c2c3ccccc3cc3ccccc23)O[C@@H]1[C@H]1Oc2cccc(-c3c4ccccc4cc4ccccc34)c2P9->1C(C)(C)C.[Rh+]89,51,80,10000,2.935186416,0.97,double P type,['double P type'],tri-sub
6525,COC(=O)/C(=C/c1ccccc1)CNC(C)=O,COC(=O)[C@@H](CNC(C)=O)Cc1ccccc1,ClCCl,,Rh,COc1ccc(C(=O)NCc2ccc(COp3oc4ccc5ccccc5c4c4c(ccc5ccccc54)o3)cc2)cc1,COc1ccc(C(=O)NCc2ccc(COp8->3oc4ccc5ccccc5c4c4c(ccc5ccccc54)o3)cc2)cc1.[Rh+]8,20,25,100,2.304501335,0.96,binol type,"['binol type', 'single P type']",tri-sub
1470,COC(=O)/C=C(\NC(C)=O)c1cc(Cl)cc(Cl)c1,COC(=O)C[C@H](NC(C)=O)c1cc(Cl)cc(Cl)c1,ClCCl,,Rh,CP(c1cc2c(cc1P(C)C(C)(C)C)OCO2)C(C)(C)C,CP(c1cc2c(cc1P(C)9->C(C)(C)C)OCO2)8->C(C)(C)C.[Rh+]89,3,25,100,1.743519237,0.9,double P type,['double P type'],tri-sub
2334,CC(C)(C)OC(=O)C(=O)N/C(=C\C1CC1)C(=O)OCc1ccccc1,CC(C)(C)OC(=O)C(=O)N[C@@H](CC1CC1)C(=O)OCc1ccccc1,C1CCOC1.CO,,Rh,C[C@@H](c1ccccc1)N([C@H](C)C1=C(P(c2ccccc2)c2ccccc2)C=C[C@@H]1[Fe]C1C=CC=C1)P(c1ccccc1)c1ccccc1,C[C@@H](c1ccccc1)N([C@H](C)C1=C(P(c2ccccc2)8->c2ccccc2)C=C[C@@H]1[Fe]C1C=CC=C1)P(c1ccccc1)9->c1ccccc1.[Rh+]89,1,25,100,0.601029336,0.468,ferrocene type,"['ferrocene type', 'double P type']",tri-sub
2390,CC(C)(C)OC(=O)C(=O)N/C(=C\C1CC1)C(=O)OCc1ccccc1,CC(C)(C)OC(=O)C(=O)N[C@@H](CC1CC1)C(=O)OCc1ccccc1,C1CCOC1.CO,,Rh,C[C@H](C1=C(P(c2ccccc2)c2ccccc2)C=C[C@@H]1[Fe]C1C=CC=C1)N(C)P(c1ccc(F)c(F)c1)c1ccc(F)c(F)c1,C[C@H](C1=C(P(c2ccccc2)8->c2ccccc2)C=C[C@@H]1[Fe]C1C=CC=C1)N(C)P(c1ccc(F)c(F)c1)9->c1ccc(F)c(F)c1.[Rh+]89,1,25,100,3.438045145,0.994,ferrocene type,"['ferrocene type', 'double P type']",tri-sub
4580,[H]/C=C(/NC(C)=O)C(=O)OC.[H]/C=C(/NC(C)=O)C(=O)OC,COC(=O)[C@H](C)NC(C)=O,ClCCl,,Rh,CCp1oc2ccc3ccccc3c2c2c(ccc3ccccc32)o1,CCp8->1oc2ccc3ccccc3c2c2c(ccc3ccccc32)o1.[Rh+]8,1,20,1000,2.065167368,0.944,binol type,"['binol type', 'single P type']",di-sub
4100,COC(=O)/C(=C/c1cccc(OC)c1)NC(C)=O,COC(=O)[C@@H](Cc1cccc(OC)c1)NC(C)=O,ClCCl,,Rh,CN(C)p1oc2ccc3ccccc3c2c2c(ccc3ccccc32)o1,CN(C)p8->1oc2ccc3ccccc3c2c2c(ccc3ccccc32)o1.[Rh+]8,5,25,100,2.477862753,0.97,binol type,"['binol type', 'single P type']",tri-sub
8011,C/C=C(\NC(C)=O)C(=O)OC,CC[C@@H](NC(C)=O)C(=O)OC,ClCCl,,Rh,c1ccc(N2CCN(p3oc4ccc5c(c4c4c6c(ccc4o3)CCCC6)CCCC5)CC2)cc1,c1ccc(N2CCN(p8->3oc4ccc5c(c4c4c6c(ccc4o3)CCCC6)CCCC5)CC2)cc1.[Rh+]8,5,25,50,2.304501335,0.96,binol type,"['binol type', 'single P type']",tri-sub
12611,O=C1C=C(c2ccccc2F)C(=O)O1,O=C1C[C@H](c2ccccc2F)C(=O)O1,CCOC(C)=O,,Rh,C[C@H](NC(=S)Nc1cc(C(F)(F)F)cc(C(F)(F)F)c1)C1=C(P(c2ccccc2)c2ccccc2)[C@@H]([Fe][C@H]2C=CC=C2P(c2ccccc2)c2ccccc2)C=C1,C[C@H](NC(=S)Nc1cc(C(F)(F)F)cc(C(F)(F)F)c1)C1=C(P(c2ccccc2)9->c2ccccc2)[C@@H]([Fe][C@H]2C=CC=C2P(c2ccccc2)8->c2ccccc2)C=C1.[Rh+]89,1,25,100,3.134375973,0.99,ferrocene type,"['ferrocene type', 'double P type']",tri-sub
1803,COC(=O)/C(=C/c1ccccc1Cl)NC(C)=O,COC(=O)[C@@H](Cc1ccc(OC)cc1)NC(C)=O,ClCCl,,Rh,C[C@@H](c1ccccc1P(c1ccccc1)c1ccccc1)N(C)p1oc2ccc3ccccc3c2c2c(ccc3ccccc32)o1,C[C@@H](c1ccccc1P(c1ccccc1)8->c1ccccc1)N(C)p9->1oc2ccc3ccccc3c2c2c(ccc3ccccc32)o1.[Rh+]89,10,25,100,3.678730759,0.996,binol type,"['binol type', 'double P type']",tri-sub
1576,CC(=O)N/C(=C\c1ccccc1)C(=O)O,CC(=O)N[C@@H](Cc1ccccc1)C(=O)O,ClCCl,,Rh,C=Cc1ccc(CN(c2ccccc2OC)p2oc3ccc4ccccc4c3c3c(ccc4ccccc43)o2)cc1,C=Cc1ccc(CN(c2ccccc2OC)p8->2oc3ccc4ccccc4c3c3c(ccc4ccccc43)o2)cc1.[Rh+]8,1,25,20,0.487686304,0.39,binol type,"['binol type', 'single P type']",tri-sub
187,COC(=O)/C(=C\c1ccc(F)cc1)NC(C)=O,COC(=O)[C@H](Cc1ccc(F)cc1)NC(C)=O,ClCCl,,Rh,CC(C)(C)N(N(p1oc2ccc3ccccc3c2c2c(ccc3ccccc32)o1)C(C)(C)C)p1oc2ccc3ccccc3c2c2c(ccc3ccccc32)o1,CC(C)(C)N(N(p8->1oc2ccc3ccccc3c2c2c(ccc3ccccc32)o1)C(C)(C)C)p9->1oc2ccc3ccccc3c2c2c(ccc3ccccc32)o1.[Rh+]89,5,0,100,1.723978388,0.92,binol type,"['binol type', 'double P type']",tri-sub
1586,COC(=O)/C(=C/c1ccc(OC)cc1)NC(C)=O,COC(=O)[C@H](Cc1ccccc1OC)NC(C)=O,ClCCl,,Rh,CCN(Cc1ccccc1)p1oc2ccc3ccccc3c2c2c(ccc3ccccc32)o1,CCN(Cc1ccccc1)p8->1oc2ccc3ccccc3c2c2c(ccc3ccccc32)o1.[Rh+]8,20,25,100,2.637296469,0.977,binol type,"['binol type', 'single P type']",tri-sub
5620,COC(=O)/C(=C/c1ccc(C)cc1)NC(=O)c1ccccc1,COC(=O)[C@@H](Cc1ccc(C)cc1)NC(=O)c1ccccc1,C1CCOC1,,Rh,CCN(CC)p1oc2ccc3ccccc3c2c2c(ccc3ccccc32)o1,CCN(CC)p8->1oc2ccc3ccccc3c2c2c(ccc3ccccc32)o1.[Rh+]8,20,25,100,3.134375973,0.99,binol type,"['binol type', 'single P type']",tri-sub
12123,CC(=O)N/C(=C\c1ccccc1)C(F)(F)F,CC(=O)N[C@@H](Cc1ccccc1)C(F)(F)F,CO,,Rh,CC(C)(C)P1Cc2ccccc2[C@H]1[C@@H]1c2ccccc2CP1C(C)(C)C,CC(C)(C)P8->1Cc2ccccc2[C@H]1[C@@H]1c2ccccc2CP9->1C(C)(C)C.[Rh+]89,30,25,1000,3.134375973,0.99,double P type,['double P type'],tri-sub
11244,CC(=O)N/C(C#N)=C/c1ccccc1,CC(=O)N[C@H](C#N)Cc1ccccc1,CO,,Rh,C[C@H]1CC[C@H](C)P1c1ccccc1P1[C@@H](C)CC[C@@H]1C,C[C@H]1CC[C@H](C)P8->1c1ccccc1P9->1[C@@H](C)CC[C@@H]1C.[Rh+]89,30,25,100,3.134375973,0.99,double P type,['double P type'],tri-sub
6318,COCO/C(=C(\NC(C)=O)c1ccc2ccccc2c1)c1ccc2ccccc2c1,COCO[C@@H](c1ccc2ccccc2c1)[C@H](NC(C)=O)c1ccc2ccccc2c1,OC(F)(F)CF,,Rh,C[C@H](C1=C[C@@H]([Fe]C2C=CC=C2)C=C1P(c1ccccc1)c1ccccc1)P(C1CCCCC1)C1CCCCC1,C[C@H](C1=C[C@@H]([Fe]C2C=CC=C2)C=C1P(c1ccccc1)8->c1ccccc1)P(C1CCCCC1)9->C1CCCCC1.[Rh+]89,40,40,100,2.161943583,0.94,ferrocene type,"['ferrocene type', 'double P type']",tetra-sub
2966,C=C(NC(C)=O)C(=O)OC,COC(=O)[C@@H](C)NC(C)=O,ClCCl,,Rh,CN(C)p1oc2ccc3ccccc3c2c2c(o1)c(COC(=O)c1ccccc1)cc1ccccc12,CN(C)p8->1oc2ccc3ccccc3c2c2c(o1)c(COC(=O)c1ccccc1)cc1ccccc12.[Rh+]8,1,25,200,3.134375973,0.99,binol type,"['binol type', 'single P type']",di-sub
6896,C=C(NC(C)=O)C(=O)OC,COC(=O)[C@H](C)NC(C)=O,ClCCl,,Rh,c1ccc(C2OC[C@@H](Op3oc4ccc5ccccc5c4c4c(ccc5ccccc54)o3)[C@H]([C@@H]3OC(c4ccccc4)OC[C@H]3OC(c3ccccc3)c3ccccc3)O2)cc1,c1ccc(C2OC[C@@H](Op8->3oc4ccc5ccccc5c4c4c(ccc5ccccc54)o3)[C@H]([C@@H]3OC(c4ccccc4)OC[C@H]3OC(c3ccccc3)c3ccccc3)O2)cc1.[Rh+]8,1.2,20,100,2.416901883,0.969,binol type,"['binol type', 'single P type']",di-sub
1583,COC(=O)/C(=C/c1ccc(Cl)cc1)NC(C)=O,COC(=O)[C@H](Cc1ccc(Cl)cc1)NC(C)=O,ClCCl,,Rh,CCN(Cc1ccccc1)p1oc2ccc3ccccc3c2c2c(ccc3ccccc32)o1,CCN(Cc1ccccc1)p8->1oc2ccc3ccccc3c2c2c(ccc3ccccc32)o1.[Rh+]8,20,25,100,2.304501335,0.96,binol type,"['binol type', 'single P type']",tri-sub
3620,C=C(NC(C)=O)C(=O)OC,COC(=O)[C@@H](C)NC(C)=O,ClCCl,,Rh,COC[C@H](Op1oc2ccc3ccccc3c2c2c(ccc3ccccc32)o1)[C@@H](c1ccccc1)P(c1ccccc1)c1ccccc1,COC[C@H](Op9->1oc2ccc3ccccc3c2c2c(ccc3ccccc32)o1)[C@@H](c1ccccc1)P(c1ccccc1)8->c1ccccc1.[Rh+]89,1,25,100,3.134375973,0.99,binol type,"['binol type', 'double P type']",di-sub
11942,COC(=O)/C(=C/C=C/c1cccc(Cl)c1)NC(C)=O,COC(=O)[C@@H](C/C=C/c1cccc(Cl)c1)NC(C)=O,ClCCl,,Rh,CC(C)(C)P1CCC[C@@H]1[C@H]1CCCP1C(C)(C)C,CC(C)(C)P8->1CCC[C@@H]1[C@H]1CCCP9->1C(C)(C)C.[Rh+]89,1,25,3000,3.134375973,0.99,double P type,['double P type'],tri-sub
11321,C=C(NC(C)=O)C(=O)OC,COC(=O)[C@H](C)NC(C)=O,CCO,,Rh,C[C@@H](C1=C(P(C)c2ccccc2P(C(C)(C)C)C(C)(C)C)C=C[C@H]1[Fe]C1C=CC=C1)N(C)C,C[C@@H](C1=C(P(C)8->c2ccccc2P(C(C)(C)C)9->C(C)(C)C)C=C[C@H]1[Fe]C1C=CC=C1)N(C)C.[Rh+]89,10,25,100,0.501718708,0.4,ferrocene type,"['ferrocene type', 'double P type']",di-sub
301,C=C(NC(C)=O)C(=O)OC,COC(=O)[C@H](C)NC(C)=O,ClCCl,,Rh,CC(C)P1Oc2cccc3c2C2(CC3)CCc3cccc(c32)O1,CC(C)P8->1Oc2cccc3c2C2(CC3)CCc3cccc(c32)O1.[Rh+]8,1,25,100,2.498237711,0.971,single P type,['single P type'],di-sub
3253,COC(=O)/C(=C/c1ccccc1)CNC(C)=O,COC(=O)C(CNC(C)=O)Cc1ccccc1,ClCCl,,Rh,c1ccc(COp2oc3ccc4ccccc4c3c3c(ccc4ccccc43)o2)cc1,c1ccc(COp8->2oc3ccc4ccccc4c3c3c(ccc4ccccc43)o2)cc1.[Rh+]8,49,25,100,1.743519237,0.9,binol type,"['binol type', 'single P type']",tri-sub
11943,COC(=O)/C(=C/C=C/c1ccc([N+](=O)[O-])cc1)NC(C)=O,COC(=O)[C@@H](C/C=C/c1ccc([N+](=O)[O-])cc1)NC(C)=O,ClCCl,,Rh,CC(C)(C)P1CCC[C@@H]1[C@H]1CCCP1C(C)(C)C,CC(C)(C)P8->1CCC[C@@H]1[C@H]1CCCP9->1C(C)(C)C.[Rh+]89,1.5,25,3000,3.134375973,0.99,double P type,['double P type'],tri-sub
220,COC(=O)/C(=C\c1ccccc1)NC(C)=O,COC(=O)[C@H](Cc1ccccc1)NC(C)=O,ClCCl,,Rh,Cc1ccccc1OP(Oc1ccccc1C)N(c1ccccc1C)N(c1ccccc1C)p1oc2ccc3ccccc3c2c2c(ccc3ccccc32)o1,Cc1ccccc1OP(Oc1ccccc1C)8->N(c1ccccc1C)N(c1ccccc1C)p9->1oc2ccc3ccccc3c2c2c(ccc3ccccc32)o1.[Rh+]89,5,25,100,0.106874334,0.09,binol type,"['binol type', 'double P type']",tri-sub
11709,CCOC(=O)/C=C(/B1OC(C)(C)C(C)(C)O1)c1ccccc1,CCOC(=O)C[C@H](B1OC(C)(C)C(C)(C)O1)c1ccccc1,CO,,Rh,C[C@H](NC(=S)Nc1cc(C(F)(F)F)cc(C(F)(F)F)c1)C1=C(P(c2ccccc2)c2ccccc2)[C@@H]([Fe][C@H]2C=CC=C2P(c2ccccc2)c2ccccc2)C=C1,C[C@H](NC(=S)Nc1cc(C(F)(F)F)cc(C(F)(F)F)c1)C1=C(P(c2ccccc2)9->c2ccccc2)[C@@H]([Fe][C@H]2C=CC=C2P(c2ccccc2)8->c2ccccc2)C=C1.[Rh+]89,50,30,100,1.512596253,0.85,ferrocene type,"['ferrocene type', 'double P type']",tri-sub
9616,CC(=O)NC1=Cc2ccccc2CC1,CC(=O)N[C@@H]1CCc2ccccc2C1,ClCCl,,Rh,Cc1cc(C(C)(C)C)c2op(OC[C@@H](C)P(c3ccccc3)c3ccccc3)oc3c(C(C)(C)C)cc(C)c(C)c3c2c1C,Cc1cc(C(C)(C)C)c2op(OC[C@@H](C)P(c3ccccc3)8->c3ccccc3)9->oc3c(C(C)(C)C)cc(C)c(C)c3c2c1C.[Rh+]89,20,25,100,1.334717277,0.81,double P type,['double P type'],tri-sub
11819,O=C1OCCC/C1=C\c1ccccc1,O=C1OCCC[C@@H]1Cc1ccccc1,CCCCCC,,Rh,C[C@H](NC(=S)Nc1cc(C(F)(F)F)cc(C(F)(F)F)c1)C1=C(P(c2ccccc2)c2ccccc2)[C@@H]([Fe][C@H]2C=CC=C2P(c2ccccc2)c2ccccc2)C=C1,C[C@H](NC(=S)Nc1cc(C(F)(F)F)cc(C(F)(F)F)c1)C1=C(P(c2ccccc2)9->c2ccccc2)[C@@H]([Fe][C@H]2C=CC=C2P(c2ccccc2)8->c2ccccc2)C=C1.[Rh+]89,50,25,100,1.30106392,0.8,ferrocene type,"['ferrocene type', 'double P type']",tri-sub
6527,COC(=O)/C(=C/c1ccccc1)CNC(C)=O,COC(=O)[C@@H](CNC(C)=O)Cc1ccccc1,ClCCl,,Rh,COc1ccc(C(=O)Nc2cccc(COp3oc4ccc5ccccc5c4c4c(ccc5ccccc54)o3)c2)cc1,COc1ccc(C(=O)Nc2cccc(COp8->3oc4ccc5ccccc5c4c4c(ccc5ccccc54)o3)c2)cc1.[Rh+]8,49,25,100,1.179797016,0.76,binol type,"['binol type', 'single P type']",tri-sub
8009,C/C=C(\NC(C)=O)C(=O)OC,CC[C@@H](NC(C)=O)C(=O)OC,ClCCl,,Rh,c1ccc2c(c1)ccc1op(N3CCSCC3)oc3ccc4ccccc4c3c12,c1ccc2c(c1)ccc1op(N3CCSCC3)8->oc3ccc4ccccc4c3c12.[Rh+]8,5,25,50,1.531681473,0.86,binol type,"['binol type', 'single P type']",tri-sub
12370,COC(=O)/C(=C/CCN1C(=O)c2ccccc2C1=O)NC(C)=O,COC(=O)[C@@H](CCCN1C(=O)c2ccccc2C1=O)NC(C)=O,CO,,Rh,CC(C)(C)P1Cc2ccccc2C1[C@H]1c2ccccc2CP1C(C)(C)C,CC(C)(C)P8->1Cc2ccccc2C1[C@H]1c2ccccc2CP9->1C(C)(C)C.[Rh+]89,7,25,1000,0,0,double P type,['double P type'],tri-sub
2352,CC(=O)N/C(=C\c1ccccc1)C(=O)O,CC(=O)N[C@@H](Cc1ccccc1)C(=O)O,C1CCOC1.CO,,Rh,Cc1ccc(P(c2ccc(C)cc2)N(C)[C@H](C)C2=C(P(c3ccccc3)c3ccccc3)C=C[C@@H]2[Fe]C2C=CC=C2)cc1,Cc1ccc(P(c2ccc(C)cc2)8->N(C)[C@H](C)C2=C(P(c3ccccc3)9->c3ccccc3)C=C[C@@H]2[Fe]C2C=CC=C2)cc1.[Rh+]89,1,25,100,3.025820725,0.988,ferrocene type,"['ferrocene type', 'double P type']",tri-sub
6458,C=C(NC(C)=O)C(=O)OC,COC(=O)[C@@H](C)NC(C)=O,ClCCl,,Rh,O=C(NCc1ccccc1COp1oc2ccc3ccccc3c2c2c(ccc3ccccc32)o1)c1ccccc1,O=C(NCc1ccccc1COp8->1oc2ccc3ccccc3c2c2c(ccc3ccccc32)o1)c1ccccc1.[Rh+]8,1,25,100,2.477862753,0.97,binol type,"['binol type', 'single P type']",di-sub
11836,Cc1cccc(/C=C2\CCCOC2=O)c1,Cc1cccc(C[C@H]2CCCOC2=O)c1,ClCCCl,,Rh,C[C@H](NC(=S)Nc1cc(C(F)(F)F)cc(C(F)(F)F)c1)C1=C(P(c2ccccc2)c2ccccc2)[C@@H]([Fe][C@H]2C=CC=C2P(c2ccccc2)c2ccccc2)C=C1,C[C@H](NC(=S)Nc1cc(C(F)(F)F)cc(C(F)(F)F)c1)C1=C(P(c2ccccc2)9->c2ccccc2)[C@@H]([Fe][C@H]2C=CC=C2P(c2ccccc2)8->c2ccccc2)C=C1.[Rh+]89,50,35,50,3.239556375,0.99,ferrocene type,"['ferrocene type', 'double P type']",tri-sub
1369,C=C(NC(C)=O)C(=O)OC,COC(=O)[C@H](C)NC(C)=O,ClCCl,,Rh,CC(C)c1cccc(C(C)C)c1N1[C]N(CC[C@@H](C(C)C)P(c2ccccc2)c2ccccc2)C=C1,CC(C)c1cccc(C(C)C)c1N1[C]N(CC[C@@H](C(C)C)P(c2ccccc2)8->c2ccccc2)C=C1.[Rh+]8,39,25,50,0.820879938,0.6,others,['others'],di-sub
11736,COC(=O)/C=C(/B1OC(C)(C)C(C)(C)O1)c1ccc(Cl)cc1,COC(=O)C[C@H](B1OC(C)(C)C(C)(C)O1)c1ccc(Cl)cc1,ClCCl,,Rh,C[C@H](NC(=S)Nc1cc(C(F)(F)F)cc(C(F)(F)F)c1)C1=C(P(c2ccccc2)c2ccccc2)[C@@H]([Fe][C@H]2C=CC=C2P(c2ccccc2)c2ccccc2)C=C1,C[C@H](NC(=S)Nc1cc(C(F)(F)F)cc(C(F)(F)F)c1)C1=C(P(c2ccccc2)9->c2ccccc2)[C@@H]([Fe][C@H]2C=CC=C2P(c2ccccc2)8->c2ccccc2)C=C1.[Rh+]89,50,30,100,2.766606499,0.98,ferrocene type,"['ferrocene type', 'double P type']",tri-sub
6506,C=C(NC(C)=O)C(=O)OC,COC(=O)[C@@H](C)NC(C)=O,ClCCl,,Rh,O=C(NCc1ccc(COp2oc3ccc4ccccc4c3c3c(ccc4ccccc43)o2)cc1)c1ccc(C(F)(F)F)cc1,O=C(NCc1ccc(COp8->2oc3ccc4ccccc4c3c3c(ccc4ccccc43)o2)cc1)c1ccc(C(F)(F)F)cc1.[Rh+]8,1,25,100,1.809015734,0.91,binol type,"['binol type', 'single P type']",di-sub
12114,CC(=O)N/C(=C\c1ccccc1)C(F)(F)F,CC(=O)N[C@@H](Cc1ccccc1)C(F)(F)F,CO,,Rh,c1ccc(P(c2ccccc2)c2ccc3c(c2-c2c(P(c4ccccc4)c4ccccc4)ccc4c2OCO4)OCO3)cc1,c1ccc(P(c2ccccc2)8->c2ccc3c(c2-c2c(P(c4ccccc4)9->c4ccccc4)ccc4c2OCO4)OCO3)cc1.[Rh+]89,5,25,100,0.732336261,0.55,double P type,['double P type'],tri-sub
11588,CCOC(=O)/C(OC(C)=O)=C(\NC(C)=O)c1ccccc1,CCOC(=O)[C@H](OC(C)=O)[C@@H](NC(C)=O)c1ccccc1,OCC(F)(F)F,,Rh,CC(C)(C)P1Cc2ccccc2[C@H]1[C@@H]1c2ccccc2CP1C(C)(C)C,CC(C)(C)P8->1Cc2ccccc2[C@H]1[C@@H]1c2ccccc2CP9->1C(C)(C)C.[Rh+]89,30,25,100,1.68395754,0.89,double P type,['double P type'],tetra-sub
7586,CCOC(=O)/C=C(\NC(C)=O)c1ccc(OC)c(OC)c1,CCOC(=O)C[C@H](NC(C)=O)c1ccc(OC)c(OC)c1,CO,,Rh,CP(c1cc2c(cc1P(C)C(C)(C)C)OCO2)C(C)(C)C,CP(c1cc2c(cc1P(C)9->C(C)(C)C)OCO2)8->C(C)(C)C.[Rh+]89,3,25,1000,2.720952926,0.98,double P type,['double P type'],tri-sub
9652,COC(=O)/C(=C/c1ccc(F)cc1)NC(C)=O,COC(=O)[C@@H](Cc1ccc(F)cc1)NC(C)=O,CC(C)=O,,Rh,c1ccc(P(c2ccccc2)c2cc3ccccc3c3c2op(N2CCCCC2)oc2c(P(c4ccccc4)c4ccccc4)cc4ccccc4c23)cc1,c1ccc(P(c2ccccc2)c2cc3ccccc3c3c2op(N2CCCCC2)9->oc2c(P(c4ccccc4)8->c4ccccc4)cc4ccccc4c23)cc1.[Rh+]89,1,25,100,2.477862753,0.97,binol type,"['binol type', 'double P type']",tri-sub
3594,CC(=O)N/C(=C\c1ccccc1)C(=O)O,CC(=O)N[C@H](Cc1ccccc1)C(=O)O,ClCCl,,Rh,C[C@H](C1=C(P(c2ccccc2)c2ccccc2)C=C[C@@H]1[Fe]C1C=CC=C1)P(C1CCCCC1)C1CCCCC1,C[C@H](C1=C(P(c2ccccc2)8->c2ccccc2)C=C[C@@H]1[Fe]C1C=CC=C1)P(C1CCCCC1)9->C1CCCCC1.[Rh+]89,1,25,100,1.44621066,0.84,ferrocene type,"['ferrocene type', 'double P type']",tri-sub
6363,COC(=O)C(NC(C)=O)=C1CCCCC1,COC(=O)[C@H](NC(C)=O)C1CCCCC1,CO,,Rh,CP(CCP(C)C(C)(C)C)C(C)(C)C,CP(CCP(C)9->C(C)(C)C)8->C(C)(C)C.[Rh+]89,2,25,100,1.430300522,0.836,double P type,['double P type'],tetra-sub
5281,C=C(NC(C)=O)C(=O)OC,COC(=O)[C@H](C)NC(C)=O,ClCCl,,Rh,CC1(C)O[C@@H]2O[C@H](CNp3oc4c(C(C)(C)C)cc(C(C)(C)C)cc4c4cc(C(C)(C)C)cc(C(C)(C)C)c4o3)[C@H](Op3oc4c(C(C)(C)C)cc(C(C)(C)C)cc4c4cc(C(C)(C)C)cc(C(C)(C)C)c4o3)[C@@H]2O1,CC1(C)O[C@@H]2O[C@H](CNp8->3oc4c(C(C)(C)C)cc(C(C)(C)C)cc4c4cc(C(C)(C)C)cc(C(C)(C)C)c4o3)[C@H](Op9->3oc4c(C(C)(C)C)cc(C(C)(C)C)cc4c4cc(C(C)(C)C)cc(C(C)(C)C)c4o3)[C@@H]2O1.[Rh+]89,5,25,100,0.178992507,0.15,double P type,['double P type'],di-sub
8186,CC(=O)NC1=Cc2ccccc2CC1,CC(=O)N[C@@H]1CCc2ccccc2C1,ClCCl,,Rh,c1ccc2c(c1)ccc1op(N3CCOCC3)oc3ccc4ccccc4c3c12,c1ccc2c(c1)ccc1op(N3CCOCC3)8->oc3ccc4ccccc4c3c12.[Rh+]8,25,25,50,0.154832513,0.13,binol type,"['binol type', 'single P type']",tri-sub
11330,COC(=O)/C(=C\c1ccccc1)NC(C)=O,COC(=O)[C@H](Cc1ccccc1)NC(C)=O,CCO,,Rh,C[C@@H](C1=C(P(C)c2ccccc2P(C2CCCCC2)C2CCCCC2)C=C[C@H]1[Fe]C1C=CC=C1)N(C)C,C[C@@H](C1=C(P(C)8->c2ccccc2P(C2CCCCC2)9->C2CCCCC2)C=C[C@H]1[Fe]C1C=CC=C1)N(C)C.[Rh+]89,10,25,100,1.30106392,0.8,ferrocene type,"['ferrocene type', 'double P type']",tri-sub
7336,C=C(NC(C)=O)C(=O)OC,COC(=O)[C@H](C)NC(C)=O,ClCCl,,Rh,c1ccc([C@H]2CC[C@H](c3ccccc3)N2p2oc3ccccc3c3ccccc3o2)cc1,c1ccc([C@H]2CC[C@H](c3ccccc3)N2p8->2oc3ccccc3c3ccccc3o2)cc1.[Rh+]8,1,25,100,0.154832513,0.13,single P type,['single P type'],di-sub
11915,COC(=O)/C(=C/C=C/c1ccccc1)NC(C)=O,COC(=O)[C@@H](C/C=C/c1ccccc1)NC(C)=O,C1COCCO1,,Rh,CC(C)(C)P1CCC[C@@H]1[C@H]1CCCP1C(C)(C)C,CC(C)(C)P8->1CCC[C@@H]1[C@H]1CCCP9->1C(C)(C)C.[Rh+]89,1.5,25,100,3.267102947,0.992,double P type,['double P type'],tri-sub
2834,COC(=O)/C(=C/c1ccc(OC)cc1)NC(C)=O,COC(=O)[C@@H](Cc1ccc(OC)cc1)NC(C)=O,ClCCl,,Rh,C[C@@H](c1ccccc1P(c1ccccc1)c1ccccc1)N(C)p1oc2ccc3ccccc3c2c2c(ccc3ccccc32)o1,C[C@@H](c1ccccc1P(c1ccccc1)8->c1ccccc1)N(C)p9->1oc2ccc3ccccc3c2c2c(ccc3ccccc32)o1.[Rh+]89,10,25,100,3.849375327,0.997,binol type,"['binol type', 'double P type']",tri-sub
8523,[H]/C=C(\NC(C)=O)C(=O)OC,COC(=O)[C@H](C)NC(C)=O,CO,,Rh,CP(NP(C(C)(C)C)C(C)(C)C)C(C)(C)C,CP(NP(C(C)(C)C)9->C(C)(C)C)8->C(C)(C)C.[Rh+]89,5,25,10000,3.134375973,0.99,double P type,['double P type'],di-sub
11126,COC(=O)/C=C(\C#N)c1cc(F)c(F)c(F)c1,COC(=O)C[C@@H](C#N)c1cc(F)c(F)c(F)c1,CO,,Rh,C[C@@H](C1=C(P(c2ccccc2)c2ccccc2)[C@@H]([Fe][C@H]2C=CC=C2P(c2ccccc2)c2ccccc2)C=C1)N(C)C(=S)Nc1cc(C(F)(F)F)cc(C(F)(F)F)c1,C[C@@H](C1=C(P(c2ccccc2)8->c2ccccc2)[C@@H]([Fe][C@H]2C=CC=C2P(c2ccccc2)9->c2ccccc2)C=C1)N(C)C(=S)Nc1cc(C(F)(F)F)cc(C(F)(F)F)c1.[Rh+]89,50,20,100,1.714265559,0.9,ferrocene type,"['ferrocene type', 'double P type']",tri-sub
8932,CC(C)OC(=O)/C=C(\CP(=O)(OC(C)C)OC(C)C)c1ccccc1,CC(C)OC(=O)CC(CP(=O)(OC(C)C)OC(C)C)c1ccccc1,ClCCl,,Rh,C[C@H](C1=CC=C[C@H]1[Fe]C1C=CC=C1)N(C)p1oc2ccc3ccccc3c2c2c(ccc3ccccc32)o1,C[C@H](C1=CC=C[C@H]1[Fe]C1C=CC=C1)N(C)p8->1oc2ccc3ccccc3c2c2c(ccc3ccccc32)o1.[Rh+]8,59,25,100,0.302480136,0.25,binol type,"['binol type', 'ferrocene type', 'single P type']",tri-sub
7543,COC(=O)/C(NC=O)=C(\c1ccccc1)C(F)(F)F,COC(=O)[C@H](NC=O)[C@@H](c1ccccc1)C(F)(F)F,CO,,Rh,CP(CP(C(C)(C)C)C(C)(C)C)C(C)(C)C,CP(CP(C(C)(C)C)9->C(C)(C)C)8->C(C)(C)C.[Rh+]89,17,60,20,0.72693672,0.5,double P type,['double P type'],tetra-sub
2054,[H]/C=C(\NC(C)=O)C(=O)OC,COC(=O)[C@@H](C)NC(C)=O,ClCCl,,Rh,c1ccc2c(c1)ccc1op(N3CCN(p4oc5ccc6ccccc6c5c5c(ccc6ccccc65)o4)CC3)oc3ccc4ccccc4c3c12,c1ccc2c(c1)ccc1op(N3CCN(p9->4oc5ccc6ccccc6c5c5c(ccc6ccccc65)o4)CC3)8->oc3ccc4ccccc4c3c12.[Rh+]89,1.3,22,1000,3.102821853,0.99,binol type,"['binol type', 'double P type']",di-sub
11099,COC(=O)/C=C(\C#N)c1ccccc1,COC(=O)C[C@@H](C#N)c1ccccc1,CO,,Rh,C[C@H](NC(=S)Nc1cc(C(F)(F)F)cc(C(F)(F)F)c1)C1=C(P(c2ccccc2)c2ccccc2)[C@@H]([Fe][C@H]2C=CC=C2P(c2ccccc2)c2ccccc2)C=C1,C[C@H](NC(=S)Nc1cc(C(F)(F)F)cc(C(F)(F)F)c1)C1=C(P(c2ccccc2)9->c2ccccc2)[C@@H]([Fe][C@H]2C=CC=C2P(c2ccccc2)8->c2ccccc2)C=C1.[Rh+]89,50,35,100,2.127407743,0.94,ferrocene type,"['ferrocene type', 'double P type']",tri-sub
9517,COC(=O)/C(=C/c1ccc(Cl)cc1)NC(C)=O,COC(=O)[C@@H](Cc1ccc(Cl)cc1)NC(C)=O,CC(C)=O,,Rh,CC(C)N(C(C)C)p1oc2c(P(c3ccccc3)c3ccccc3)cc3ccccc3c2c2c(o1)c(P(c1ccccc1)c1ccccc1)cc1ccccc12,CC(C)N(C(C)C)p18->oc2c(P(c3ccccc3)c3ccccc3)cc3ccccc3c2c2c(o1)c(P(c1ccccc1)c1ccccc1)cc1ccccc12.[Rh+]8,1,25,100,2.720952926,0.98,binol type,"['binol type', 'single P type']",tri-sub
227,COC(=O)/C(=C\c1ccc(Cl)c(Cl)c1)NC(C)=O,COC(=O)[C@@H](Cc1ccc(Cl)c(Cl)c1)NC(C)=O,ClCCl,,Rh,Cc1ccccc1OP(Oc1ccccc1C)N(c1ccccc1C)N(c1ccccc1C)p1oc2ccc3ccccc3c2c2c(ccc3ccccc32)o1,Cc1ccccc1OP(Oc1ccccc1C)8->N(c1ccccc1C)N(c1ccccc1C)p9->1oc2ccc3ccccc3c2c2c(ccc3ccccc32)o1.[Rh+]89,5,25,100,0.14280163,0.12,binol type,"['binol type', 'double P type']",tri-sub
1419,C=C(NC(C)=O)C(=O)OC,COC(=O)[C@@H](C)NC(C)=O,CO,,Rh,CP(c1ccccc1P(C)C(C)(C)C)C(C)(C)C,CP(c1ccccc1P(C)9->C(C)(C)C)8->C(C)(C)C.[Rh+]89,5,25,10000,4.089763758,0.998,double P type,['double P type'],di-sub
12354,CCCCC/C=C(\NC(C)=O)C(=O)OC,CCCCCC[C@@H](NC(C)=O)C(=O)OC,CCO,,Rh,CC(C)(C)P1Cc2ccccc2C1[C@H]1c2ccccc2CP1C(C)(C)C,CC(C)(C)P8->1Cc2ccccc2C1[C@H]1c2ccccc2CP9->1C(C)(C)C.[Rh+]89,7,25,100,3.134375973,0.99,double P type,['double P type'],tri-sub
2810,COC(=O)/C(=C/c1ccc(Cl)cc1)CC(=O)O,COC(=O)[C@H](CC(=O)O)Cc1ccc(Cl)cc1,C1CCOC1,,Rh,CC(C)(C)P1CCC[C@@H]1[C@H]1CCCP1C(C)(C)C,CC(C)(C)P8->1CCC[C@@H]1[C@H]1CCCP9->1C(C)(C)C.[Rh+]89,1,25,200,4.500500019,0.999,double P type,['double P type'],tri-sub
1417,C=C(NC(C)=O)C(=O)OC,COC(=O)[C@@H](C)NC(C)=O,CO,,Rh,CP(c1nc2ccccc2nc1P(C)C(C)(C)C)C(C)(C)C,CP(c1nc2ccccc2nc1P(C)8->C(C)(C)C)9->C(C)(C)C.[Rh+]89,5,25,10000,4.500500019,0.999,double P type,['double P type'],di-sub
11233,CC(=O)N/C(C#N)=C/c1ccccc1,CC(=O)N[C@@H](C#N)Cc1ccccc1,CO,,Rh,CC(C)(C)P1Cc2ccccc2C1[C@H]1c2ccccc2CP1C(C)(C)C,CC(C)(C)P8->1Cc2ccccc2C1[C@H]1c2ccccc2CP9->1C(C)(C)C.[Rh+]89,30,25,100,3.134375973,0.99,double P type,['double P type'],tri-sub
2751,CC(=O)NC1=Cc2ccccc2CC1,CC(=O)N[C@H]1CCc2ccccc2C1,ClCCl,,Rh,c1ccc([C@@H]2CC[C@@H](c3ccccc3)N2P2Oc3ccccc3O2)cc1,c1ccc([C@@H]2CC[C@@H](c3ccccc3)N2P8->2Oc3ccccc3O2)cc1.[Rh+]8,5,25,100,0.047396466,0.04,single P type,['single P type'],tri-sub
7546,COC(=O)/C(NC=O)=C(\c1ccc(Cl)cc1)C(F)(F)F,COC(=O)[C@H](NC=O)[C@@H](c1ccc(Cl)cc1)C(F)(F)F,CO,,Rh,c1ccc([C@H]2CC[C@H](c3ccccc3)P2CCP2[C@@H](c3ccccc3)CC[C@@H]2c2ccccc2)cc1,c1ccc([C@H]2CC[C@H](c3ccccc3)P8->2CCP9->2[C@@H](c3ccccc3)CC[C@@H]2c2ccccc2)cc1.[Rh+]89,17,60,20,2.021484025,0.91,double P type,['double P type'],tetra-sub
2973,C=C(NC(C)=O)C(=O)OC,COC(=O)[C@@H](C)NC(C)=O,ClCCl,,Rh,COCc1cc2ccccc2c2c1op(N1CCCCC1)oc1ccc3ccccc3c12,COCc1cc2ccccc2c2c1op(N1CCCCC1)8->oc1ccc3ccccc3c12.[Rh+]8,1,25,200,3.134375973,0.99,binol type,"['binol type', 'single P type']",di-sub
11675,CCOC(=O)/C=C(\Sc1ccccc1)c1ccccc1,CCOC(=O)C[C@@H](Sc1ccccc1)c1ccccc1,ClCCl,,Rh,C[C@H](NC(=S)Nc1cc(C(F)(F)F)cc(C(F)(F)F)c1)C1=C(P(c2ccccc2)c2ccccc2)[C@@H]([Fe][C@H]2C=CC=C2P(c2ccccc2)c2ccccc2)C=C1,C[C@H](NC(=S)Nc1cc(C(F)(F)F)cc(C(F)(F)F)c1)C1=C(P(c2ccccc2)9->c2ccccc2)[C@@H]([Fe][C@H]2C=CC=C2P(c2ccccc2)8->c2ccccc2)C=C1.[Rh+]89,50,30,100,3.186966174,0.99,ferrocene type,"['ferrocene type', 'double P type']",tri-sub
11987,CCOC(=O)/C=C(/c1ccccc1)[Si](C)(C)C,CCOC(=O)C[C@H](c1ccccc1)[Si](C)(C)C,CC(C)O,,Rh,c1ccc(P(c2ccccc2)c2ccc3c(c2-c2c(P(c4ccccc4)c4ccccc4)ccc4c2OCO4)OCO3)cc1,c1ccc(P(c2ccccc2)8->c2ccc3c(c2-c2c(P(c4ccccc4)9->c4ccccc4)ccc4c2OCO4)OCO3)cc1.[Rh+]89,50,40,100,0.062246446,0.05,double P type,['double P type'],tri-sub
7545,COC(=O)/C(NC=O)=C(\c1ccc(Cl)cc1)C(F)(F)F,COC(=O)[C@H](NC=O)[C@@H](c1ccc(Cl)cc1)C(F)(F)F,CO,,Rh,CP(CP(C(C)(C)C)C(C)(C)C)C(C)(C)C,CP(CP(C(C)(C)C)9->C(C)(C)C)8->C(C)(C)C.[Rh+]89,17,60,20,0.72693672,0.5,double P type,['double P type'],tetra-sub
9617,CC(=O)NC1=Cc2ccccc2CC1,CC(=O)N[C@H]1CCc2ccccc2C1,ClCCl,,Rh,COc1ccccc1P(CCOp1oc2c(C(C)(C)C)cc(C)c(C)c2c2c(C)c(C)cc(C(C)(C)C)c2o1)c1ccccc1,COc1ccccc1P(CCOp9->1oc2c(C(C)(C)C)cc(C)c(C)c2c2c(C)c(C)cc(C(C)(C)C)c2o1)8->c1ccccc1.[Rh+]89,20,25,100,1.963997164,0.93,double P type,['double P type'],tri-sub
6311,COCO/C(=C(\NC(C)=O)c1ccc(OC)cc1)c1ccc(OC)cc1,COCO[C@@H](c1ccc(OC)cc1)[C@H](NC(C)=O)c1ccc(OC)cc1,OC(F)(F)CF,,Rh,C[C@H](C1=C[C@@H]([Fe]C2C=CC=C2)C=C1P(c1ccccc1)c1ccccc1)P(C1CCCCC1)C1CCCCC1,C[C@H](C1=C[C@@H]([Fe]C2C=CC=C2)C=C1P(c1ccccc1)8->c1ccccc1)P(C1CCCCC1)9->C1CCCCC1.[Rh+]89,40,40,100,2.161943583,0.94,ferrocene type,"['ferrocene type', 'double P type']",tetra-sub
1372,C=C(NC(C)=O)C(=O)OC,COC(=O)[C@H](C)NC(C)=O,ClCCl,,Rh,CC(C)c1cccc(C(C)C)c1N1[C]N(CC[C@@H](C(C)C)P(c2ccccc2)c2ccccc2)C=C1,CC(C)c1cccc(C(C)C)c1N1[C]N(CC[C@@H](C(C)C)P(c2ccccc2)8->c2ccccc2)C=C1.[Rh+]8,20,25,50,0.315146709,0.26,others,['others'],di-sub
9454,C=C(NC(C)=O)C(=O)OC,COC(=O)[C@H](C)NC(C)=O,ClCCl,,Rh,C[C@@H](c1ccccc1)N([C@@H](C)c1ccccc1)p1oc2ccccc2c2ccccc2o1,C[C@@H](c1ccccc1)N([C@@H](C)c1ccccc1)p8->1oc2ccccc2c2ccccc2o1.[Rh+]8,1,25,100,0.682547308,0.52,single P type,['single P type'],di-sub
12609,Cc1ccc(C2=CC(=O)OC2=O)cc1,Cc1ccc([C@H]2CC(=O)OC2=O)cc1,CCOC(C)=O,,Rh,C[C@H](NC(=S)Nc1cc(C(F)(F)F)cc(C(F)(F)F)c1)C1=C(P(c2ccccc2)c2ccccc2)[C@@H]([Fe][C@H]2C=CC=C2P(c2ccccc2)c2ccccc2)C=C1,C[C@H](NC(=S)Nc1cc(C(F)(F)F)cc(C(F)(F)F)c1)C1=C(P(c2ccccc2)9->c2ccccc2)[C@@H]([Fe][C@H]2C=CC=C2P(c2ccccc2)8->c2ccccc2)C=C1.[Rh+]89,1,25,100,3.134375973,0.99,ferrocene type,"['ferrocene type', 'double P type']",tri-sub
9457,C=C(NC(C)=O)C(=O)OC,COC(=O)[C@@H](C)NC(C)=O,ClCCl,,Rh,C[C@@H](c1cccc2ccccc12)N([C@@H](C)c1cccc2ccccc12)p1oc2ccccc2c2ccccc2o1,C[C@@H](c1cccc2ccccc12)N([C@@H](C)c1cccc2ccccc12)p8->1oc2ccccc2c2ccccc2o1.[Rh+]8,1,25,100,0,0,single P type,['single P type'],di-sub
11843,O=C1OCC/C1=C\c1ccc(F)cc1,O=C1OCC[C@@H]1Cc1ccc(F)cc1,ClCCCl,,Rh,C[C@H](NC(=S)Nc1cc(C(F)(F)F)cc(C(F)(F)F)c1)C1=C(P(c2ccccc2)c2ccccc2)[C@@H]([Fe][C@H]2C=CC=C2P(c2ccccc2)c2ccccc2)C=C1,C[C@H](NC(=S)Nc1cc(C(F)(F)F)cc(C(F)(F)F)c1)C1=C(P(c2ccccc2)9->c2ccccc2)[C@@H]([Fe][C@H]2C=CC=C2P(c2ccccc2)8->c2ccccc2)C=C1.[Rh+]89,50,35,50,1.31145417,0.79,ferrocene type,"['ferrocene type', 'double P type']",tri-sub
1698,COC(=O)/C=C(\NC(C)=O)c1ccc(F)cc1,COC(=O)C[C@H](NC(C)=O)c1ccc(F)cc1,CC(C)O,,Rh,C[C@@H](Np1oc2ccc3ccccc3c2c2c(ccc3ccccc32)o1)c1ccccc1,C[C@@H](Np8->1oc2ccc3ccccc3c2c2c(ccc3ccccc32)o1)c1ccccc1.[Rh+]8,10,25,50,2.058336063,0.94,binol type,"['binol type', 'single P type']",tri-sub
6894,C=C(NC(C)=O)C(=O)OC,COC(=O)[C@H](C)NC(C)=O,ClCCl,,Rh,CC(C)CO[C@@H]1COC(c2ccccc2)O[C@H]1[C@@H]1OC(c2ccccc2)OC[C@H]1Op1oc2ccc3ccccc3c2c2c(ccc3ccccc32)o1,CC(C)CO[C@@H]1COC(c2ccccc2)O[C@H]1[C@@H]1OC(c2ccccc2)OC[C@H]1Op8->1oc2ccc3ccccc3c2c2c(ccc3ccccc32)o1.[Rh+]8,1.2,20,100,2.195774281,0.955,binol type,"['binol type', 'single P type']",di-sub
2831,COC(=O)/C(=C/c1ccccc1Cl)NC(C)=O,COC(=O)[C@@H](Cc1ccccc1Cl)NC(C)=O,ClCCl,,Rh,C[C@@H](c1ccccc1P(c1ccccc1)c1ccccc1)N(C)p1oc2ccc3ccccc3c2c2c(ccc3ccccc32)o1,C[C@@H](c1ccccc1P(c1ccccc1)8->c1ccccc1)N(C)p9->1oc2ccc3ccccc3c2c2c(ccc3ccccc32)o1.[Rh+]89,10,25,100,3.678730759,0.996,binol type,"['binol type', 'double P type']",tri-sub
9537,CCC/C=C(\NC(C)=O)C(=O)OC,CCCC[C@@H](NC(C)=O)C(=O)OC,CC(C)=O,,Rh,CC(C)N(C(C)C)p1oc2c(P(c3ccccc3)c3ccccc3)cc3ccccc3c2c2c(o1)c(P(c1ccccc1)c1ccccc1)cc1ccccc12,CC(C)N(C(C)C)p18->oc2c(P(c3ccccc3)c3ccccc3)cc3ccccc3c2c2c(o1)c(P(c1ccccc1)c1ccccc1)cc1ccccc12.[Rh+]8,1,25,100,3.134375973,0.99,binol type,"['binol type', 'single P type']",tri-sub
826,CC(=O)N/C(C)=C/c1cccc(Br)c1,CC(=O)N[C@H](C)Cc1cccc(Br)c1,ClCCl,,Rh,CC(C)(C)P1c2c(cccc2-c2c3ccccc3cc3ccccc23)O[C@@H]1[C@H]1Oc2cccc(-c3c4ccccc4cc4ccccc34)c2P1C(C)(C)C,CC(C)(C)P8->1c2c(cccc2-c2c3ccccc3cc3ccccc23)O[C@@H]1[C@H]1Oc2cccc(-c3c4ccccc4cc4ccccc34)c2P9->1C(C)(C)C.[Rh+]89,51,50,200,2.949220789,0.98,double P type,['double P type'],tri-sub
189,COC(=O)/C(=C\c1ccc(F)cc1)NC(C)=O,COC(=O)[C@H](Cc1ccc(F)cc1)NC(C)=O,ClCCl,,Rh,CC(C)(C)N(N(p1oc2ccc3ccccc3c2c2c(ccc3ccccc32)o1)C(C)(C)C)p1oc2ccc3ccccc3c2c2c(ccc3ccccc32)o1,CC(C)(C)N(N(p8->1oc2ccc3ccccc3c2c2c(ccc3ccccc32)o1)C(C)(C)C)p9->1oc2ccc3ccccc3c2c2c(ccc3ccccc32)o1.[Rh+]89,5,0,100,1.799232302,0.93,binol type,"['binol type', 'double P type']",tri-sub
3616,C=C(NC(C)=O)C(=O)OC,COC(=O)[C@@H](C)NC(C)=O,ClCCl,,Rh,CC(C)(C)c1cc(C(C)(C)C)c2op(O[C@@H](CCP(c3ccccc3)c3ccccc3)c3ccccc3)oc3c(C(C)(C)C)cc(C(C)(C)C)cc3c2c1,CC(C)(C)c1cc(C(C)(C)C)c2op(O[C@@H](CCP(c3ccccc3)8->c3ccccc3)c3ccccc3)9->oc3c(C(C)(C)C)cc(C(C)(C)C)cc3c2c1.[Rh+]89,1,25,100,3.134375973,0.99,double P type,['double P type'],di-sub
2397,CC(C)(C)OC(=O)C(=O)N/C(=C\C1CC1)C(=O)OCc1ccccc1,CC(C)(C)OC(=O)C(=O)N[C@@H](CC1CC1)C(=O)OCc1ccccc1,C1CCOC1.CO,,Rh,C[C@H](C1=C(P(c2ccccc2)c2ccccc2)C=C[C@@H]1[Fe]C1C=CC=C1)N(C)P(c1ccc(Cl)c(Cl)c1)c1ccc(Cl)c(Cl)c1,C[C@H](C1=C(P(c2ccccc2)8->c2ccccc2)C=C[C@@H]1[Fe]C1C=CC=C1)N(C)P(c1ccc(Cl)c(Cl)c1)9->c1ccc(Cl)c(Cl)c1.[Rh+]89,1,25,100,3.025820725,0.988,ferrocene type,"['ferrocene type', 'double P type']",tri-sub
7288,COC(=O)/C(=C\c1ccccc1)NC(C)=O,COC(=O)[C@@H](Cc1ccccc1)NC(C)=O,CO,,Rh,C[C@@H](c1ccc(C(C)(C)C)cc1P(c1ccccc1)c1ccccc1)P(C1CCCCC1)C1CCCCC1.O=C[Cr](C=O)C=O,C[C@@H](c1ccc(C(C)(C)C)cc1P(c1ccccc1)8->c1ccccc1)P(C1CCCCC1)9->C1CCCCC1.O=C[Cr](C=O)C=O.[Rh+]89,1,25,100,0.964454765,0.672,double P type,['double P type'],tri-sub
8543,COC(=O)/C(=C/c1cnc2ccccc2c1)NC(C)=O,COC(=O)[C@H](Cc1cnc2ccccc2c1)NC(C)=O,CO,,Rh,CP(NP(C(C)(C)C)C(C)(C)C)C(C)(C)C,CP(NP(C(C)(C)C)9->C(C)(C)C)8->C(C)(C)C.[Rh+]89,15,25,33,3.134375973,0.99,double P type,['double P type'],tri-sub
5799,CCOC(=O)/C(=C/Cc1ccccc1)NC(C)=O,CCOC(=O)[C@H](CCc1ccccc1)NC(C)=O,CO,,Rh,c1ccc(P(CCP(c2ccccc2)c2ccccc2OC2CCCCC2)c2ccccc2OC2CCCCC2)cc1,c1ccc(P(CCP(c2ccccc2)9->c2ccccc2OC2CCCCC2)8->c2ccccc2OC2CCCCC2)cc1.[Rh+]89,1,25,1000,3.678730759,0.996,double P type,['double P type'],tri-sub
5937,C=C(NC(C)=O)C(=O)OC,COC(=O)[C@H](C)NC(C)=O,C1CCOC1,,Rh,CC(C)N(C(C)C)P1Cc2ccc3ccccc3c2-c2c(ccc3ccccc23)C1,CC(C)N(C(C)C)P8->1Cc2ccc3ccccc3c2-c2c(ccc3ccccc23)C1.[Rh+]8,1,25,100,0.011843189,0.01,binol type,"['binol type', 'single P type']",di-sub
6297,COCO/C(=C(\NC(C)=O)c1ccccc1)c1ccccc1,COCO[C@H](c1ccccc1)[C@@H](NC(C)=O)c1ccccc1,CO,,Rh,C[C@H](C1=C[C@@H]([Fe]C2C=CC=C2)C=C1P(c1ccccc1)c1ccccc1)P(C1CCCCC1)C1CCCCC1,C[C@H](C1=C[C@@H]([Fe]C2C=CC=C2)C=C1P(c1ccccc1)8->c1ccccc1)P(C1CCCCC1)9->C1CCCCC1.[Rh+]89,40,40,100,1.900073573,0.91,ferrocene type,"['ferrocene type', 'double P type']",tetra-sub
8970,COC(=O)/C(=C\c1ccccc1)NC=O,COC(=O)[C@@H](Cc1ccccc1)NC=O,ClCCl,,Rh,c1ccc2c(c1)ccc1op(N3CCCCC3)oc3ccc4ccccc4c3c12,c1ccc2c(c1)ccc1op(N3CCCCC3)8->oc3ccc4ccccc4c3c12.[Rh+]8,5,25,20,0.588955521,0.46,binol type,"['binol type', 'single P type']",tri-sub
1863,C=C(NC(C)=O)C(=O)OC,COC(=O)[C@@H](C)NC(C)=O,ClCCl,,Rh,CN(CCCN(C)p1oc2ccc3ccccc3c2c2c(ccc3ccccc32)o1)p1oc2ccc3ccccc3c2c2c(ccc3ccccc32)o1,CN(CCCN(C)p8->1oc2ccc3ccccc3c2c2c(ccc3ccccc32)o1)p9->1oc2ccc3ccccc3c2c2c(ccc3ccccc32)o1.[Rh+]89,1.3,25,1000,0.65053196,0.5,binol type,"['binol type', 'double P type']",di-sub
1856,C=C(NC(C)=O)C(=O)OC,COC(=O)[C@@H](C)NC(C)=O,ClCCl,,Rh,CN(CCN(C)p1oc2ccc3ccccc3c2c2c(ccc3ccccc32)o1)p1oc2ccc3ccccc3c2c2c(ccc3ccccc32)o1,CN(CCN(C)p8->1oc2ccc3ccccc3c2c2c(ccc3ccccc32)o1)p9->1oc2ccc3ccccc3c2c2c(ccc3ccccc32)o1.[Rh+]89,1.3,25,1000,1.30106392,0.8,binol type,"['binol type', 'double P type']",di-sub
4571,[H]/C=C(/NC(C)=O)C(=O)OC.[H]/C=C(/NC(C)=O)C(=O)OC,COC(=O)[C@@H](C)NC(C)=O,ClCCl,,Rh,COp1oc2ccc3ccccc3c2c2c(ccc3ccccc32)o1,COp8->1oc2ccc3ccccc3c2c2c(ccc3ccccc32)o1.[Rh+]8,1,20,1000,1.176723318,0.766,binol type,"['binol type', 'single P type']",di-sub
11305,COC(=O)/C(NC(C)=O)=C(\c1ccccc1)c1cc(C)cc(C)c1,COC(=O)[C@@H](NC(C)=O)[C@H](c1ccccc1)c1cc(C)cc(C)c1,CO,,Rh,C[C@H](C1=C(P(c2ccc(C(F)(F)F)cc2)c2ccc(C(F)(F)F)cc2)[C@H]([Fe]C2C=CC=C2)C=C1)P(C(C)(C)C)C(C)(C)C,C[C@H](C1=C(P(c2ccc(C(F)(F)F)cc2)8->c2ccc(C(F)(F)F)cc2)[C@H]([Fe]C2C=CC=C2)C=C1)P(C(C)(C)C)9->C(C)(C)C.[Rh+]89,27,25,20,2.169340323,0.95,ferrocene type,"['ferrocene type', 'double P type']",tetra-sub
10146,CCOC(=O)/C=C(\NC(C)=O)c1ccccc1,CCOC(=O)C[C@@H](NC(C)=O)c1ccccc1,CO,,Rh,FC(F)(F)c1ccc(P(N[C@@H]2CCCc3cccc(P(c4ccccc4)c4ccccc4)c32)c2ccc(C(F)(F)F)cc2)cc1,FC(F)(F)c1ccc(P(N[C@@H]2CCCc3cccc(P(c4ccccc4)9->c4ccccc4)c32)8->c2ccc(C(F)(F)F)cc2)cc1.[Rh+]89,10,25,100,2.157310662,0.949,double P type,['double P type'],tri-sub
9524,COC(=O)/C(=C/c1ccc(OC)cc1)NC(C)=O,COC(=O)[C@@H](Cc1ccc(OC)cc1)NC(C)=O,CC(C)=O,,Rh,CCN(CC)p1oc2c(P(c3ccccc3)c3ccccc3)cc3ccccc3c2c2c(o1)c(P(c1ccccc1)c1ccccc1)cc1ccccc12,CCN(CC)p8->1oc2c(P(c3ccccc3)9->c3ccccc3)cc3ccccc3c2c2c(o1)c(P(c1ccccc1)c1ccccc1)cc1ccccc12.[Rh+]89,1,25,100,2.78393889,0.982,binol type,"['binol type', 'double P type']",tri-sub
7983,COC(=O)/C=C(\NC(C)=O)c1ccccc1,COOCC[C@@H](NC(C)=O)c1ccccc1,C1CCOC1,,Rh,CN(C)P1Oc2cccc3c2C2(CC3)CCc3cccc(c32)O1,CN(C)P8->1Oc2cccc3c2C2(CC3)CCc3cccc(c32)O1.[Rh+]8,100,25,50,1.334717277,0.81,single P type,['single P type'],tri-sub
11734,CCOC(=O)/C=C(/B1OC(C)(C)C(C)(C)O1)c1ccc(F)cc1,CCOC(=O)C[C@H](B1OC(C)(C)C(C)(C)O1)c1ccc(F)cc1,ClCCl,,Rh,C[C@H](NC(=S)Nc1cc(C(F)(F)F)cc(C(F)(F)F)c1)C1=C(P(c2ccccc2)c2ccccc2)[C@@H]([Fe][C@H]2C=CC=C2P(c2ccccc2)c2ccccc2)C=C1,C[C@H](NC(=S)Nc1cc(C(F)(F)F)cc(C(F)(F)F)c1)C1=C(P(c2ccccc2)9->c2ccccc2)[C@@H]([Fe][C@H]2C=CC=C2P(c2ccccc2)8->c2ccccc2)C=C1.[Rh+]89,50,30,100,3.186966174,0.99,ferrocene type,"['ferrocene type', 'double P type']",tri-sub
4103,COC(=O)/C(=C/c1ccc(F)cc1)NC(C)=O,COC(=O)[C@@H](Cc1ccc(F)cc1)NC(C)=O,ClCCl,,Rh,CN(C)p1oc2ccc3ccccc3c2c2c(ccc3ccccc32)o1,CN(C)p8->1oc2ccc3ccccc3c2c2c(ccc3ccccc32)o1.[Rh+]8,5,25,100,1.963997164,0.93,binol type,"['binol type', 'single P type']",tri-sub
6045,C=C(NC(C)=O)C(=O)OC,COC(=O)[C@H](C)NC(C)=O,ClCCl,,Rh,CC(C)c1ccc2op(OCc3ccccc3)oc3ccc(C(C)C)cc3c2c1,CC(C)c1ccc2op(OCc3ccccc3)8->oc3ccc(C(C)C)cc3c2c1.[Rh+]8,1,25,1000,0,0,single P type,['single P type'],di-sub
5353,C=C(NC(C)=O)C(=O)OC,COC(=O)[C@H](C)NC(C)=O,ClCCl,,Rh,O=C(NCCP1Cc2ccc3ccccc3c2-c2c(ccc3ccccc23)C1)Nc1ccccc1,O=C(NCCP8->1Cc2ccc3ccccc3c2-c2c(ccc3ccccc23)C1)Nc1ccccc1.[Rh+]8,20,25,100,0.77388875,0.574,binol type,"['binol type', 'single P type']",di-sub
1725,COC(=O)/C(=C/c1ccc(Cl)cc1)NC(C)=O,COC(=O)[C@@H](Cc1ccc(Cl)cc1)NC(C)=O,ClCCl,,Rh,c1ccc2c3c(ccc2c1)CN(p1oc2ccc4ccccc4c2c2c(ccc4ccccc42)o1)Cc1ccc2ccccc2c1-3,c1ccc2c3c(ccc2c1)CN(p8->1oc2ccc4ccccc4c2c2c(ccc4ccccc42)o1)Cc1ccc2ccccc2c1-3.[Rh+]8,5,25,100,3.134375973,0.99,binol type,"['binol type', 'single P type']",tri-sub
1423,COC(=O)/C(=C/c1ccc(OC(C)=O)c(OC)c1)NC(C)=O,COC(=O)[C@@H](Cc1ccc(OC(C)=O)c(OC)c1)NC(C)=O,CO,,Rh,CP(c1ccccc1P(C)C(C)(C)C)C(C)(C)C,CP(c1ccccc1P(C)9->C(C)(C)C)8->C(C)(C)C.[Rh+]89,3,25,1000,4.500500019,0.999,double P type,['double P type'],tri-sub
9042,C=C(NC(C)=O)C(=O)OC,COC(=O)[C@H](C)NC(C)=O,ClCCl,,Rh,C[C@@H](Op1oc2c([Si](C)(C)C)cccc2c2cccc([Si](C)(C)C)c2o1)[C@H]1O[C@@H]2OC(C)(C)O[C@@H]2[C@@H]1Op1oc2c([Si](C)(C)C)cccc2c2cccc([Si](C)(C)C)c2o1,C[C@@H](Op8->1oc2c([Si](C)(C)C)cccc2c2cccc([Si](C)(C)C)c2o1)[C@H]1O[C@@H]2OC(C)(C)O[C@@H]2[C@@H]1Op9->1oc2c([Si](C)(C)C)cccc2c2cccc([Si](C)(C)C)c2o1.[Rh+]89,30,25,1000,2.720952926,0.98,double P type,['double P type'],di-sub
1505,COC(=O)/C(=C/c1c(C)cc(OC(C)=O)cc1C)NC(C)=O,COC(=O)[C@H](Cc1c(C)cc(OC(C)=O)cc1C)NC(C)=O,ClCCl,,Rh,CP(c1nc2ccccc2nc1P(C)C(C)(C)C)C(C)(C)C,CP(c1nc2ccccc2nc1P(C)8->C(C)(C)C)9->C(C)(C)C.[Rh+]89,20,25,1000,3.197061601,0.991,double P type,['double P type'],tri-sub
4607,[H]/C=C(/NC(C)=O)C(=O)OC.[H]/C=C(/NC(C)=O)C(=O)OC,COC(=O)[C@H](C)NC(C)=O,ClCCl,,Rh,c1ccc([C@H]2CC[C@H](c3ccccc3)N2p2oc3ccccc3c3ccccc3o2)cc1,c1ccc([C@H]2CC[C@H](c3ccccc3)N2p8->2oc3ccccc3c3ccccc3o2)cc1.[Rh+]8,1,60,500,0.17301754,0.13,single P type,['single P type'],di-sub
6314,COCO/C(=C(\NC(C)=O)c1ccc(Cl)cc1)c1ccc(Cl)cc1,COCO[C@@H](c1ccc(Cl)cc1)[C@H](NC(C)=O)c1ccc(Cl)cc1,OC(F)(F)CF,,Rh,C[C@H](C1=C[C@@H]([Fe]C2C=CC=C2)C=C1P(c1ccccc1)c1ccccc1)P(C1CCCCC1)C1CCCCC1,C[C@H](C1=C[C@@H]([Fe]C2C=CC=C2)C=C1P(c1ccccc1)8->c1ccccc1)P(C1CCCCC1)9->C1CCCCC1.[Rh+]89,40,40,100,2.857913644,0.98,ferrocene type,"['ferrocene type', 'double P type']",tetra-sub
6900,COC(=O)/C(=C/c1ccccc1OC)NC(C)=O,COC(=O)[C@H](Cc1ccccc1OC)NC(C)=O,ClCCl,,Rh,CO[C@@H]1COC(c2ccccc2)O[C@H]1[C@@H]1OC(c2ccccc2)OC[C@H]1Op1oc2ccc3ccccc3c2c2c(ccc3ccccc32)o1,CO[C@@H]1COC(c2ccccc2)O[C@H]1[C@@H]1OC(c2ccccc2)OC[C@H]1Op8->1oc2ccc3ccccc3c2c2c(ccc3ccccc32)o1.[Rh+]8,1.2,20,100,2.52078277,0.974,binol type,"['binol type', 'single P type']",tri-sub
11110,COC(=O)/C=C(\C#N)c1ccc(C(F)(F)F)cc1,COC(=O)C[C@@H](C#N)c1ccc(C(F)(F)F)cc1,CO,,Rh,C[C@@H](C1=C(P(c2ccccc2)c2ccccc2)[C@@H]([Fe][C@H]2C=CC=C2P(c2ccccc2)c2ccccc2)C=C1)N(C)C(=S)Nc1cc(C(F)(F)F)cc(C(F)(F)F)c1,C[C@@H](C1=C(P(c2ccccc2)8->c2ccccc2)[C@@H]([Fe][C@H]2C=CC=C2P(c2ccccc2)9->c2ccccc2)C=C1)N(C)C(=S)Nc1cc(C(F)(F)F)cc(C(F)(F)F)c1.[Rh+]89,50,20,100,2.675299354,0.98,ferrocene type,"['ferrocene type', 'double P type']",tri-sub
6305,COCO/C(=C(\NC(C)=O)c1ccccc1)c1ccccc1,COCO[C@@H](c1ccccc1)[C@H](NC(C)=O)c1ccccc1,CO,,Rh,C[C@H](C1=C[C@@H]([Fe]C2C=CC=C2)C=C1P(c1ccccc1)c1ccccc1)P(C1CCCCC1)C1CCCCC1,C[C@H](C1=C[C@@H]([Fe]C2C=CC=C2)C=C1P(c1ccccc1)8->c1ccccc1)P(C1CCCCC1)9->C1CCCCC1.[Rh+]89,40,40,100,1.900073573,0.91,ferrocene type,"['ferrocene type', 'double P type']",tetra-sub
2049,[H]/C=C(\NC(C)=O)C(=O)OC,COC(=O)[C@@H](C)NC(C)=O,ClCCl,,Rh,c1ccc2c(c1)ccc1op(OCCOCCOp3oc4ccc5ccccc5c4c4c(ccc5ccccc54)o3)oc3ccc4ccccc4c3c12,c1ccc2c(c1)ccc1op(OCCOCCOp9->3oc4ccc5ccccc5c4c4c(ccc5ccccc54)o3)8->oc3ccc4ccccc4c3c12.[Rh+]89,1.3,22,1000,1.256100585,0.79,binol type,"['binol type', 'double P type']",di-sub
9975,CC(=O)NC1=Cc2ccccc2C1=O,CC(=O)N[C@H]1Cc2ccccc2C1=O,C1CCOC1,,Rh,CP(CP(C(C)(C)C)C(C)(C)C)C(C)(C)C,CP(CP(C(C)(C)C)9->C(C)(C)C)8->C(C)(C)C.[Rh+]89,3,25,100,1.487635919,0.85,double P type,['double P type'],tri-sub
11706,CCOC(=O)/C=C(\Sc1ccccc1)c1cccc(F)c1,CCOC(=O)C[C@H](Sc1ccccc1)c1cccc(F)c1,OCC(F)(F)F,,Rh,C[C@H](NC(=S)Nc1cc(C(F)(F)F)cc(C(F)(F)F)c1)C1=C(P(c2ccccc2)c2ccccc2)[C@@H]([Fe][C@H]2C=CC=C2P(c2ccccc2)c2ccccc2)C=C1,C[C@H](NC(=S)Nc1cc(C(F)(F)F)cc(C(F)(F)F)c1)C1=C(P(c2ccccc2)9->c2ccccc2)[C@@H]([Fe][C@H]2C=CC=C2P(c2ccccc2)8->c2ccccc2)C=C1.[Rh+]89,50,60,100,2.300086943,0.94,ferrocene type,"['ferrocene type', 'double P type']",tri-sub
3570,COC(=O)/C(=C/c1ccc(F)cc1)NC(=O)OCC1c2ccccc2-c2ccccc21,COC(=O)[C@@H](Cc1ccc(F)cc1)NC(=O)OCC1c2ccccc2-c2ccccc21,C1CCOC1,,Rh,COC[C@H](Op1oc2ccc3ccccc3c2c2c(ccc3ccccc32)o1)[C@@H](c1ccccc1)P(c1ccccc1)c1ccccc1,COC[C@H](Op9->1oc2ccc3ccccc3c2c2c(ccc3ccccc32)o1)[C@@H](c1ccccc1)P(c1ccccc1)8->c1ccccc1.[Rh+]89,39,25,100,2.477862753,0.97,binol type,"['binol type', 'double P type']",tri-sub
7607,C/C(NC(=O)C(C)(C)Oc1ccc(C(F)(F)F)cn1)=C(\Cc1ccc(Cl)cc1)c1cccc(C(N)=O)c1,C[C@H](NC(=O)C(C)(C)Oc1ccc(C(F)(F)F)cn1)[C@@H](Cc1ccc(Cl)cc1)c1cccc(C(N)=O)c1,OCC(F)(F)F,,Rh,Cc1ccccc1P(c1ccccc1C)[C@H](C)C1=C(P(C(C)(C)C)C(C)(C)C)C=CC1[Fe]C1C=CC=C1,Cc1ccccc1P(c1ccccc1C)8->[C@H](C)C1=C(P(C(C)(C)C)9->C(C)(C)C)C=CC1[Fe]C1C=CC=C1.[Rh+]89,10,40,2000,2.420499724,0.96,ferrocene type,"['ferrocene type', 'double P type']",tetra-sub
7335,C=C(NC(C)=O)C(=O)OC,COC(=O)C(C)NC(C)=O,ClCCl,,Rh,C[C@H](c1cccc2ccccc12)N([C@H](C)c1cccc2ccccc12)p1oc2ccccc2c2ccccc2o1,C[C@H](c1cccc2ccccc12)N([C@H](C)c1cccc2ccccc12)p8->1oc2ccccc2c2ccccc2o1.[Rh+]8,1,25,100,0,0,single P type,['single P type'],di-sub
3673,COC(=O)/C(=C/c1ccc(OC)cc1)NC(C)=O,COC(=O)[C@H](Cc1ccc(OC)cc1)NC(C)=O,ClCCl,,Rh,CN(Cc1cc(OCc2ccccc2)cc(OCc2ccccc2)c1)p1oc2ccc3ccccc3c2c2c(ccc3ccccc32)o1,CN(Cc1cc(OCc2ccccc2)cc(OCc2ccccc2)c1)p8->1oc2ccc3ccccc3c2c2c(ccc3ccccc32)o1.[Rh+]8,20,20,100,2.593046528,0.977,binol type,"['binol type', 'single P type']",tri-sub
1370,C=C(NC(C)=O)C(=O)OC,COC(=O)[C@@H](C)NC(C)=O,ClCCl,,Rh,CC(C)c1cccc(C(C)C)c1N1[C]N(CC[C@H](C)P(c2ccccc2)c2ccccc2)C=C1,CC(C)c1cccc(C(C)C)c1N1[C]N(CC[C@H](C)P(c2ccccc2)8->c2ccccc2)C=C1.[Rh+]8,20,25,50,0.406004445,0.33,others,['others'],di-sub
11913,CCOC(=O)/C(=C/C(=O)c1ccccc1)NC(C)=O,CCOC(=O)[C@H](CC(=O)c1ccccc1)NC(C)=O,CO,,Rh,CC(C)(C)P1Cc2ccccc2C1[C@H]1c2ccccc2CP1C(C)(C)C,CC(C)(C)P8->1Cc2ccccc2C1[C@H]1c2ccccc2CP9->1C(C)(C)C.[Rh+]89,60,30,100,1.357111862,0.81,double P type,['double P type'],tri-sub
2052,[H]/C=C(\NC(C)=O)C(=O)OC,COC(=O)[C@@H](C)NC(C)=O,ClCCl,,Rh,CN(CCCCCCN(C)p1oc2ccc3ccccc3c2c2c(ccc3ccccc32)o1)p1oc2ccc3ccccc3c2c2c(ccc3ccccc32)o1,CN(CCCCCCN(C)p8->1oc2ccc3ccccc3c2c2c(ccc3ccccc32)o1)p9->1oc2ccc3ccccc3c2c2c(ccc3ccccc32)o1.[Rh+]89,1.3,22,1000,2.281301657,0.96,binol type,"['binol type', 'double P type']",di-sub
11934,COC(=O)/C(=C/C=C/c1ccccc1)NC(C)=O,COC(=O)[C@@H](C/C=C/c1ccccc1)NC(C)=O,CO,,Rh,c1ccc(P(c2ccccc2)c2ccc3ccccc3c2-c2c(P(c3ccccc3)c3ccccc3)ccc3ccccc23)cc1,c1ccc(P(c2ccccc2)8->c2ccc3ccccc3c2-c2c(P(c3ccccc3)9->c3ccccc3)ccc3ccccc23)cc1.[Rh+]89,1.5,25,100,0.240091991,0.2,double P type,['double P type'],tri-sub
12349,CCCCC/C=C(\NC(C)=O)C(=O)OC,CCCCCC[C@@H](NC(C)=O)C(=O)OC,CO,,Rh,COc1cccc(P(c2ccccc2)c2ccccc2)c1-c1c(OC)cccc1P(c1ccccc1)c1ccccc1,COc1cccc(P(c2ccccc2)8->c2ccccc2)c1-c1c(OC)cccc1P(c1ccccc1)9->c1ccccc1.[Rh+]89,7,25,100,0.601029336,0.468,double P type,['double P type'],tri-sub
193,COC(=O)/C(=C\c1ccc(F)cc1)NC(C)=O,COC(=O)[C@@H](Cc1ccc(F)cc1)NC(C)=O,ClCCl,,Rh,CC(C)(C)N(N(p1oc2ccc3ccccc3c2c2c(ccc3ccccc32)o1)C(C)(C)C)p1oc2ccc3ccccc3c2c2c(ccc3ccccc32)o1,CC(C)(C)N(N(p8->1oc2ccc3ccccc3c2c2c(ccc3ccccc32)o1)C(C)(C)C)p9->1oc2ccc3ccccc3c2c2c(ccc3ccccc32)o1.[Rh+]89,1,25,100,2.058336063,0.94,binol type,"['binol type', 'double P type']",tri-sub
1641,CC(=O)N/C(=C\c1ccccc1)C(=O)O,CC(=O)N[C@H](Cc1ccccc1)C(=O)O,ClCCl,,Rh,CCC(CC(C)c1cnc2c(Np3oc4ccc5ccccc5c4c4c(ccc5ccccc54)o3)cccc2c1)c1ccccc1,CCC(CC(C)c1cn9->c2c(Np8->3oc4ccc5ccccc5c4c4c(ccc5ccccc54)o3)cccc2c1)c1ccccc1.[Rh+]89,1,25,20,0.634845222,0.49,binol type,"['binol type', 'P,N type']",tri-sub
203,COC(=O)/C(=C\c1ccc(Cl)c(Cl)c1)NC(C)=O,COC(=O)[C@@H](Cc1ccc(Cl)c(Cl)c1)NC(C)=O,ClCCl,,Rh,c1ccc(N(N(c2ccccc2)p2oc3ccc4ccccc4c3c3c(ccc4ccccc43)o2)p2oc3ccc4ccccc4c3c3c(ccc4ccccc43)o2)cc1,c1ccc(N(N(c2ccccc2)p8->2oc3ccc4ccccc4c3c3c(ccc4ccccc43)o2)p9->2oc3ccc4ccccc4c3c3c(ccc4ccccc43)o2)cc1.[Rh+]89,5,25,100,1.629293317,0.88,binol type,"['binol type', 'double P type']",tri-sub
9521,COC(=O)/C(=C/c1cccc(Br)c1)NC(C)=O,COC(=O)[C@@H](Cc1cccc(Br)c1)NC(C)=O,CC(C)=O,,Rh,CC(C)N(C(C)C)p1oc2c(P(c3ccccc3)c3ccccc3)cc3ccccc3c2c2c(o1)c(P(c1ccccc1)c1ccccc1)cc1ccccc12,CC(C)N(C(C)C)p18->oc2c(P(c3ccccc3)c3ccccc3)cc3ccccc3c2c2c(o1)c(P(c1ccccc1)c1ccccc1)cc1ccccc12.[Rh+]8,1,25,100,2.854280119,0.984,binol type,"['binol type', 'single P type']",tri-sub
1769,COC(=O)/C=C(\NC(C)=O)c1ccc(F)cc1,COC(=O)C[C@@H](NC(C)=O)c1ccc(F)cc1,ClCCl,,Rh,C[C@H](Np1oc2ccc3ccccc3c2c2c(ccc3ccccc32)o1)C1=C[C@H]([Fe]C2C=CC=C2)C=C1P(c1ccccc1)c1ccccc1,C[C@H](Np9->1oc2ccc3ccccc3c2c2c(ccc3ccccc32)o1)C1=C[C@H]([Fe]C2C=CC=C2)C=C1P(c1ccccc1)8->c1ccccc1.[Rh+]89,10,5,100,2.538338636,0.98,binol type,"['binol type', 'ferrocene type', 'double P type']",tri-sub
9458,C=C(NC(C)=O)C(=O)OC,COC(=O)[C@@H](C)NC(C)=O,ClCCl,,Rh,C[C@H](c1cccc2ccccc12)N([C@H](C)c1cccc2ccccc12)p1oc2ccccc2c2ccccc2o1,C[C@H](c1cccc2ccccc12)N([C@H](C)c1cccc2ccccc12)p8->1oc2ccccc2c2ccccc2o1.[Rh+]8,1,25,100,0,0,single P type,['single P type'],di-sub
6340,C=C(NC(C)=O)C(=O)OC,COC(=O)[C@@H](C)NC(C)=O,CO,,Rh,CP(CCP(C)C1C=CC=C1)C1C=CC=C1,CP(CCP(C)9->C1C=CC=C1)8->C1C=CC=C1.[Rh+]89,2,25,100,1.291260058,0.797,double P type,['double P type'],di-sub
11926,COC(=O)/C(=C/C=C/c1ccccc1)NC(C)=O,COC(=O)[C@@H](C/C=C/c1ccccc1)NC(C)=O,CO,,Rh,CC(C)(C)P1Cc2ccc3ccccc3c2-c2c(ccc3ccccc23)[C@@H]1[C@H]1c2ccc3ccccc3c2-c2c(ccc3ccccc23)CP1C(C)(C)C,CC(C)(C)P8->1Cc2ccc3ccccc3c2-c2c(ccc3ccccc23)[C@@H]1[C@H]1c2ccc3ccccc3c2-c2c(ccc3ccccc23)CP9->1C(C)(C)C.[Rh+]89,1.5,25,100,1.531681473,0.86,binol type,"['binol type', 'double P type']",tri-sub
11949,CCC/C=C/C=C(\NC(C)=O)C(=O)OC,CCC/C=C/C[C@@H](NC(C)=O)C(=O)OC,ClCCl,,Rh,CC(C)(C)P1CCC[C@@H]1[C@H]1CCCP1C(C)(C)C,CC(C)(C)P8->1CCC[C@@H]1[C@H]1CCCP9->1C(C)(C)C.[Rh+]89,1.5,25,3000,3.134375973,0.99,double P type,['double P type'],tri-sub
6374,CC/C(C)=C(/NC(C)=O)C(=O)OC,CC[C@H](C)[C@@H](NC(C)=O)C(=O)OC,CO,,Rh,CC(C)P(C)CCP(C)C(C)(C)C,CC(C)P(C)8->CCP(C)9->C(C)(C)C.[Rh+]89,2,25,100,2.206889491,0.953,double P type,['double P type'],tetra-sub
1609,COC(=O)/C(=C/c1ccc(Cl)cc1)NC(C)=O,COC(=O)[C@@H](Cc1ccc(Cl)cc1)NC(C)=O,ClCCl,,Rh,COC(=O)[C@@H](Cc1ccccc1)N(C)p1oc2ccc3ccccc3c2c2c(ccc3ccccc32)o1,COC(=O)[C@@H](Cc1ccccc1)N(C)p8->1oc2ccc3ccccc3c2c2c(ccc3ccccc32)o1.[Rh+]8,5,25,100,1.68395754,0.89,binol type,"['binol type', 'single P type']",tri-sub
12360,CCCCCC/C=C(\NC(C)=O)C(=O)OC,CCCCCCC[C@@H](NC(C)=O)C(=O)OC,CO,,Rh,CC(C)(C)P1Cc2ccccc2C1[C@H]1c2ccccc2CP1C(C)(C)C,CC(C)(C)P8->1Cc2ccccc2C1[C@H]1c2ccccc2CP9->1C(C)(C)C.[Rh+]89,7,25,100,3.546301865,0.995,double P type,['double P type'],tri-sub
8542,COC(=O)/C(=C/c1ccc([N+](=O)[O-])cc1)NC(C)=O,COC(=O)[C@H](Cc1ccc([N+](=O)[O-])cc1)NC(C)=O,CO,,Rh,CP(NP(C(C)(C)C)C(C)(C)C)C(C)(C)C,CP(NP(C(C)(C)C)9->C(C)(C)C)8->C(C)(C)C.[Rh+]89,3,25,333,2.304501335,0.96,double P type,['double P type'],tri-sub
7327,C=C(NC(C)=O)C(=O)OC,COC(=O)[C@@H](C)NC(C)=O,ClCCl,,Rh,CC(C)(c1ccccc1)[C@@H]1CCCC[C@H]1Op1oc2ccccc2c2ccccc2o1,CC(C)(c1ccccc1)[C@@H]1CCCC[C@H]1Op8->1oc2ccccc2c2ccccc2o1.[Rh+]8,1,25,100,0.619359515,0.48,single P type,['single P type'],di-sub
1475,CCOC(=O)/C=C(\NC(C)=O)c1cccc(C)c1,CCOC(=O)C[C@H](NC(C)=O)c1cccc(C)c1,CO,,Rh,CP(c1cc2c(cc1P(C)C(C)(C)C)OCO2)C(C)(C)C,CP(c1cc2c(cc1P(C)9->C(C)(C)C)OCO2)8->C(C)(C)C.[Rh+]89,5,25,200,1.946702135,0.928,double P type,['double P type'],tri-sub
5285,COC(=O)/C(=C\c1ccccc1)NC(C)=O,COC(=O)[C@H](Cc1ccccc1)NC(C)=O,ClCCl,,Rh,COc1cc(C(C)(C)C)c2op(NC[C@H]3OC4OC(C)(C)O[C@@H]4[C@H]3Op3oc4c(C(C)(C)C)cc(OC)cc4c4cc(OC)cc(C(C)(C)C)c4o3)oc3c(C(C)(C)C)cc(OC)cc3c2c1,COc1cc(C(C)(C)C)c2op(NC[C@H]3OC4OC(C)(C)O[C@@H]4[C@H]3Op9->3oc4c(C(C)(C)C)cc(OC)cc4c4cc(OC)cc(C(C)(C)C)c4o3)8->oc3c(C(C)(C)C)cc(OC)cc3c2c1.[Rh+]89,5,25,100,1.487635919,0.85,double P type,['double P type'],tri-sub
11827,Cc1ccc(/C=C2\CCCOC2=O)cc1,Cc1ccc(C[C@H]2CCCOC2=O)cc1,ClCCCl,,Rh,C[C@H](NC(=S)Nc1cc(C(F)(F)F)cc(C(F)(F)F)c1)C1=C(P(c2ccccc2)c2ccccc2)[C@@H]([Fe][C@H]2C=CC=C2P(c2ccccc2)c2ccccc2)C=C1,C[C@H](NC(=S)Nc1cc(C(F)(F)F)cc(C(F)(F)F)c1)C1=C(P(c2ccccc2)9->c2ccccc2)[C@@H]([Fe][C@H]2C=CC=C2P(c2ccccc2)8->c2ccccc2)C=C1.[Rh+]89,50,35,50,3.239556375,0.99,ferrocene type,"['ferrocene type', 'double P type']",tri-sub
1469,COC(=O)/C=C(\NC(C)=O)c1cc(Cl)cc(Cl)c1,COC(=O)C[C@H](NC(C)=O)c1cc(Cl)cc(Cl)c1,CO,,Rh,CP(c1cc2c(cc1P(C)C(C)(C)C)OCO2)C(C)(C)C,CP(c1cc2c(cc1P(C)9->C(C)(C)C)OCO2)8->C(C)(C)C.[Rh+]89,3,25,1000,1.44621066,0.84,double P type,['double P type'],tri-sub
8950,COC(=O)/C=C(\CP(=O)(OC)OC)c1ccc(Br)cc1,COC(=O)CC(CP(=O)(OC)OC)c1ccc(Br)cc1,ClCCl,,Rh,C[C@@H](C1=C([P@](c2ccccc2)c2cccc3ccccc23)C=C[C@H]1[Fe]C1C=CC=C1)N(C)P(c1ccc(C(F)(F)F)cc1)c1ccc(C(F)(F)F)cc1,C[C@@H](C1=C([P@](c2ccccc2)9->c2cccc3ccccc23)C=C[C@H]1[Fe]C1C=CC=C1)N(C)P(c1ccc(C(F)(F)F)cc1)8->c1ccc(C(F)(F)F)cc1.[Rh+]89,59,25,100,2.477862753,0.97,ferrocene type,"['ferrocene type', 'double P type']",tri-sub
1585,COC(=O)/C(=C/c1ccc(Br)cc1)NC(C)=O,COC(=O)[C@H](Cc1ccc(Br)cc1)NC(C)=O,ClCCl,,Rh,CCN(Cc1ccccc1)p1oc2ccc3ccccc3c2c2c(ccc3ccccc32)o1,CCN(Cc1ccccc1)p8->1oc2ccc3ccccc3c2c2c(ccc3ccccc32)o1.[Rh+]8,20,25,100,2.587323575,0.975,binol type,"['binol type', 'single P type']",tri-sub
7225,CC(=O)NC1=Cc2ccccc2CC1,CC(=O)N[C@@H]1CCc2ccccc2C1,ClCCl,,Rh,COC(=O)[C@H](C(C)C)N(C)p1oc2ccc3ccccc3c2c2c(ccc3ccccc32)o1,COC(=O)[C@H](C(C)C)N(C)p8->1oc2ccc3ccccc3c2c2c(ccc3ccccc32)o1.[Rh+]8,10,25,100,0.574020563,0.45,binol type,"['binol type', 'single P type']",tri-sub
11128,COC(=O)/C=C(\C#N)c1ccc(Cl)c(Cl)c1,COC(=O)C[C@@H](C#N)c1ccc(Cl)c(Cl)c1,CO,,Rh,C[C@@H](C1=C(P(c2ccccc2)c2ccccc2)[C@@H]([Fe][C@H]2C=CC=C2P(c2ccccc2)c2ccccc2)C=C1)N(C)C(=S)Nc1cc(C(F)(F)F)cc(C(F)(F)F)c1,C[C@@H](C1=C(P(c2ccccc2)8->c2ccccc2)[C@@H]([Fe][C@H]2C=CC=C2P(c2ccccc2)9->c2ccccc2)C=C1)N(C)C(=S)Nc1cc(C(F)(F)F)cc(C(F)(F)F)c1.[Rh+]89,50,20,100,1.714265559,0.9,ferrocene type,"['ferrocene type', 'double P type']",tri-sub
7927,CC(=O)N1/C(=C\c2ccccc2)COc2ccccc21,CC(=O)N1c2ccccc2OC[C@H]1Cc1ccccc1,C1CCOC1,,Rh,C[C@@H]1CC[C@@H](C)P1c1ccccc1P1[C@H](C)CC[C@H]1C,C[C@@H]1CC[C@@H](C)P8->1c1ccccc1P9->1[C@H](C)CC[C@H]1C.[Rh+]89,4,25,100,2.420523388,0.967,double P type,['double P type'],tri-sub
7217,C=C(NC(C)=O)C(=O)OC,COC(=O)[C@@H](C)NC(C)=O,ClCCl,,Rh,COC(=O)[C@H](C(C)C)N(C)p1oc2ccc3ccccc3c2c2c(ccc3ccccc32)o1,COC(=O)[C@H](C(C)C)N(C)p8->1oc2ccc3ccccc3c2c2c(ccc3ccccc32)o1.[Rh+]8,10,25,100,2.477862753,0.97,binol type,"['binol type', 'single P type']",di-sub
5796,COC(=O)/C(=C/c1cccnc1)NC(C)=O,COC(=O)[C@H](Cc1cccnc1)NC(C)=O,CO,CCOCC.F[B-](F)(F)F.[H+],Rh,c1ccc(P(CCP(c2ccccc2)c2ccccc2OC2CCCCC2)c2ccccc2OC2CCCCC2)cc1,c1ccc(P(CCP(c2ccccc2)9->c2ccccc2OC2CCCCC2)8->c2ccccc2OC2CCCCC2)cc1.[Rh+]89,1,25,10000,3.849375327,0.997,double P type,['double P type'],tri-sub
11294,COC(=O)/C(NC(C)=O)=C(/c1ccccc1)c1cn(C(=O)OC(C)(C)C)c2ncccc12,COC(=O)[C@@H](NC(C)=O)[C@@H](c1ccccc1)c1cn(C(=O)OC(C)(C)C)c2ncccc12,CO,,Rh,C[C@H](C1=C[C@@H]([Fe]C2C=CC=C2)C=C1P(c1cc(C(F)(F)F)cc(C(F)(F)F)c1)c1cc(C(F)(F)F)cc(C(F)(F)F)c1)P(C(C)(C)C)C(C)(C)C,C[C@H](C1=C[C@@H]([Fe]C2C=CC=C2)C=C1P(c1cc(C(F)(F)F)cc(C(F)(F)F)c1)8->c1cc(C(F)(F)F)cc(C(F)(F)F)c1)P(C(C)(C)C)9->C(C)(C)C.[Rh+]89,34,40,5,2.420499724,0.96,ferrocene type,"['ferrocene type', 'double P type']",tetra-sub
9605,CC(=O)NC1=Cc2ccccc2CC1,CC(=O)N[C@H]1CCc2ccccc2C1,ClCCl,,Rh,Cc1cc(C(C)(C)C)c2op(OCCP(c3ccccc3)c3ccccc3)oc3c(C(C)(C)C)cc(C)c(C)c3c2c1C,Cc1cc(C(C)(C)C)c2op(OCCP(c3ccccc3)8->c3ccccc3)9->oc3c(C(C)(C)C)cc(C)c(C)c3c2c1C.[Rh+]89,30,40,100,0.734076133,0.53,double P type,['double P type'],tri-sub
9453,C=C(NC(C)=O)C(=O)OC,COC(=O)[C@@H](C)NC(C)=O,ClCCl,,Rh,C[C@H](c1ccccc1)N([C@H](C)c1ccccc1)p1oc2ccccc2c2ccccc2o1,C[C@H](c1ccccc1)N([C@H](C)c1ccccc1)p8->1oc2ccccc2c2ccccc2o1.[Rh+]8,1,25,100,0.682547308,0.52,single P type,['single P type'],di-sub
5203,COC(=O)/C(=C/c1ccc(Cl)cc1)NC(C)=O,COC(=O)[C@@H](Cc1ccc(Cl)cc1)NC(C)=O,ClCCl,,Rh,CN(C)p1oc2ccc3ccccc3c2c2c(ccc3ccccc32)o1,CN(C)p8->1oc2ccc3ccccc3c2c2c(ccc3ccccc32)o1.[Rh+]8,5,25,100,2.058336063,0.94,binol type,"['binol type', 'single P type']",tri-sub
2324,CC(=O)N/C(=C\c1ccccc1)C(=O)O,CC(=O)N[C@@H](Cc1ccccc1)C(=O)O,C1CCOC1.CO,,Rh,C[C@H](C1=C(P(c2ccccc2)c2ccccc2)C=C[C@@H]1[Fe]C1C=CC=C1)N(Cc1ccccc1)P(c1ccccc1)c1ccccc1,C[C@H](C1=C(P(c2ccccc2)8->c2ccccc2)C=C[C@@H]1[Fe]C1C=CC=C1)N(Cc1ccccc1)P(c1ccccc1)9->c1ccccc1.[Rh+]89,1,25,100,2.000064923,0.934,ferrocene type,"['ferrocene type', 'double P type']",tri-sub
1876,COC(=O)/C(=C/c1ccc(F)cc1)NC(C)=O,COC(=O)[C@H](Cc1ccc(F)cc1)NC(C)=O,ClCCl,,Rh,CC(C)(C)N(N(p1oc2ccc3ccccc3c2c2c(ccc3ccccc32)o1)C(C)(C)C)p1oc2ccc3ccccc3c2c2c(ccc3ccccc32)o1,CC(C)(C)N(N(p8->1oc2ccc3ccccc3c2c2c(ccc3ccccc32)o1)C(C)(C)C)p9->1oc2ccc3ccccc3c2c2c(ccc3ccccc32)o1.[Rh+]89,5,0,100,1.723978388,0.92,binol type,"['binol type', 'double P type']",tri-sub
1555,CC(=O)NC1=Cc2ccccc2CC1,CC(=O)N[C@H]1CCc2ccccc2C1,ClCCl,,Rh,c1ccc2c(c1)ccc1op(N3CCSCC3)oc3ccc4ccccc4c3c12,c1ccc2c(c1)ccc1op(N3CCSCC3)8->oc3ccc4ccccc4c3c12.[Rh+]8,25,25,50,0.419344493,0.34,binol type,"['binol type', 'single P type']",tri-sub
5612,COC(=O)/C(=C/c1cccc(Cl)c1)NC(C)=O,COC(=O)[C@@H](Cc1cccc(Cl)c1)NC(C)=O,C1CCOC1,,Rh,CCN(CC)p1oc2ccc3ccccc3c2c2c(ccc3ccccc32)o1,CCN(CC)p8->1oc2ccc3ccccc3c2c2c(ccc3ccccc32)o1.[Rh+]8,20,25,100,2.933945973,0.986,binol type,"['binol type', 'single P type']",tri-sub
9599,CC(=O)NC1=Cc2ccccc2CC1,CC(=O)N[C@H]1CCc2ccccc2C1,ClCCl,,Rh,Cc1cc(C(C)(C)C)c2op(Oc3ccccc3P(c3ccccc3)c3ccccc3)oc3c(C(C)(C)C)cc(C)c(C)c3c2c1C,Cc1cc(C(C)(C)C)c2op(Oc3ccccc3P(c3ccccc3)8->c3ccccc3)9->oc3c(C(C)(C)C)cc(C)c(C)c3c2c1C.[Rh+]89,20,25,100,0.981902689,0.68,double P type,['double P type'],tri-sub
5614,COC(=O)/C(=C/c1ccc(OC)cc1)NC(C)=O,COC(=O)[C@@H](Cc1ccc(OC)cc1)NC(C)=O,C1CCOC1,,Rh,CCN(CC)p1oc2ccc3ccccc3c2c2c(ccc3ccccc32)o1,CCN(CC)p8->1oc2ccc3ccccc3c2c2c(ccc3ccccc32)o1.[Rh+]8,20,25,100,3.134375973,0.99,binol type,"['binol type', 'single P type']",tri-sub
1465,COC(=O)/C=C(\NC(C)=O)c1cc(Cl)cc(Cl)c1,COC(=O)C[C@H](NC(C)=O)c1cc(Cl)cc(Cl)c1,CO,,Rh,CP(c1nc2ccccc2nc1P(C)C(C)(C)C)C(C)(C)C,CP(c1nc2ccccc2nc1P(C)8->C(C)(C)C)9->C(C)(C)C.[Rh+]89,3,25,1000,0.802545975,0.59,double P type,['double P type'],tri-sub
814,COc1cc(/C=C(\C)NC(C)=O)cc(OC)c1,COc1cc(C[C@@H](C)NC(C)=O)cc(OC)c1,ClCCl,,Rh,COc1cccc2c1P(C(C)(C)C)[C@@H]([C@H]1Oc3cccc(OC)c3P1C(C)(C)C)O2,COc1cccc2c1P(C(C)(C)C)8->[C@@H]([C@H]1Oc3cccc(OC)c3P9->1C(C)(C)C)O2.[Rh+]89,20,25,200,0.130800009,0.11,double P type,['double P type'],tri-sub
11318,C=C(NC(C)=O)C(=O)OC,COC(=O)[C@H](C)NC(C)=O,CCO,,Rh,C[C@@H](C1=C(P(C)c2ccccc2P(c2ccccc2)c2ccccc2)C=C[C@H]1[Fe]C1C=CC=C1)N(C)C,C[C@@H](C1=C(P(C)8->c2ccccc2P(c2ccccc2)9->c2ccccc2)C=C[C@H]1[Fe]C1C=CC=C1)N(C)C.[Rh+]89,10,25,100,1.44621066,0.84,ferrocene type,"['ferrocene type', 'double P type']",di-sub
5547,CC(=O)N/C(=C\c1ccccc1)C(=O)O,CC(=O)N[C@H](Cc1ccccc1)C(=O)O,CO,,Rh,c1ccc(C[C@@H]2CCCP2CCP2CCC[C@H]2Cc2ccccc2)cc1,c1ccc(C[C@@H]2CCCP8->2CCP9->2CCC[C@H]2Cc2ccccc2)cc1.[Rh+]89,27,25,1000,0.460001482,0.37,double P type,['double P type'],tri-sub
1559,CCOC(=O)/C(=C/c1ccc(Cl)cc1)NC(C)=O,CCOC(=O)[C@H](Cc1ccc(Cl)cc1)NC(C)=O,ClCCl,,Rh,COC[C@@H]1CCCN1p1oc2ccc3ccccc3c2c2c(ccc3ccccc32)o1,COC[C@@H]1CCCN1p8->1oc2ccc3ccccc3c2c2c(ccc3ccccc32)o1.[Rh+]8,10,25,100,1.809015734,0.91,binol type,"['binol type', 'single P type']",tri-sub
226,COC(=O)/C(=C\c1ccc(Cl)cc1)NC(C)=O,COC(=O)[C@@H](Cc1ccc(Cl)cc1)NC(C)=O,ClCCl,,Rh,Cc1ccccc1OP(Oc1ccccc1C)N(c1ccccc1C)N(c1ccccc1C)p1oc2ccc3ccccc3c2c2c(ccc3ccccc32)o1,Cc1ccccc1OP(Oc1ccccc1C)8->N(c1ccccc1C)N(c1ccccc1C)p9->1oc2ccc3ccccc3c2c2c(ccc3ccccc32)o1.[Rh+]89,5,25,100,0.106874334,0.09,binol type,"['binol type', 'double P type']",tri-sub
5803,COC(=O)C(NC(C)=O)=C1CCCCC1,COC(=O)[C@@H](NC(C)=O)C1CCCCC1,CO,,Rh,c1ccc(P(CCP(c2ccccc2)c2ccccc2OC2CCCCC2)c2ccccc2OC2CCCCC2)cc1,c1ccc(P(CCP(c2ccccc2)9->c2ccccc2OC2CCCCC2)8->c2ccccc2OC2CCCCC2)cc1.[Rh+]89,3,25,1000,3.546301865,0.995,double P type,['double P type'],tetra-sub
3575,COC(=O)/C(=C/c1cc(F)cc(F)c1)NC(=O)OC(C)(C)C,COC(=O)[C@@H](Cc1cc(F)cc(F)c1)NC(=O)OC(C)(C)C,C1CCOC1,,Rh,COC[C@H](Op1oc2ccc3ccccc3c2c2c(ccc3ccccc32)o1)[C@@H](c1ccccc1)P(c1ccccc1)c1ccccc1,COC[C@H](Op9->1oc2ccc3ccccc3c2c2c(ccc3ccccc32)o1)[C@@H](c1ccccc1)P(c1ccccc1)8->c1ccccc1.[Rh+]89,20,25,100,2.304501335,0.96,binol type,"['binol type', 'double P type']",tri-sub
6362,COC(=O)C(NC(C)=O)=C(C)C,COC(=O)[C@H](NC(C)=O)C(C)C,CO,,Rh,CC(C)P(C)CCP(C)C(C)(C)C,CC(C)P(C)8->CCP(C)9->C(C)(C)C.[Rh+]89,2,25,100,2.275006209,0.958,double P type,['double P type'],tetra-sub
11918,COC(=O)/C(=C/C=C/c1ccccc1)NC(C)=O,COC(=O)[C@@H](C/C=C/c1ccccc1)NC(C)=O,CC(C)O,,Rh,CC(C)(C)P1CCC[C@@H]1[C@H]1CCCP1C(C)(C)C,CC(C)(C)P8->1CCC[C@@H]1[C@H]1CCCP9->1C(C)(C)C.[Rh+]89,1.5,25,100,3.134375973,0.99,double P type,['double P type'],tri-sub
11924,COC(=O)/C(=C/C=C/c1ccccc1)NC(C)=O,COC(=O)[C@@H](C/C=C/c1ccccc1)NC(C)=O,ClCCl,,Rh,CC(C)(C)P1CCC[C@@H]1[C@H]1CCCP1C(C)(C)C,CC(C)(C)P8->1CCC[C@@H]1[C@H]1CCCP9->1C(C)(C)C.[Rh+]89,1.5,25,3000,4.500500019,0.999,double P type,['double P type'],tri-sub
8532,COC(=O)/C(=C/c1ccc(OC)cc1)NC(C)=O,COC(=O)[C@H](Cc1ccc(OC)cc1)NC(C)=O,CO,,Rh,CP(NP(C(C)(C)C)C(C)(C)C)C(C)(C)C,CP(NP(C(C)(C)C)9->C(C)(C)C)8->C(C)(C)C.[Rh+]89,3,25,333,3.134375973,0.99,double P type,['double P type'],tri-sub
9612,CC(=O)NC1=Cc2ccccc2CC1,CC(=O)N[C@H]1CCc2ccccc2C1,ClCCl,,Rh,Cc1cc(C(C)(C)C)c2op(O[C@@H](C)CP(c3ccccc3)c3ccccc3)oc3c(C(C)(C)C)cc(C)c(C)c3c2c1C,Cc1cc(C(C)(C)C)c2op(O[C@@H](C)CP(c3ccccc3)8->c3ccccc3)9->oc3c(C(C)(C)C)cc(C)c(C)c3c2c1C.[Rh+]89,20,25,100,0.878043878,0.63,double P type,['double P type'],tri-sub
11729,CC(C)OC(=O)/C=C(/B1OC(C)(C)C(C)(C)O1)c1ccccc1,CC(C)OC(=O)C[C@H](B1OC(C)(C)C(C)(C)O1)c1ccccc1,ClCCl,,Rh,C[C@H](NC(=S)Nc1cc(C(F)(F)F)cc(C(F)(F)F)c1)C1=C(P(c2ccccc2)c2ccccc2)[C@@H]([Fe][C@H]2C=CC=C2P(c2ccccc2)c2ccccc2)C=C1,C[C@H](NC(=S)Nc1cc(C(F)(F)F)cc(C(F)(F)F)c1)C1=C(P(c2ccccc2)9->c2ccccc2)[C@@H]([Fe][C@H]2C=CC=C2P(c2ccccc2)8->c2ccccc2)C=C1.[Rh+]89,50,30,100,2.092871903,0.94,ferrocene type,"['ferrocene type', 'double P type']",tri-sub
12552,CCOC(=O)/C(NC(C)=O)=C(\OC(C)=O)c1ccccc1,CCOC(=O)[C@@H](NC(C)=O)[C@H](OC(C)=O)c1ccccc1,CCOC(C)=O,,Rh,CC(C)(C)P1Cc2ccccc2C1[C@H]1c2ccccc2CP1C(C)(C)C,CC(C)(C)P8->1Cc2ccccc2C1[C@H]1c2ccccc2CP9->1C(C)(C)C.[Rh+]89,30,25,50,0,0,double P type,['double P type'],tetra-sub
9649,COC(=O)/C(=C/c1ccc(F)cc1)NC(C)=O,COC(=O)[C@@H](Cc1ccc(F)cc1)NC(C)=O,CC(C)=O,,Rh,CN(C)p1oc2c(P(c3ccccc3)c3ccccc3)cc3ccccc3c2c2c(o1)c(P(c1ccccc1)c1ccccc1)cc1ccccc12,CN(C)p9->1oc2c(P(c3ccccc3)c3ccccc3)cc3ccccc3c2c2c(o1)c(P(c1ccccc1)8->c1ccccc1)cc1ccccc12.[Rh+]89,1,25,100,2.78393889,0.982,binol type,"['binol type', 'double P type']",tri-sub
12555,CCOC(=O)/C(NC(C)=O)=C(\OC(C)=O)c1ccccc1,CCOC(=O)[C@@H](NC(C)=O)[C@H](OC(C)=O)c1ccccc1,ClCCl,,Rh,CC(C)(C)P1Cc2ccccc2C1[C@H]1c2ccccc2CP1C(C)(C)C,CC(C)(C)P8->1Cc2ccccc2C1[C@H]1c2ccccc2CP9->1C(C)(C)C.[Rh+]89,50,25,50,3.134375973,0.99,double P type,['double P type'],tetra-sub
4341,COC(=O)/C(=C/c1ccccc1OC)NC(C)=O,COC(=O)[C@H](Cc1ccccc1OC)NC(C)=O,CO,,Rh,CC(C)(C)Oc1ccccc1P(CCP(c1ccccc1)c1ccccc1OC(C)(C)C)c1ccccc1,CC(C)(C)Oc1ccccc1P(CCP(c1ccccc1)9->c1ccccc1OC(C)(C)C)8->c1ccccc1.[Rh+]89,1,22,1000,4.455192972,0.999,double P type,['double P type'],tri-sub
11716,CCOC(=O)/C=C(/B1OC(C)(C)C(C)(C)O1)c1ccccc1,CCOC(=O)C[C@H](B1OC(C)(C)C(C)(C)O1)c1ccccc1,ClCCl,,Rh,C[C@H](NC(=S)Nc1cc(C(F)(F)F)cc(C(F)(F)F)c1)C1=C(P(c2ccccc2)c2ccccc2)[C@@H]([Fe][C@H]2C=CC=C2P(c2ccccc2)c2ccccc2)C=C1,C[C@H](NC(=S)Nc1cc(C(F)(F)F)cc(C(F)(F)F)c1)C1=C(P(c2ccccc2)9->c2ccccc2)[C@@H]([Fe][C@H]2C=CC=C2P(c2ccccc2)8->c2ccccc2)C=C1.[Rh+]89,50,30,100,2.205738651,0.95,ferrocene type,"['ferrocene type', 'double P type']",tri-sub
1890,COC(=O)/C(=C/c1ccc(F)cc1)NC(C)=O,COC(=O)[C@H](Cc1ccc(F)cc1)NC(C)=O,ClCCl,,Rh,Cc1ccccc1N(N(c1ccccc1C)p1oc2ccc3ccccc3c2c2c(ccc3ccccc32)o1)p1oc2ccc3ccccc3c2c2c(ccc3ccccc32)o1,Cc1ccccc1N(N(c1ccccc1C)p8->1oc2ccc3ccccc3c2c2c(ccc3ccccc32)o1)p9->1oc2ccc3ccccc3c2c2c(ccc3ccccc32)o1.[Rh+]89,5,25,100,0.784540948,0.58,binol type,"['binol type', 'double P type']",tri-sub
6296,COCO/C(=C(\NC(C)=O)c1ccccc1)c1ccccc1,COCO[C@@H](c1ccccc1)[C@H](NC(C)=O)c1ccccc1,CO,,Rh,c1ccc(P(c2ccccc2)c2ccc3c(c2-c2c(P(c4ccccc4)c4ccccc4)ccc4c2OCO4)OCO3)cc1,c1ccc(P(c2ccccc2)8->c2ccc3c(c2-c2c(P(c4ccccc4)9->c4ccccc4)ccc4c2OCO4)OCO3)cc1.[Rh+]89,40,40,100,0.049782194,0.04,double P type,['double P type'],tetra-sub
12137,CC(=O)N/C(=C\c1ccc(F)cc1)C(F)(F)F,CC(=O)N[C@@H](Cc1ccc(F)cc1)C(F)(F)F,CO,,Rh,CC(C)(C)P1Cc2ccccc2[C@H]1[C@@H]1c2ccccc2CP1C(C)(C)C,CC(C)(C)P8->1Cc2ccccc2[C@H]1[C@@H]1c2ccccc2CP9->1C(C)(C)C.[Rh+]89,5,25,100,3.134375973,0.99,double P type,['double P type'],tri-sub
9060,CC(=O)N/C(=C\c1ccccc1)C(=O)O,CC(=O)N[C@H](Cc1ccccc1)C(=O)O,CC(C)O,,Rh,CC(C)Cc1ccccc1P(CCP(c1ccccc1)c1ccccc1C(C)C)c1ccccc1,CC(C)Cc1ccccc1P(CCP(c1ccccc1)9->c1ccccc1C(C)C)8->c1ccccc1.[Rh+]89,3,50,100,2.039725346,0.92,double P type,['double P type'],tri-sub
6491,COC(=O)/C(=C/c1ccccc1)CNC(C)=O,COC(=O)[C@@H](CNC(C)=O)Cc1ccccc1,ClCCl,,Rh,O=C(NCc1ccc(COp2oc3ccc4ccccc4c3c3c(ccc4ccccc43)o2)cc1)c1ccccc1,O=C(NCc1ccc(COp8->2oc3ccc4ccccc4c3c3c(ccc4ccccc43)o2)cc1)c1ccccc1.[Rh+]8,49,25,100,3.134375973,0.99,binol type,"['binol type', 'single P type']",tri-sub
5288,COC(=O)/C(=C\c1ccccc1)NC(C)=O,COC(=O)[C@H](Cc1ccccc1)NC(C)=O,ClCCl,,Rh,COc1cc(C(C)(C)C)c2op(NC[C@H]3O[C@H]4OC(C)(C)O[C@H]4[C@H]3Op3oc4c(C(C)(C)C)cc(OC)cc4c4cc(OC)cc(C(C)(C)C)c4o3)oc3c(C(C)(C)C)cc(OC)cc3c2c1,COc1cc(C(C)(C)C)c2op(NC[C@H]3O[C@H]4OC(C)(C)O[C@H]4[C@H]3Op9->3oc4c(C(C)(C)C)cc(OC)cc4c4cc(OC)cc(C(C)(C)C)c4o3)8->oc3c(C(C)(C)C)cc(OC)cc3c2c1.[Rh+]89,30,5,100,2.538338636,0.98,double P type,['double P type'],tri-sub
4132,CC(=O)N/C(=C\c1ccc(F)cc1)C(=O)O,CC(=O)N[C@H](Cc1ccc(F)cc1)C(=O)O,ClCCl,,Rh,CN(C)p1oc2ccc3c(c2c2c4c(ccc2o1)CCCC4)CCCC3,CN(C)p8->1oc2ccc3c(c2c2c4c(ccc2o1)CCCC4)CCCC3.[Rh+]8,5,25,50,1.963997164,0.93,binol type,"['binol type', 'single P type']",tri-sub
12112,CC(=O)N/C(=C\c1ccccc1)C(F)(F)F,CC(=O)N[C@@H](Cc1ccccc1)C(F)(F)F,CO,,Rh,COc1cccc(P(c2ccccc2)c2ccccc2)c1-c1c(OC)cccc1P(c1ccccc1)c1ccccc1,COc1cccc(P(c2ccccc2)8->c2ccccc2)c1-c1c(OC)cccc1P(c1ccccc1)9->c1ccccc1.[Rh+]89,5,25,100,0.35358588,0.29,double P type,['double P type'],tri-sub
7938,CC(=O)N1/C(=C\c2ccccc2)COc2ccc(Cl)cc21,CC(=O)N1c2cc(Cl)ccc2OC[C@H]1Cc1ccccc1,CO,,Rh,C[C@@H]1CC[C@@H](C)P1c1ccccc1P1[C@H](C)CC[C@H]1C,C[C@@H]1CC[C@@H](C)P8->1c1ccccc1P9->1[C@H](C)CC[C@H]1C.[Rh+]89,4,25,100,2.78393889,0.982,double P type,['double P type'],tri-sub
3672,COC(=O)/C(=C/c1ccc(Br)cc1)NC(C)=O,COC(=O)[C@H](Cc1ccc(Br)cc1)NC(C)=O,ClCCl,,Rh,CCN(Cc1ccccc1)p1oc2ccc3ccccc3c2c2c(ccc3ccccc32)o1,CCN(Cc1ccccc1)p8->1oc2ccc3ccccc3c2c2c(ccc3ccccc32)o1.[Rh+]8,20,20,100,2.49851517,0.973,binol type,"['binol type', 'single P type']",tri-sub
9623,COc1ccc2c(c1)C=C(NC(C)=O)CC2,COc1ccc2c(c1)C[C@@H](NC(C)=O)CC2,ClCCl,,Rh,COc1ccccc1P(CCOp1oc2c(C(C)(C)C)cc(C)c(C)c2c2c(C)c(C)cc(C(C)(C)C)c2o1)c1ccccc1,COc1ccccc1P(CCOp9->1oc2c(C(C)(C)C)cc(C)c(C)c2c2c(C)c(C)cc(C(C)(C)C)c2o1)8->c1ccccc1.[Rh+]89,20,25,100,1.531681473,0.86,double P type,['double P type'],tri-sub
12615,O=C1C=C(c2ccc(Cl)cc2)C(=O)O1,O=C1C[C@H](c2ccc(Cl)cc2)C(=O)O1,CCOC(C)=O,,Rh,C[C@H](NC(=S)Nc1cc(C(F)(F)F)cc(C(F)(F)F)c1)C1=C(P(c2ccccc2)c2ccccc2)[C@@H]([Fe][C@H]2C=CC=C2P(c2ccccc2)c2ccccc2)C=C1,C[C@H](NC(=S)Nc1cc(C(F)(F)F)cc(C(F)(F)F)c1)C1=C(P(c2ccccc2)9->c2ccccc2)[C@@H]([Fe][C@H]2C=CC=C2P(c2ccccc2)8->c2ccccc2)C=C1.[Rh+]89,1,25,100,1.963997164,0.93,ferrocene type,"['ferrocene type', 'double P type']",tri-sub
8948,COC(=O)/C=C(\CP(=O)(OC)OC)c1ccc(F)cc1,COC(=O)CC(CP(=O)(OC)OC)c1ccc(F)cc1,ClCCl,,Rh,C[C@@H](C1=C([P@](c2ccccc2)c2cccc3ccccc23)C=C[C@H]1[Fe]C1C=CC=C1)N(C)P(c1ccc(C(F)(F)F)cc1)c1ccc(C(F)(F)F)cc1,C[C@@H](C1=C([P@](c2ccccc2)9->c2cccc3ccccc23)C=C[C@H]1[Fe]C1C=CC=C1)N(C)P(c1ccc(C(F)(F)F)cc1)8->c1ccc(C(F)(F)F)cc1.[Rh+]89,59,25,100,2.169340323,0.95,ferrocene type,"['ferrocene type', 'double P type']",tri-sub
10150,COC(=O)/C=C(\NC(C)=O)c1ccccc1C,COC(=O)CC(NC(C)=O)c1ccccc1C,CO,,Rh,FC(F)(F)c1ccc(P(N[C@@H]2CCCc3cccc(P(c4ccccc4)c4ccccc4)c32)c2ccc(C(F)(F)F)cc2)cc1,FC(F)(F)c1ccc(P(N[C@@H]2CCCc3cccc(P(c4ccccc4)9->c4ccccc4)c32)8->c2ccc(C(F)(F)F)cc2)cc1.[Rh+]89,10,25,100,2.385079212,0.965,double P type,['double P type'],tri-sub
3668,COC(=O)/C(=C/c1ccc(Cl)cc1)NC(C)=O,COC(=O)[C@H](Cc1ccc(Cl)cc1)NC(C)=O,ClCCl,,Rh,CCN(Cc1ccccc1)p1oc2ccc3ccccc3c2c2c(ccc3ccccc32)o1,CCN(Cc1ccccc1)p8->1oc2ccc3ccccc3c2c2c(ccc3ccccc32)o1.[Rh+]8,20,20,100,2.567973567,0.976,binol type,"['binol type', 'single P type']",tri-sub
2408,CC(=O)N/C(=C\c1ccccc1)C(=O)O,CC(=O)N[C@@H](Cc1ccccc1)C(=O)O,C1CCOC1.CO,,Rh,C[C@H](C1=C(P(c2ccccc2)c2ccccc2)C=C[C@@H]1[Fe]C1C=CC=C1)N(C)P(c1cc(Cl)cc(Cl)c1)c1cc(Cl)cc(Cl)c1,C[C@H](C1=C(P(c2ccccc2)8->c2ccccc2)C=C[C@@H]1[Fe]C1C=CC=C1)N(C)P(c1cc(Cl)cc(Cl)c1)9->c1cc(Cl)cc(Cl)c1.[Rh+]89,1,25,100,3.197061601,0.991,ferrocene type,"['ferrocene type', 'double P type']",tri-sub
11319,C=C(NC(C)=O)C(=O)OC,COC(=O)[C@H](C)NC(C)=O,CCO,,Rh,Cc1ccc(P(c2ccc(C)cc2)c2ccccc2P(C)C2=C([C@H](C)N(C)C)[C@H]([Fe]C3C=CC=C3)C=C2)cc1,Cc1ccc(P(c2ccc(C)cc2)8->c2ccccc2P(C)9->C2=C([C@H](C)N(C)C)[C@H]([Fe]C3C=CC=C3)C=C2)cc1.[Rh+]89,10,25,100,1.531681473,0.86,ferrocene type,"['ferrocene type', 'double P type']",di-sub
4006,CC(=O)N/C(=C\c1ccccc1)C(=O)O,CC(=O)N[C@H](Cc1ccccc1)C(=O)O,CO,,Rh,[BH3-][P+]1(CC[P+]2([BH3-])[C@H](C)COC[C@H]2C)[C@H](C)COC[C@H]1C,[BH3-][P+]8->1(CC[P+]9->2([BH3-])[C@H](C)COC[C@H]2C)[C@H](C)COC[C@H]1C.[Rh+]89,1,20,1000,2.04413776,0.942,double P type,['double P type'],tri-sub
2987,C=C(NC(C)=O)C(=O)OC,COC(=O)[C@H](C)NC(C)=O,ClCCl,,Rh,CN(C)p1oc2ccc3ccccc3c2c2c(o1)c(-c1ccccc1)cc1ccccc12,CN(C)p8->1oc2ccc3ccccc3c2c2c(o1)c(-c1ccccc1)cc1ccccc12.[Rh+]8,1,25,200,0.413996374,0.336,binol type,"['binol type', 'single P type']",di-sub
177,COC(=O)/C(=C\c1ccccc1)NC(C)=O,COC(=O)[C@H](Cc1ccccc1)NC(C)=O,ClCCl,,Rh,CN(N(C)p1oc2ccc3ccccc3c2c2c(ccc3ccccc32)o1)p1oc2ccc3ccccc3c2c2c(ccc3ccccc32)o1,CN(N(C)p8->1oc2ccc3ccccc3c2c2c(ccc3ccccc32)o1)p9->1oc2ccc3ccccc3c2c2c(ccc3ccccc32)o1.[Rh+]89,5,25,100,1.487635919,0.85,binol type,"['binol type', 'double P type']",tri-sub
5544,CC(=O)N/C(=C\c1ccccc1)C(=O)O,CC(=O)N[C@H](Cc1ccccc1)C(=O)O,CO,,Rh,c1ccc(C[C@@H]2CCCP2CCP2CCC[C@H]2Cc2ccccc2)cc1,c1ccc(C[C@@H]2CCCP8->2CCP9->2CCC[C@H]2Cc2ccccc2)cc1.[Rh+]89,2,25,1000,1.208353162,0.77,double P type,['double P type'],tri-sub
6493,COC(=O)/C(=C/c1ccccc1)CNC(C)=O,COC(=O)[C@@H](CNC(C)=O)Cc1ccccc1,ClCCl,,Rh,c1ccc(Op2oc3ccc4ccccc4c3c3c(ccc4ccccc43)o2)cc1,c1ccc(Op8->2oc3ccc4ccccc4c3c3c(ccc4ccccc43)o2)cc1.[Rh+]8,49,25,100,0.392762844,0.32,binol type,"['binol type', 'single P type']",tri-sub
1461,CCOC(=O)/C=C(\NC(C)=O)c1ccc(OC)cc1,CCOC(=O)C[C@H](NC(C)=O)c1ccc(OC)cc1,CO,,Rh,CP(c1cc2c(cc1P(C)C(C)(C)C)OCO2)C(C)(C)C,CP(c1cc2c(cc1P(C)9->C(C)(C)C)OCO2)8->C(C)(C)C.[Rh+]89,3,25,1000,2.637296469,0.977,double P type,['double P type'],tri-sub
8535,COC(=O)/C(=C/c1cc(C)c(C)c(C)c1)NC(C)=O,COC(=O)[C@H](Cc1cc(C)c(C)c(C)c1)NC(C)=O,CO,,Rh,CP(NP(C(C)(C)C)C(C)(C)C)C(C)(C)C,CP(NP(C(C)(C)C)9->C(C)(C)C)8->C(C)(C)C.[Rh+]89,2,25,100,3.134375973,0.99,double P type,['double P type'],tri-sub
5192,CC(=O)N/C(=C\c1ccccc1)C(=O)O,CC(=O)N[C@H](Cc1ccccc1)C(=O)O,ClCCl,,Rh,CN(C)p1oc2ccc3ccccc3c2c2c(ccc3ccccc32)o1,CN(C)p8->1oc2ccc3ccccc3c2c2c(ccc3ccccc32)o1.[Rh+]8,5,25,1000,2.477862753,0.97,binol type,"['binol type', 'single P type']",tri-sub
12015,CCOC(=O)/C=C(\c1ccc(Cl)cc1)[Si](CC)(CC)CC,CCOC(=O)C[C@@H](c1ccc(Cl)cc1)[Si](CC)(CC)CC,OCC(F)(F)F,,Rh,C[C@H](NC(=S)Nc1cc(C(F)(F)F)cc(C(F)(F)F)c1)C1=C(P(c2ccccc2)c2ccccc2)[C@@H]([Fe][C@H]2C=CC=C2P(c2ccccc2)c2ccccc2)C=C1,C[C@H](NC(=S)Nc1cc(C(F)(F)F)cc(C(F)(F)F)c1)C1=C(P(c2ccccc2)9->c2ccccc2)[C@@H]([Fe][C@H]2C=CC=C2P(c2ccccc2)8->c2ccccc2)C=C1.[Rh+]89,50,40,100,0,0,ferrocene type,"['ferrocene type', 'double P type']",tri-sub
1271,COC(=O)/C(=C/c1ccccc1C)NC(C)=O,COC(=O)[C@@H](Cc1ccccc1C)NC(C)=O,CO.Cc1ccccc1,,Rh,C[C@@H](C1=C[C@H]([Fe]C2C=CC=C2)C=C1P(c1ccccc1)c1ccccc1)n1nnc(-c2ccccc2)c1P(c1ccccc1)c1ccccc1,C[C@@H](C1=C[C@H]([Fe]C2C=CC=C2)C=C1P(c1ccccc1)8->c1ccccc1)n1nnc(-c2ccccc2)c1P(c1ccccc1)9->c1ccccc1.[Rh+]89,1,25,100,2.477862753,0.97,ferrocene type,"['ferrocene type', 'double P type']",tri-sub
10143,CCOC(=O)/C=C(\NC(C)=O)c1ccccc1,CCOC(=O)CC(NC(C)=O)c1ccccc1,CO,,Rh,C[C@H](NP(c1ccccc1)c1ccccc1)c1ccccc1P(c1ccccc1)c1ccccc1,C[C@H](NP(c1ccccc1)8->c1ccccc1)c1ccccc1P(c1ccccc1)9->c1ccccc1.[Rh+]89,10,25,100,0,0,double P type,['double P type'],tri-sub
11837,COc1cccc(/C=C2\CCCOC2=O)c1,COc1cccc(C[C@H]2CCCOC2=O)c1,ClCCCl,,Rh,C[C@H](NC(=S)Nc1cc(C(F)(F)F)cc(C(F)(F)F)c1)C1=C(P(c2ccccc2)c2ccccc2)[C@@H]([Fe][C@H]2C=CC=C2P(c2ccccc2)c2ccccc2)C=C1,C[C@H](NC(=S)Nc1cc(C(F)(F)F)cc(C(F)(F)F)c1)C1=C(P(c2ccccc2)9->c2ccccc2)[C@@H]([Fe][C@H]2C=CC=C2P(c2ccccc2)8->c2ccccc2)C=C1.[Rh+]89,50,35,50,2.812260071,0.98,ferrocene type,"['ferrocene type', 'double P type']",tri-sub
4000,CC(=O)N/C(=C\c1ccccc1)C(=O)O,CC(=O)N[C@H](Cc1ccccc1)C(=O)O,ClCCl,,Rh,[BH3-][PH+]1[C@H](C2CCCCC2)COC[C@H]1C1CCCCC1,[BH3-][PH+]8->1[C@H](C2CCCCC2)COC[C@H]1C1CCCCC1.[Rh+]8,1,20,100,1.714265559,0.9,single P type,['single P type'],tri-sub
1504,COC(=O)/C(=C/c1c(C)cc(OC(C)=O)cc1C)NC(C)=O,COC(=O)[C@H](Cc1c(C)cc(OC(C)=O)cc1C)NC(C)=O,ClCCl,,Rh,CP(c1nc2ccccc2nc1P(C)C(C)(C)C)C(C)(C)C,CP(c1nc2ccccc2nc1P(C)8->C(C)(C)C)9->C(C)(C)C.[Rh+]89,20,25,200,3.267102947,0.992,double P type,['double P type'],tri-sub
11122,COC(=O)/C=C(\C#N)c1ccc(F)c(F)c1,COC(=O)C[C@@H](C#N)c1ccc(F)c(F)c1,CO,,Rh,C[C@@H](C1=C(P(c2ccccc2)c2ccccc2)[C@@H]([Fe][C@H]2C=CC=C2P(c2ccccc2)c2ccccc2)C=C1)N(C)C(=S)Nc1cc(C(F)(F)F)cc(C(F)(F)F)c1,C[C@@H](C1=C(P(c2ccccc2)8->c2ccccc2)[C@@H]([Fe][C@H]2C=CC=C2P(c2ccccc2)9->c2ccccc2)C=C1)N(C)C(=S)Nc1cc(C(F)(F)F)cc(C(F)(F)F)c1.[Rh+]89,50,20,100,2.132941996,0.95,ferrocene type,"['ferrocene type', 'double P type']",tri-sub
9609,CC(=O)NC1=Cc2ccccc2CC1,CC(=O)N[C@H]1CCc2ccccc2C1,ClCCl,,Rh,Cc1cc(C(C)(C)C)c2op(OCCP(c3ccccc3)c3ccccc3)oc3c(C(C)(C)C)cc(C)c(C)c3c2c1C,Cc1cc(C(C)(C)C)c2op(OCCP(c3ccccc3)8->c3ccccc3)9->oc3c(C(C)(C)C)cc(C)c(C)c3c2c1C.[Rh+]89,20,25,100,1.30106392,0.8,double P type,['double P type'],tri-sub
4119,COC(=O)/C(=C/c1cccc2ccccc12)NC(C)=O,COC(=O)[C@@H](Cc1cccc2ccccc12)NC(C)=O,ClCCl,,Rh,CN(C)p1oc2ccc3ccccc3c2c2c(ccc3ccccc32)o1,CN(C)p8->1oc2ccc3ccccc3c2c2c(ccc3ccccc32)o1.[Rh+]8,5,25,100,3.134375973,0.99,binol type,"['binol type', 'single P type']",tri-sub
7878,CCOC(=O)/C=C(/NC(C)=O)c1ccccc1,CCOC(=O)C[C@@H](NC(C)=O)c1ccccc1,ClCCl,,Rh,c1ccc2c(c1)ccc1op(C3CCCCC3)oc3ccc4ccccc4c3c12,c1ccc2c(c1)ccc1op(C3CCCCC3)8->oc3ccc4ccccc4c3c12.[Rh+]8,59,25,50,0.262383445,0.218,binol type,"['binol type', 'single P type']",tri-sub
11739,CCOC(=O)/C=C(/B1OC(C)(C)C(C)(C)O1)c1ccc2ccccc2c1,CCOC(=O)C[C@H](B1OC(C)(C)C(C)(C)O1)c1ccc2ccccc2c1,ClCCl,,Rh,C[C@H](NC(=S)Nc1cc(C(F)(F)F)cc(C(F)(F)F)c1)C1=C(P(c2ccccc2)c2ccccc2)[C@@H]([Fe][C@H]2C=CC=C2P(c2ccccc2)c2ccccc2)C=C1,C[C@H](NC(=S)Nc1cc(C(F)(F)F)cc(C(F)(F)F)c1)C1=C(P(c2ccccc2)9->c2ccccc2)[C@@H]([Fe][C@H]2C=CC=C2P(c2ccccc2)8->c2ccccc2)C=C1.[Rh+]89,50,30,100,2.766606499,0.98,ferrocene type,"['ferrocene type', 'double P type']",tri-sub
2775,CC(=O)NC1=Cc2ccccc2CC1,CC(=O)N[C@H]1CCc2ccccc2C1,CCOC(C)=O,,Rh,c1ccc([C@@H]2CC[C@@H](c3ccccc3)N2P2Oc3ccccc3O2)cc1,c1ccc([C@@H]2CC[C@@H](c3ccccc3)N2P8->2Oc3ccccc3O2)cc1.[Rh+]8,25,25,100,0.432787516,0.35,single P type,['single P type'],tri-sub
5619,COC(=O)/C(=C/c1ccc(Cl)cc1)NC(=O)c1ccccc1,COC(=O)[C@@H](Cc1ccc(Cl)cc1)NC(=O)c1ccccc1,C1CCOC1,,Rh,CCN(CC)p1oc2ccc3ccccc3c2c2c(ccc3ccccc32)o1,CCN(CC)p8->1oc2ccc3ccccc3c2c2c(ccc3ccccc32)o1.[Rh+]8,20,25,100,3.267102947,0.992,binol type,"['binol type', 'single P type']",tri-sub
9618,CC(=O)NC1=Cc2ccccc2CC1,CC(=O)N[C@@H]1CCc2ccccc2C1,ClCCl,,Rh,COc1ccccc1P(CCOp1oc2c(C(C)(C)C)cc(C)c(C)c2c2c(C)c(C)cc(C(C)(C)C)c2o1)c1ccccc1,COc1ccccc1P(CCOp9->1oc2c(C(C)(C)C)cc(C)c(C)c2c2c(C)c(C)cc(C(C)(C)C)c2o1)8->c1ccccc1.[Rh+]89,20,25,100,1.208353162,0.77,double P type,['double P type'],tri-sub
2807,COC(=O)/C(=C/c1ccccc1)CC(=O)O,COC(=O)[C@H](CC(=O)O)Cc1ccccc1,C1CCOC1,,Rh,CC(C)(C)P1CCC[C@@H]1[C@H]1CCCP1C(C)(C)C,CC(C)(C)P8->1CCC[C@@H]1[C@H]1CCCP9->1C(C)(C)C.[Rh+]89,1,25,200,2.169340323,0.95,double P type,['double P type'],tri-sub
6523,COC(=O)/C(=C/c1ccccc1)CNC(C)=O,COC(=O)[C@@H](CNC(C)=O)Cc1ccccc1,ClCCl,,Rh,COc1ccc(C(=O)NCc2cccc(COp3oc4ccc5ccccc5c4c4c(ccc5ccccc54)o3)c2)cc1,COc1ccc(C(=O)NCc2cccc(COp8->3oc4ccc5ccccc5c4c4c(ccc5ccccc54)o3)c2)cc1.[Rh+]8,20,25,100,3.134375973,0.99,binol type,"['binol type', 'single P type']",tri-sub
1467,COC(=O)/C=C(\NC(C)=O)c1cc(Cl)cc(Cl)c1,COC(=O)C[C@H](NC(C)=O)c1cc(Cl)cc(Cl)c1,CO,,Rh,CP(c1ccccc1P(C)C(C)(C)C)C(C)(C)C,CP(c1ccccc1P(C)9->C(C)(C)C)8->C(C)(C)C.[Rh+]89,3,25,1000,1.050673587,0.71,double P type,['double P type'],tri-sub
6507,C=C(NC(C)=O)C(=O)OC,COC(=O)[C@@H](C)NC(C)=O,ClCCl,,Rh,COc1ccc(C(=O)NCc2ccc(COp3oc4ccc5ccccc5c4c4c(ccc5ccccc54)o3)cc2)cc1,COc1ccc(C(=O)NCc2ccc(COp8->3oc4ccc5ccccc5c4c4c(ccc5ccccc54)o3)cc2)cc1.[Rh+]8,1,25,100,1.809015734,0.91,binol type,"['binol type', 'single P type']",di-sub
7294,C=C(NC(C)=O)C(=O)OC,COC(=O)[C@@H](C)NC(C)=O,CO,,Rh,C[C@H](c1ccccc1P(c1ccccc1)c1ccccc1)P(C1CCCCC1)C1CCCCC1.O=C[Cr](C=O)C=O,C[C@H](c1ccccc1P(c1ccccc1)8->c1ccccc1)P(C1CCCCC1)9->C1CCCCC1.O=C[Cr](C=O)C=O.[Rh+]89,1,25,100,1.701270269,0.893,double P type,['double P type'],di-sub
6357,COC(=O)C(NC(C)=O)=C(C)C,COC(=O)[C@H](NC(C)=O)C(C)C,CO,,Rh,CP(CCP(C)C(C)(C)C)C(C)(C)C,CP(CCP(C)9->C(C)(C)C)8->C(C)(C)C.[Rh+]89,2,25,100,0.444978162,0.359,double P type,['double P type'],tetra-sub
1606,COC(=O)/C(=C/c1ccc(F)cc1)NC(C)=O,COC(=O)[C@@H](Cc1ccc(F)cc1)NC(C)=O,CCOC(C)=O,,Rh,COC(=O)[C@@H](Cc1ccccc1)N(C)p1oc2ccc3ccccc3c2c2c(ccc3ccccc32)o1,COC(=O)[C@@H](Cc1ccccc1)N(C)p8->1oc2ccc3ccccc3c2c2c(ccc3ccccc32)o1.[Rh+]8,5,25,100,0.432787516,0.35,binol type,"['binol type', 'single P type']",tri-sub
6891,C=C(NC(C)=O)C(=O)OC,COC(=O)[C@H](C)NC(C)=O,ClCCl,,Rh,CO[C@@H]1COC(c2ccccc2)O[C@H]1[C@@H]1OC(c2ccccc2)OC[C@H]1Op1oc2ccc3ccccc3c2c2c(ccc3ccccc32)o1,CO[C@@H]1COC(c2ccccc2)O[C@H]1[C@@H]1OC(c2ccccc2)OC[C@H]1Op8->1oc2ccc3ccccc3c2c2c(ccc3ccccc32)o1.[Rh+]8,1.2,20,100,2.593046528,0.977,binol type,"['binol type', 'single P type']",di-sub
10403,CCOC(=O)/C(F)=C(\Nc1ccccc1)c1ccccc1,CCOC(=O)[C@@H](F)[C@H](Nc1ccccc1)c1ccccc1,ClCCl,,Rh,C[C@H](NC(=S)Nc1cc(C(F)(F)F)cc(C(F)(F)F)c1)C1=C(P(c2ccccc2)c2ccccc2)[C@@H]([Fe][C@H]2C=CC=C2P(c2ccccc2)c2ccccc2)C=C1,C[C@H](NC(=S)Nc1cc(C(F)(F)F)cc(C(F)(F)F)c1)C1=C(P(c2ccccc2)9->c2ccccc2)[C@@H]([Fe][C@H]2C=CC=C2P(c2ccccc2)8->c2ccccc2)C=C1.[Rh+]89,50,25,100,0,0,ferrocene type,"['ferrocene type', 'double P type']",tetra-sub
5229,CC(=O)N/C(=C\c1ccc(F)cc1)C(=O)O,CC(=O)N[C@H](Cc1ccc(F)cc1)C(=O)O,ClCCl,,Rh,CN(C)p1oc2ccc3cc(Br)ccc3c2c2c(ccc3cc(Br)ccc32)o1,CN(C)p8->1oc2ccc3cc(Br)ccc3c2c2c(ccc3cc(Br)ccc32)o1.[Rh+]8,5,25,50,0.878043878,0.63,binol type,"['binol type', 'single P type']",tri-sub
12564,CCOC(=O)/C(NC(C)=O)=C(\OC(C)=O)c1ccccc1F,CCOC(=O)[C@@H](NC(C)=O)[C@H](OC(C)=O)c1ccccc1F,ClCCl,,Rh,CC(C)(C)P1Cc2ccccc2C1[C@H]1c2ccccc2CP1C(C)(C)C,CC(C)(C)P8->1Cc2ccccc2C1[C@H]1c2ccccc2CP9->1C(C)(C)C.[Rh+]89,30,25,50,3.134375973,0.99,double P type,['double P type'],tetra-sub
8536,COC(=O)/C(=C/c1c(C)cc(C)cc1C)NC(C)=O,COC(=O)[C@H](Cc1c(C)cc(C)cc1C)NC(C)=O,CO,,Rh,CP(NP(C(C)(C)C)C(C)(C)C)C(C)(C)C,CP(NP(C(C)(C)C)9->C(C)(C)C)8->C(C)(C)C.[Rh+]89,59,25,33,2.477862753,0.97,double P type,['double P type'],tri-sub
1273,COC(=O)/C(=C/c1ccc(Cl)cc1)NC(C)=O,COC(=O)[C@@H](Cc1ccc(Cl)cc1)NC(C)=O,CO.Cc1ccccc1,,Rh,C[C@@H](C1=C[C@H]([Fe]C2C=CC=C2)C=C1P(c1ccccc1)c1ccccc1)n1nnc(-c2ccccc2)c1P(c1ccccc1)c1ccccc1,C[C@@H](C1=C[C@H]([Fe]C2C=CC=C2)C=C1P(c1ccccc1)8->c1ccccc1)n1nnc(-c2ccccc2)c1P(c1ccccc1)9->c1ccccc1.[Rh+]89,1,25,100,2.720952926,0.98,ferrocene type,"['ferrocene type', 'double P type']",tri-sub
11336,COC(=O)/C(=C\c1ccccc1)NC(C)=O,COC(=O)[C@H](Cc1ccccc1)NC(C)=O,CCO,,Rh,C[C@@H](C1=C(P(c2ccccc2)c2ccccc2P(C(C)(C)C)C(C)(C)C)C=C[C@H]1[Fe]C1C=CC=C1)N(C)C,C[C@@H](C1=C(P(c2ccccc2)8->c2ccccc2P(C(C)(C)C)9->C(C)(C)C)C=C[C@H]1[Fe]C1C=CC=C1)N(C)C.[Rh+]89,10,25,100,0.047396466,0.04,ferrocene type,"['ferrocene type', 'double P type']",tri-sub
1703,COC(=O)/C(=C/c1ccccc1)CNC(C)=O,COC(=O)[C@H](CNC(C)=O)Cc1ccccc1,ClCCl,,Rh,C[C@@H](Np1oc2ccc3ccccc3c2c2c(ccc3ccccc32)o1)c1ccccc1,C[C@@H](Np8->1oc2ccc3ccccc3c2c2c(ccc3ccccc32)o1)c1ccccc1.[Rh+]8,25,25,100,0,0,binol type,"['binol type', 'single P type']",tri-sub
8008,C/C=C(\NC(C)=O)C(=O)OC,CC[C@@H](NC(C)=O)C(=O)OC,ClCCl,,Rh,c1cc2op(N3CCOCC3)oc3ccc4c(c3c2c2c1CCCC2)CCCC4,c1cc2op(N3CCOCC3)8->oc3ccc4c(c3c2c2c1CCCC2)CCCC4.[Rh+]8,5,25,50,2.169340323,0.95,binol type,"['binol type', 'single P type']",tri-sub
4353,COC(=O)/C(=C/c1ccc([N+](=O)[O-])cc1)NC(C)=O,COC(=O)[C@H](Cc1ccc([N+](=O)[O-])cc1)NC(C)=O,CO,,Rh,CC(C)(C)Oc1ccccc1P(CCP(c1ccccc1)c1ccccc1OC(C)(C)C)c1ccccc1,CC(C)(C)Oc1ccccc1P(CCP(c1ccccc1)9->c1ccccc1OC(C)(C)C)8->c1ccccc1.[Rh+]89,1,22,1000,4.455192972,0.999,double P type,['double P type'],tri-sub
11669,CCOC(=O)/C=C(\Sc1ccccc1)c1ccccc1,CCOC(=O)C[C@@H](Sc1ccccc1)c1ccccc1,C1CCOC1,,Rh,C[C@H](NC(=S)Nc1cc(C(F)(F)F)cc(C(F)(F)F)c1)C1=C(P(c2ccccc2)c2ccccc2)[C@@H]([Fe][C@H]2C=CC=C2P(c2ccccc2)c2ccccc2)C=C1,C[C@H](NC(=S)Nc1cc(C(F)(F)F)cc(C(F)(F)F)c1)C1=C(P(c2ccccc2)9->c2ccccc2)[C@@H]([Fe][C@H]2C=CC=C2P(c2ccccc2)8->c2ccccc2)C=C1.[Rh+]89,50,30,100,3.186966174,0.99,ferrocene type,"['ferrocene type', 'double P type']",tri-sub
2971,C=C(NC(C)=O)C(=O)OC,COC(=O)[C@@H](C)NC(C)=O,ClCCl,,Rh,CN(C)p1oc2ccc3ccccc3c2c2c(o1)c(COCc1ccccc1)cc1ccccc12,CN(C)p8->1oc2ccc3ccccc3c2c2c(o1)c(COCc1ccccc1)cc1ccccc12.[Rh+]8,1,25,200,3.134375973,0.99,binol type,"['binol type', 'single P type']",di-sub
1568,C=C(NC(C)=O)C(=O)OC,COC(=O)[C@@H](C)NC(C)=O,ClCCl,,Rh,COc1ccccc1Np1oc2ccc3ccccc3c2c2c(ccc3ccccc32)o1,COc1ccccc1Np8->1oc2ccc3ccccc3c2c2c(ccc3ccccc32)o1.[Rh+]8,1,25,20,1.179797016,0.76,binol type,"['binol type', 'single P type']",di-sub
9033,C=C(NC(C)=O)C(=O)OC,COC(=O)[C@H](C)NC(C)=O,ClCCl,,Rh,C[C@@H](Op1oc2c([Si](C)(C)C)cccc2c2cccc([Si](C)(C)C)c2o1)[C@H]1O[C@@H]2OC(C)(C)O[C@@H]2[C@@H]1Op1oc2c([Si](C)(C)C)cccc2c2cccc([Si](C)(C)C)c2o1,C[C@@H](Op8->1oc2c([Si](C)(C)C)cccc2c2cccc([Si](C)(C)C)c2o1)[C@H]1O[C@@H]2OC(C)(C)O[C@@H]2[C@@H]1Op9->1oc2c([Si](C)(C)C)cccc2c2cccc([Si](C)(C)C)c2o1.[Rh+]89,5,25,100,2.477862753,0.97,double P type,['double P type'],di-sub
5490,COC(=O)/C(=C/c1ccccc1)NC(=O)OCc1ccccc1,COC(=O)[C@@H](Cc1ccccc1)NC(=O)OCc1ccccc1,C1CCOC1,,Rh,Cc1cc(C)cc(S[C@H](C(C)C)[C@@H](C)OP(c2ccccc2)c2ccccc2)c1,Cc1cc(C)cc(S[C@H](C(C)C)[C@@H](C)OP(c2ccccc2)8->c2ccccc2)c1.[Rh+]8,7.8,25,100,2.058336063,0.94,single P type,['single P type'],tri-sub
824,CC(=O)N/C(C)=C/c1cc(OCc2ccccc2)cc(OCc2ccccc2)c1,CC(=O)N[C@H](C)Cc1cc(OCc2ccccc2)cc(OCc2ccccc2)c1,ClCCl,,Rh,CC(C)(C)P1c2c(cccc2-c2c3ccccc3cc3ccccc23)O[C@@H]1[C@H]1Oc2cccc(-c3c4ccccc4cc4ccccc34)c2P1C(C)(C)C,CC(C)(C)P8->1c2c(cccc2-c2c3ccccc3cc3ccccc23)O[C@@H]1[C@H]1Oc2cccc(-c3c4ccccc4cc4ccccc34)c2P9->1C(C)(C)C.[Rh+]89,51,50,200,3.397326978,0.99,double P type,['double P type'],tri-sub
11824,O=C1OCCC/C1=C\c1ccccc1,O=C1OCCC[C@@H]1Cc1ccccc1,ClCCCl,,Rh,C[C@H](NC(=S)Nc1cc(C(F)(F)F)cc(C(F)(F)F)c1)C1=C(P(c2ccccc2)c2ccccc2)[C@@H]([Fe][C@H]2C=CC=C2P(c2ccccc2)c2ccccc2)C=C1,C[C@H](NC(=S)Nc1cc(C(F)(F)F)cc(C(F)(F)F)c1)C1=C(P(c2ccccc2)9->c2ccccc2)[C@@H]([Fe][C@H]2C=CC=C2P(c2ccccc2)8->c2ccccc2)C=C1.[Rh+]89,50,35,100,2.56101251,0.97,ferrocene type,"['ferrocene type', 'double P type']",tri-sub
2326,COC(=O)/C(=C/c1ccc2ccccc2c1)NC(C)=O,COC(=O)[C@H](Cc1ccc2ccccc2c1)NC(C)=O,C1CCOC1.CO,,Rh,C[C@H](C1=C(P(c2ccccc2)c2ccccc2)C=C[C@@H]1[Fe]C1C=CC=C1)N(Cc1ccccc1)P(c1ccccc1)c1ccccc1,C[C@H](C1=C(P(c2ccccc2)8->c2ccccc2)C=C[C@@H]1[Fe]C1C=CC=C1)N(Cc1ccccc1)P(c1ccccc1)9->c1ccccc1.[Rh+]89,1,25,100,1.5454624,0.863,ferrocene type,"['ferrocene type', 'double P type']",tri-sub
11829,COc1ccc(/C=C2\CCCOC2=O)cc1,COc1ccc(C[C@H]2CCCOC2=O)cc1,ClCCCl,,Rh,C[C@H](NC(=S)Nc1cc(C(F)(F)F)cc(C(F)(F)F)c1)C1=C(P(c2ccccc2)c2ccccc2)[C@@H]([Fe][C@H]2C=CC=C2P(c2ccccc2)c2ccccc2)C=C1,C[C@H](NC(=S)Nc1cc(C(F)(F)F)cc(C(F)(F)F)c1)C1=C(P(c2ccccc2)9->c2ccccc2)[C@@H]([Fe][C@H]2C=CC=C2P(c2ccccc2)8->c2ccccc2)C=C1.[Rh+]89,50,35,50,2.812260071,0.98,ferrocene type,"['ferrocene type', 'double P type']",tri-sub
6041,C=C(NC(C)=O)C(=O)OC,COC(=O)[C@H](C)NC(C)=O,ClCCl,,Rh,CC(C)(C)p1oc2ccc3ccccc3c2c2c(ccc3ccccc32)o1,CC(C)(C)p8->1oc2ccc3ccccc3c2c2c(ccc3ccccc32)o1.[Rh+]8,1,25,1000,1.963997164,0.93,binol type,"['binol type', 'single P type']",di-sub
11679,CCOC(=O)/C=C(\Sc1ccccc1)c1ccccc1,CCOC(=O)C[C@@H](Sc1ccccc1)c1ccccc1,ClCCl,,Rh,C[C@H](NC(=S)Nc1ccccc1)C1=C(P(c2ccccc2)c2ccccc2)C=C[C@H]1[Fe][C@H]1C=CC=C1P(c1ccccc1)c1ccccc1,C[C@H](NC(=S)Nc1ccccc1)C1=C(P(c2ccccc2)9->c2ccccc2)C=C[C@H]1[Fe][C@H]1C=CC=C1P(c1ccccc1)8->c1ccccc1.[Rh+]89,50,30,100,3.186966174,0.99,ferrocene type,"['ferrocene type', 'double P type']",tri-sub
2376,CC(C)(C)OC(=O)C(=O)N/C(=C\C1CC1)C(=O)OCc1ccccc1,CC(C)(C)OC(=O)C(=O)N[C@@H](CC1CC1)C(=O)OCc1ccccc1,C1CCOC1.CO,,Rh,C[C@H](C1=C(P(c2ccccc2)c2ccccc2)C=C[C@@H]1[Fe]C1C=CC=C1)N(C)P(c1ccc(Cl)cc1)c1ccc(Cl)cc1,C[C@H](C1=C(P(c2ccccc2)8->c2ccccc2)C=C[C@@H]1[Fe]C1C=CC=C1)N(C)P(c1ccc(Cl)cc1)9->c1ccc(Cl)cc1.[Rh+]89,1,25,100,2.854280119,0.984,ferrocene type,"['ferrocene type', 'double P type']",tri-sub
11322,C=C(NC(C)=O)C(=O)OC,COC(=O)[C@H](C)NC(C)=O,CCO,,Rh,C[C@@H](C1=C(P(c2ccccc2)c2ccccc2P(c2ccccc2)c2ccccc2)C=C[C@H]1[Fe]C1C=CC=C1)N(C)C,C[C@@H](C1=C(P(c2ccccc2)8->c2ccccc2P(c2ccccc2)9->c2ccccc2)C=C[C@H]1[Fe]C1C=CC=C1)N(C)C.[Rh+]89,10,25,100,0.252454438,0.21,ferrocene type,"['ferrocene type', 'double P type']",di-sub
11285,COC(=O)/C(NC(C)=O)=C(/c1ccccc1)c1cn(C(=O)OC(C)(C)C)c2ncccc12,COC(=O)[C@@H](NC(C)=O)[C@@H](c1ccccc1)c1cn(C(=O)OC(C)(C)C)c2ncccc12,CO,,Rh,Cc1cc(C)cc(P(c2cc(C)cc(C)c2)c2ccccc2[C@H](O)C2=C[C@H]([Fe]C3C=CC=C3)C=C2P(c2ccccc2)c2ccccc2)c1,Cc1cc(C)cc(P(c2cc(C)cc(C)c2)8->c2ccccc2[C@H](O)C2=C[C@H]([Fe]C3C=CC=C3)C=C2P(c2ccccc2)9->c2ccccc2)c1.[Rh+]89,34,40,5,2.062856082,0.93,ferrocene type,"['ferrocene type', 'double P type']",tetra-sub
2394,CC(=O)N/C(=C\c1ccccc1)C(=O)O,CC(=O)N[C@@H](Cc1ccccc1)C(=O)O,C1CCOC1.CO,,Rh,C[C@H](C1=C(P(c2ccccc2)c2ccccc2)C=C[C@@H]1[Fe]C1C=CC=C1)N(C)P(c1ccc(Cl)c(Cl)c1)c1ccc(Cl)c(Cl)c1,C[C@H](C1=C(P(c2ccccc2)8->c2ccccc2)C=C[C@@H]1[Fe]C1C=CC=C1)N(C)P(c1ccc(Cl)c(Cl)c1)9->c1ccc(Cl)c(Cl)c1.[Rh+]89,1,25,100,3.267102947,0.992,ferrocene type,"['ferrocene type', 'double P type']",tri-sub
5484,COC(=O)/C(=C\c1ccccc1)NC(=O)c1ccccc1,COC(=O)[C@H](Cc1ccccc1)NC(=O)c1ccccc1,C1CCOC1,,Rh,CC(C)(C)S[C@H]1CCCC[C@@H]1OP(c1ccccc1)c1ccccc1,CC(C)(C)S[C@H]1CCCC[C@@H]1OP(c1ccccc1)8->c1ccccc1.[Rh+]8,7.8,25,100,2.058336063,0.94,single P type,['single P type'],tri-sub
9980,CC(=O)NC1=Cc2c(C)cccc2C1=O,CC(=O)N[C@H]1Cc2c(C)cccc2C1=O,CCOC(C)=O,,Rh,CP(CP(C(C)(C)C)C(C)(C)C)C(C)(C)C,CP(CP(C(C)(C)C)9->C(C)(C)C)8->C(C)(C)C.[Rh+]89,3,25,100,3.134375973,0.99,double P type,['double P type'],tri-sub
11326,C=C(NC(C)=O)C(=O)OC,COC(=O)[C@H](C)NC(C)=O,CCO,,Rh,C[C@@H](C1=C(P(c2ccccc2)c2ccccc2P(C(C)(C)C)C(C)(C)C)C=C[C@H]1[Fe]C1C=CC=C1)N(C)C,C[C@@H](C1=C(P(c2ccccc2)8->c2ccccc2P(C(C)(C)C)9->C(C)(C)C)C=C[C@H]1[Fe]C1C=CC=C1)N(C)C.[Rh+]89,10,25,100,0.118825087,0.1,ferrocene type,"['ferrocene type', 'double P type']",di-sub
5441,C=C(NC(C)=O)C(=O)OC,COC(=O)[C@@H](C)NC(C)=O,CCOC(C)=O,,Rh,CN(C)p1oc2ccc3ccccc3c2c2c(ccc3ccccc32)o1,CN(C)p8->1oc2ccc3ccccc3c2c2c(ccc3ccccc32)o1.[Rh+]8,1,25,20,3.678730759,0.996,binol type,"['binol type', 'single P type']",di-sub
11119,COC(=O)/C=C(\C#N)c1cccc(F)c1,COC(=O)C[C@@H](C#N)c1cccc(F)c1,CO,,Rh,C[C@H](NC(=S)Nc1cc(C(F)(F)F)cc(C(F)(F)F)c1)C1=C(P(c2ccccc2)c2ccccc2)[C@@H]([Fe][C@H]2C=CC=C2P(c2ccccc2)c2ccccc2)C=C1,C[C@H](NC(=S)Nc1cc(C(F)(F)F)cc(C(F)(F)F)c1)C1=C(P(c2ccccc2)9->c2ccccc2)[C@@H]([Fe][C@H]2C=CC=C2P(c2ccccc2)8->c2ccccc2)C=C1.[Rh+]89,50,35,100,2.127407743,0.94,ferrocene type,"['ferrocene type', 'double P type']",tri-sub
5618,COC(=O)/C(=C/c1ccc(F)cc1)NC(=O)c1ccccc1,COC(=O)[C@@H](Cc1ccc(F)cc1)NC(=O)c1ccccc1,C1CCOC1,,Rh,CCN(CC)p1oc2ccc3ccccc3c2c2c(ccc3ccccc32)o1,CCN(CC)p8->1oc2ccc3ccccc3c2c2c(ccc3ccccc32)o1.[Rh+]8,20,25,100,4.500500019,0.999,binol type,"['binol type', 'single P type']",tri-sub
8934,CC(C)OC(=O)/C=C(\CP(=O)(OC(C)C)OC(C)C)c1ccccc1,CC(C)OC(=O)CC(CP(=O)(OC(C)C)OC(C)C)c1ccccc1,ClCCl,,Rh,C[C@@H](C1=C[C@H]([Fe]C2C=CC=C2)C=C1P(c1ccccc1)c1ccccc1)N(C)P(c1ccccc1)c1ccccc1,C[C@@H](C1=C[C@H]([Fe]C2C=CC=C2)C=C1P(c1ccccc1)8->c1ccccc1)N(C)P(c1ccccc1)9->c1ccccc1.[Rh+]89,59,25,100,0.366557696,0.3,ferrocene type,"['ferrocene type', 'double P type']",tri-sub
1732,COC(=O)/C(=C/c1ccc(C)cc1)NC(C)=O,COC(=O)[C@H](Cc1ccc(C)cc1)NC(C)=O,C1CCOC1,,Rh,C[C@H](C1=C(P(c2ccccc2)c2ccccc2)[C@H]([Fe]C2C=CC=C2)C=C1)N(C)p1oc2ccc3ccccc3c2c2c(ccc3ccccc32)o1,C[C@H](C1=C(P(c2ccccc2)8->c2ccccc2)[C@H]([Fe]C2C=CC=C2)C=C1)N(C)p9->1oc2ccc3ccccc3c2c2c(ccc3ccccc32)o1.[Rh+]89,20.7,25,100,2.56379954,0.974,binol type,"['binol type', 'ferrocene type', 'double P type']",tri-sub
2310,CC(=O)N/C(=C\c1ccccc1)C(=O)O,CC(=O)N[C@@H](Cc1ccccc1)C(=O)O,C1CCOC1.CO,,Rh,C[C@H](C1=C(P(c2ccccc2)c2ccccc2)C=C[C@@H]1[Fe]C1C=CC=C1)N(P(c1ccccc1)c1ccccc1)C(C)(C)C,C[C@H](C1=C(P(c2ccccc2)8->c2ccccc2)C=C[C@@H]1[Fe]C1C=CC=C1)N(P(c1ccccc1)9->c1ccccc1)C(C)(C)C.[Rh+]89,1,25,100,1.168662056,0.756,ferrocene type,"['ferrocene type', 'double P type']",tri-sub
11612,COC(=O)/C(OC(C)=O)=C(\NC(C)=O)c1ccc(C2CCCCC2)cc1,COC(=O)[C@H](OC(C)=O)[C@@H](NC(C)=O)c1ccc(C2CCCCC2)cc1,ClCCl,,Rh,CC(C)(C)P1Cc2ccccc2[C@H]1[C@@H]1c2ccccc2CP1C(C)(C)C,CC(C)(C)P8->1Cc2ccccc2[C@H]1[C@@H]1c2ccccc2CP9->1C(C)(C)C.[Rh+]89,30,25,100,2.058336063,0.94,double P type,['double P type'],tetra-sub
8318,CC(=O)N/C(=C\c1ccccc1)C(=O)O,CC(=O)N[C@H](Cc1ccccc1)C(=O)O,CO,,Rh,CP(CP(C(C)(C)C)C(C)(C)C)C(C)(C)C,CP(CP(C(C)(C)C)9->C(C)(C)C)8->C(C)(C)C.[Rh+]89,3.06,20,100,3.081785772,0.99,double P type,['double P type'],tri-sub
8006,C/C=C(\NC(C)=O)C(=O)OC,CC[C@@H](NC(C)=O)C(=O)OC,ClCCl,,Rh,c1cc2op(N3CCCCCC3)oc3ccc4c(c3c2c2c1CCCC2)CCCC4,c1cc2op(N3CCCCCC3)8->oc3ccc4c(c3c2c2c1CCCC2)CCCC4.[Rh+]8,5,25,50,1.578738765,0.87,binol type,"['binol type', 'single P type']",tri-sub
7982,COC(=O)/C=C(\NC(C)=O)c1ccccc1,COOCC[C@@H](NC(C)=O)c1ccccc1,CCOC(C)=O,,Rh,CN(C)P1Oc2cccc3c2C2(CC3)CCc3cccc(c32)O1,CN(C)P8->1Oc2cccc3c2C2(CC3)CCc3cccc(c32)O1.[Rh+]8,100,25,50,0.619359515,0.48,single P type,['single P type'],tri-sub
1558,CCOC(=O)/C(=C/c1ccccc1)NC(C)=O,CCOC(=O)[C@H](Cc1ccccc1)NC(C)=O,ClCCl,,Rh,COC[C@@H]1CCCN1p1oc2ccc3ccccc3c2c2c(ccc3ccccc32)o1,COC[C@@H]1CCCN1p8->1oc2ccc3ccccc3c2c2c(ccc3ccccc32)o1.[Rh+]8,10,25,100,1.743519237,0.9,binol type,"['binol type', 'single P type']",tri-sub
9052,CC(=O)N/C(=C\c1ccccc1)C(=O)O,CC(=O)N[C@H](Cc1ccccc1)C(=O)O,CC(C)O,,Rh,Cc1ccccc1P(CCP(c1ccccc1)c1ccccc1C)c1ccccc1,Cc1ccccc1P(CCP(c1ccccc1)9->c1ccccc1C)8->c1ccccc1.[Rh+]89,3,50,100,3.397326978,0.99,double P type,['double P type'],tri-sub
1885,COC(=O)/C(=C/c1ccc(Cl)cc1)NC(C)=O,COC(=O)[C@H](Cc1ccc(Cl)cc1)NC(C)=O,ClCCl,,Rh,c1ccc(N(N(c2ccccc2)p2oc3ccc4ccccc4c3c3c(ccc4ccccc43)o2)p2oc3ccc4ccccc4c3c3c(ccc4ccccc43)o2)cc1,c1ccc(N(N(c2ccccc2)p8->2oc3ccc4ccccc4c3c3c(ccc4ccccc43)o2)p9->2oc3ccc4ccccc4c3c3c(ccc4ccccc43)o2)cc1.[Rh+]89,5,25,100,1.743519237,0.9,binol type,"['binol type', 'double P type']",tri-sub
9151,CCC(=O)NC1=Cc2ccccc2CC1,CCC(=O)NC1CCc2ccccc2C1,ClCCl,,Rh,O=C(Nc1ccccc1)N[C@@H](c1ccccc1)[C@H](c1ccccc1)P(c1ccccc1)c1ccccc1,O=C(Nc1ccccc1)N[C@@H](c1ccccc1)[C@H](c1ccccc1)P(c1ccccc1)8->c1ccccc1.[Rh+]8,20,25,50,0.071142218,0.06,single P type,['single P type'],tri-sub
9048,CC(=O)N/C(=C\c1ccccc1)C(=O)O,CC(=O)N[C@H](Cc1ccccc1)C(=O)O,CC(C)O,,Rh,COc1ccccc1P(CCP(c1ccccc1)c1ccccc1OC)c1ccccc1,COc1ccccc1P(CCP(c1ccccc1)9->c1ccccc1OC)8->c1ccccc1.[Rh+]89,3,50,100,2.497831984,0.96,double P type,['double P type'],tri-sub
1431,CC(=O)N/C(=C\c1cccc(F)c1)C(=O)O,CC(=O)N[C@H](Cc1cccc(F)c1)C(=O)O,CO,,Rh,CP(c1ccccc1P(C)C(C)(C)C)C(C)(C)C,CP(c1ccccc1P(C)9->C(C)(C)C)8->C(C)(C)C.[Rh+]89,3,25,1000,3.438045145,0.994,double P type,['double P type'],tri-sub
11235,CC(=O)N/C(C#N)=C/c1ccccc1,CC(=O)N[C@@H](C#N)Cc1ccccc1,CO,,Rh,CP(c1nc2ccccc2nc1P(C)C(C)(C)C)C(C)(C)C,CP(c1nc2ccccc2nc1P(C)8->C(C)(C)C)9->C(C)(C)C.[Rh+]89,30,25,100,3.134375973,0.99,double P type,['double P type'],tri-sub
9534,COC(=O)/C(=C/Sc1ccccc1)NC(C)=O,COC(=O)[C@@H](CSc1ccccc1)NC(C)=O,CC(C)=O,,Rh,c1ccc(P(c2ccccc2)c2cc3ccccc3c3c2op(N2CCCCC2)oc2c(P(c4ccccc4)c4ccccc4)cc4ccccc4c23)cc1,c1ccc(P(c2ccccc2)c2cc3ccccc3c3c2op(N2CCCCC2)9->oc2c(P(c4ccccc4)8->c4ccccc4)cc4ccccc4c23)cc1.[Rh+]89,1,25,100,2.43904547,0.968,binol type,"['binol type', 'double P type']",tri-sub
1669,CC(=O)NC1=Cc2ccccc2CC1,CC(=O)N[C@H]1CCc2ccccc2C1,ClCCl,,Rh,c1ccc(N2CCN(p3oc4ccc5ccccc5c4c4c(ccc5ccccc54)o3)CC2)cc1,c1ccc(N2CCN(p8->3oc4ccc5ccccc5c4c4c(ccc5ccccc54)o3)CC2)cc1.[Rh+]8,25,25,50,0.09494525,0.08,binol type,"['binol type', 'single P type']",tri-sub
3562,COC(=O)/C(=C/c1ccc(OC)cc1)NC(C)=O,COC(=O)[C@@H](Cc1ccc(OC)cc1)NC(C)=O,C1CCOC1,,Rh,COC[C@H](Op1oc2ccc3ccccc3c2c2c(ccc3ccccc32)o1)[C@@H](c1ccccc1)P(c1ccccc1)c1ccccc1,COC[C@H](Op9->1oc2ccc3ccccc3c2c2c(ccc3ccccc32)o1)[C@@H](c1ccccc1)P(c1ccccc1)8->c1ccccc1.[Rh+]89,20,25,100,3.134375973,0.99,binol type,"['binol type', 'double P type']",tri-sub
11604,CCOC(=O)/C(OC(C)=O)=C(\NC(C)=O)c1ccccc1,CCOC(=O)[C@H](OC(C)=O)[C@@H](NC(C)=O)c1ccccc1,ClCCl,,Rh,CC(C)(C)P1Cc2ccccc2[C@H]1[C@@H]1c2ccccc2CP1C(C)(C)C,CC(C)(C)P8->1Cc2ccccc2[C@H]1[C@@H]1c2ccccc2CP9->1C(C)(C)C.[Rh+]89,50,25,100,1.881851867,0.92,double P type,['double P type'],tetra-sub
11127,COC(=O)/C=C(\C#N)c1cc(F)c(F)c(F)c1,COC(=O)C[C@@H](C#N)c1cc(F)c(F)c(F)c1,CO,,Rh,C[C@H](NC(=S)Nc1cc(C(F)(F)F)cc(C(F)(F)F)c1)C1=C(P(c2ccccc2)c2ccccc2)[C@@H]([Fe][C@H]2C=CC=C2P(c2ccccc2)c2ccccc2)C=C1,C[C@H](NC(=S)Nc1cc(C(F)(F)F)cc(C(F)(F)F)c1)C1=C(P(c2ccccc2)9->c2ccccc2)[C@@H]([Fe][C@H]2C=CC=C2P(c2ccccc2)8->c2ccccc2)C=C1.[Rh+]89,50,35,100,1.683967589,0.88,ferrocene type,"['ferrocene type', 'double P type']",tri-sub
1557,CCOC(=O)/C(=C/c1ccccc1)NC(C)=O,CCOC(=O)[C@H](Cc1ccccc1)NC(C)=O,ClCCl,,Rh,COC[C@@H]1CCCN1p1oc2ccc3ccccc3c2c2c(ccc3ccccc32)o1,COC[C@@H]1CCCN1p8->1oc2ccc3ccccc3c2c2c(ccc3ccccc32)o1.[Rh+]8,10,25,100,0,0,binol type,"['binol type', 'single P type']",tri-sub
11707,CCOC(=O)/C=C(\Sc1ccccc1)c1ccc(F)cc1,CCOC(=O)C[C@H](Sc1ccccc1)c1ccc(F)cc1,OCC(F)(F)F,,Rh,C[C@H](NC(=S)Nc1cc(C(F)(F)F)cc(C(F)(F)F)c1)C1=C(P(c2ccccc2)c2ccccc2)[C@@H]([Fe][C@H]2C=CC=C2P(c2ccccc2)c2ccccc2)C=C1,C[C@H](NC(=S)Nc1cc(C(F)(F)F)cc(C(F)(F)F)c1)C1=C(P(c2ccccc2)9->c2ccccc2)[C@@H]([Fe][C@H]2C=CC=C2P(c2ccccc2)8->c2ccccc2)C=C1.[Rh+]89,50,60,100,2.575164243,0.96,ferrocene type,"['ferrocene type', 'double P type']",tri-sub
1835,CC(=O)N/C(=C\c1ccccc1)C(=O)O,CC(=O)N[C@@H](Cc1ccccc1)C(=O)O,C1CCOC1,,Rh,CC[C@H](COP(c1ccccc1)c1ccccc1)N(C)p1oc2ccc3ccccc3c2c2c(ccc3ccccc32)o1,CC[C@H](COP(c1ccccc1)8->c1ccccc1)N(C)p9->1oc2ccc3ccccc3c2c2c(ccc3ccccc32)o1.[Rh+]89,1,0,100,0.265562072,0.24,binol type,"['binol type', 'double P type']",tri-sub
3273,COC(=O)/C(=C/c1ccccc1)COC(C)=O,COC(=O)C(COC(C)=O)Cc1ccccc1,ClCCl,,Rh,O=C(NCc1cccc(COp2oc3ccc4ccccc4c3c3c(ccc4ccccc43)o2)c1)c1ccccc1C(=O)Nc1cc(C(F)(F)F)cc(C(F)(F)F)c1,O=C(NCc1cccc(COp8->2oc3ccc4ccccc4c3c3c(ccc4ccccc43)o2)c1)c1ccccc1C(=O)Nc1cc(C(F)(F)F)cc(C(F)(F)F)c1.[Rh+]8,49,25,100,0,0,binol type,"['binol type', 'single P type']",tri-sub
7331,C=C(NC(C)=O)C(=O)OC,COC(=O)[C@H](C)NC(C)=O,ClCCl,,Rh,C[C@@H](c1ccccc1)N([C@@H](C)c1ccccc1)p1oc2ccccc2c2ccccc2o1,C[C@@H](c1ccccc1)N([C@@H](C)c1ccccc1)p8->1oc2ccccc2c2ccccc2o1.[Rh+]8,1,25,100,0.682547308,0.52,single P type,['single P type'],di-sub
1683,C=C(NC(C)=O)C(=O)OC,COC(=O)[C@H](C)NC(C)=O,ClCCl,,Rh,O=S(=Np1oc2ccc3ccccc3c2c2c(ccc3ccccc32)o1)(c1ccccc1)c1ccccc1,O=S(=N9->p8->1oc2ccc3ccccc3c2c2c(ccc3ccccc32)o1)(c1ccccc1)c1ccccc1.[Rh+]89,1.3,25,500,2.78393889,0.982,binol type,"['binol type', 'P,N type']",di-sub
11809,O=C1OCCC/C1=C\c1ccccc1,O=C1OCCC[C@@H]1Cc1ccccc1,CCOC(C)=O,,Rh,C[C@@H](C1=C(P(c2ccccc2)c2ccccc2)[C@@H]([Fe][C@H]2C=CC=C2P(c2ccccc2)c2ccccc2)C=C1)N(C)C(=S)Nc1cc(C(F)(F)F)cc(C(F)(F)F)c1,C[C@@H](C1=C(P(c2ccccc2)8->c2ccccc2)[C@@H]([Fe][C@H]2C=CC=C2P(c2ccccc2)9->c2ccccc2)C=C1)N(C)C(=S)Nc1cc(C(F)(F)F)cc(C(F)(F)F)c1.[Rh+]89,30,25,100,1.179797016,0.76,ferrocene type,"['ferrocene type', 'double P type']",tri-sub
7997,C/C=C(\NC(C)=O)C(=O)OC,CC[C@@H](NC(C)=O)C(=O)OC,ClCCl,,Rh,CN(C)p1oc2ccc3ccccc3c2c2c(ccc3ccccc32)o1,CN(C)p8->1oc2ccc3ccccc3c2c2c(ccc3ccccc32)o1.[Rh+]8,5,25,50,2.477862753,0.97,binol type,"['binol type', 'single P type']",tri-sub
2736,C=C(NC(C)=O)C(=O)OC,COC(=O)[C@@H](C)NC(C)=O,ClCCl,,Rh,c1ccc([C@@H]2CC[C@@H](c3ccccc3)N2P2Oc3ccccc3O2)cc1,c1ccc([C@@H]2CC[C@@H](c3ccccc3)N2P8->2Oc3ccccc3O2)cc1.[Rh+]8,1,25,100,0.938912865,0.66,single P type,['single P type'],di-sub
3271,COC(=O)/C(=C/c1ccccc1)CN(C)C(C)=O,COC(=O)C(Cc1ccccc1)CN(C)C(C)=O,ClCCl,,Rh,CCCCc1ccc(N(C)C(=O)c2ccccc2C(=O)N(C)c2cccc(COp3oc4ccc5ccccc5c4c4c(ccc5ccccc54)o3)c2)cc1,CCCCc1ccc(N(C)C(=O)c2ccccc2C(=O)N(C)c2cccc(COp8->3oc4ccc5ccccc5c4c4c(ccc5ccccc54)o3)c2)cc1.[Rh+]8,49,25,100,1.629293317,0.88,binol type,"['binol type', 'single P type']",tri-sub
7301,C=C(NC(C)=O)C(=O)OC,COC(=O)[C@@H](C)NC(C)=O,CO,,Rh,Cc1cc(C)cc(P(c2cc(C)cc(C)c2)[C@H](C)c2ccccc2P(c2ccccc2)c2ccccc2)c1.O=C[Cr](C=O)C=O,Cc1cc(C)cc(P(c2cc(C)cc(C)c2)8->[C@H](C)c2ccccc2P(c2ccccc2)9->c2ccccc2)c1.O=C[Cr](C=O)C=O.[Rh+]89,1,25,100,0.121218057,0.102,double P type,['double P type'],di-sub
2362,CC(C)(C)OC(=O)C(=O)N/C(=C\C1CC1)C(=O)OCc1ccccc1,CC(C)(C)OC(=O)C(=O)N[C@@H](CC1CC1)C(=O)OCc1ccccc1,C1CCOC1.CO,,Rh,Cc1cc(C)cc(P(c2cc(C)cc(C)c2)N(C)[C@H](C)C2=C(P(c3ccccc3)c3ccccc3)C=C[C@@H]2[Fe]C2C=CC=C2)c1,Cc1cc(C)cc(P(c2cc(C)cc(C)c2)8->N(C)[C@H](C)C2=C(P(c3ccccc3)9->c3ccccc3)C=C[C@@H]2[Fe]C2C=CC=C2)c1.[Rh+]89,1,25,100,2.206889491,0.953,ferrocene type,"['ferrocene type', 'double P type']",tri-sub
9619,O=C(NC1=Cc2ccccc2CC1)c1ccccc1,O=C(N[C@H]1CCc2ccccc2C1)c1ccccc1,ClCCl,,Rh,COc1ccccc1P(CCOp1oc2c(C(C)(C)C)cc(C)c(C)c2c2c(C)c(C)cc(C(C)(C)C)c2o1)c1ccccc1,COc1ccccc1P(CCOp9->1oc2c(C(C)(C)C)cc(C)c(C)c2c2c(C)c(C)cc(C(C)(C)C)c2o1)8->c1ccccc1.[Rh+]89,20,25,100,1.963997164,0.93,double P type,['double P type'],tri-sub
12594,O=C1C=C(c2ccccc2)C(=O)O1,O=C1C[C@H](c2ccccc2)C(=O)O1,ClCCl,,Rh,CC(C)(C)P1Cc2ccc3ccccc3c2-c2c(ccc3ccccc23)[C@@H]1[C@H]1c2ccc3ccccc3c2-c2c(ccc3ccccc23)CP1C(C)(C)C,CC(C)(C)P8->1Cc2ccc3ccccc3c2-c2c(ccc3ccccc23)[C@@H]1[C@H]1c2ccc3ccccc3c2-c2c(ccc3ccccc23)CP9->1C(C)(C)C.[Rh+]89,30,25,100,0.118825087,0.1,binol type,"['binol type', 'double P type']",tri-sub
2373,CC(=O)N/C(=C\c1ccccc1)C(=O)O,CC(=O)N[C@@H](Cc1ccccc1)C(=O)O,C1CCOC1.CO,,Rh,C[C@H](C1=C(P(c2ccccc2)c2ccccc2)C=C[C@@H]1[Fe]C1C=CC=C1)N(C)P(c1ccc(Cl)cc1)c1ccc(Cl)cc1,C[C@H](C1=C(P(c2ccccc2)8->c2ccccc2)C=C[C@@H]1[Fe]C1C=CC=C1)N(C)P(c1ccc(Cl)cc1)9->c1ccc(Cl)cc1.[Rh+]89,1,25,100,3.134375973,0.99,ferrocene type,"['ferrocene type', 'double P type']",tri-sub
8952,COC(=O)/C=C(\CP(=O)(OC)OC)c1ccc2ccccc2c1,COC(=O)CC(CP(=O)(OC)OC)c1ccc2ccccc2c1,ClCCl,,Rh,C[C@@H](C1=C([P@](c2ccccc2)c2cccc3ccccc23)C=C[C@H]1[Fe]C1C=CC=C1)N(C)P(c1ccc(C(F)(F)F)cc1)c1ccc(C(F)(F)F)cc1,C[C@@H](C1=C([P@](c2ccccc2)9->c2cccc3ccccc23)C=C[C@H]1[Fe]C1C=CC=C1)N(C)P(c1ccc(C(F)(F)F)cc1)8->c1ccc(C(F)(F)F)cc1.[Rh+]89,59,25,100,2.058336063,0.94,ferrocene type,"['ferrocene type', 'double P type']",tri-sub
8524,[H]/C=C(\NC(C)=O)C(=O)OC,COC(=O)[C@H](C)NC(C)=O,CO,,Rh,CP(CP(C(C)(C)C)C(C)(C)C)C(C)(C)C,CP(CP(C(C)(C)C)9->C(C)(C)C)8->C(C)(C)C.[Rh+]89,5,25,10000,3.134375973,0.99,double P type,['double P type'],di-sub
11607,COC(=O)/C(OC(C)=O)=C(\NC(C)=O)c1ccc(Cl)cc1,COC(=O)[C@H](OC(C)=O)[C@@H](NC(C)=O)c1ccc(Cl)cc1,ClCCl,,Rh,CC(C)(C)P1Cc2ccccc2[C@H]1[C@@H]1c2ccccc2CP1C(C)(C)C,CC(C)(C)P8->1Cc2ccccc2[C@H]1[C@@H]1c2ccccc2CP9->1C(C)(C)C.[Rh+]89,30,25,100,2.477862753,0.97,double P type,['double P type'],tetra-sub
222,COC(=O)/C(=C\c1ccc(Cl)cc1)NC(C)=O,COC(=O)[C@H](Cc1ccc(Cl)cc1)NC(C)=O,ClCCl,,Rh,Cc1ccccc1OP(Oc1ccccc1C)N(c1ccccc1C)N(c1ccccc1C)p1oc2ccc3ccccc3c2c2c(ccc3ccccc32)o1,Cc1ccccc1OP(Oc1ccccc1C)8->N(c1ccccc1C)N(c1ccccc1C)p9->1oc2ccc3ccccc3c2c2c(ccc3ccccc32)o1.[Rh+]89,5,25,100,0.118825087,0.1,binol type,"['binol type', 'double P type']",tri-sub
12562,CCOC(=O)/C(NC(C)=O)=C(\OC(C)=O)c1cccc(OC)c1,CCOC(=O)[C@@H](NC(C)=O)[C@H](OC(C)=O)c1cccc(OC)c1,ClCCl,,Rh,CC(C)(C)P1Cc2ccccc2C1[C@H]1c2ccccc2CP1C(C)(C)C,CC(C)(C)P8->1Cc2ccccc2C1[C@H]1c2ccccc2CP9->1C(C)(C)C.[Rh+]89,30,25,50,3.134375973,0.99,double P type,['double P type'],tetra-sub
11114,COC(=O)/C=C(\C#N)c1ccc(Cl)cc1,COC(=O)C[C@@H](C#N)c1ccc(Cl)cc1,CO,,Rh,C[C@@H](C1=C(P(c2ccccc2)c2ccccc2)[C@@H]([Fe][C@H]2C=CC=C2P(c2ccccc2)c2ccccc2)C=C1)N(C)C(=S)Nc1cc(C(F)(F)F)cc(C(F)(F)F)c1,C[C@@H](C1=C(P(c2ccccc2)8->c2ccccc2)[C@@H]([Fe][C@H]2C=CC=C2P(c2ccccc2)9->c2ccccc2)C=C1)N(C)C(=S)Nc1cc(C(F)(F)F)cc(C(F)(F)F)c1.[Rh+]89,50,20,100,2.436287875,0.97,ferrocene type,"['ferrocene type', 'double P type']",tri-sub
7879,CCOC(=O)/C=C(/NC(C)=O)c1ccccc1,CCOC(=O)C[C@@H](NC(C)=O)c1ccccc1,ClCCl,,Rh,CC(C)(C)p1oc2ccc3ccccc3c2c2c(ccc3ccccc32)o1,CC(C)(C)p8->1oc2ccc3ccccc3c2c2c(ccc3ccccc32)o1.[Rh+]8,59,25,50,0.38223751,0.312,binol type,"['binol type', 'single P type']",tri-sub
5616,COC(=O)/C(=C/c1ccc(OC(C)=O)cc1)NC(C)=O,COC(=O)[C@@H](Cc1ccc(OC(C)=O)cc1)NC(C)=O,C1CCOC1,,Rh,CCN(CC)p1oc2ccc3ccccc3c2c2c(ccc3ccccc32)o1,CCN(CC)p8->1oc2ccc3ccccc3c2c2c(ccc3ccccc32)o1.[Rh+]8,20,25,100,3.438045145,0.994,binol type,"['binol type', 'single P type']",tri-sub
11946,COC(=O)/C(=C/C(C)=C/c1ccccc1)NC(C)=O,COC(=O)[C@@H](C/C(C)=C/c1ccccc1)NC(C)=O,ClCCl,,Rh,CC(C)(C)P1CCC[C@@H]1[C@H]1CCCP1C(C)(C)C,CC(C)(C)P8->1CCC[C@@H]1[C@H]1CCCP9->1C(C)(C)C.[Rh+]89,1.5,25,3000,3.134375973,0.99,double P type,['double P type'],tri-sub
4596,[H]/C=C(/NC(C)=O)C(=O)OC.[H]/C=C(/NC(C)=O)C(=O)OC,COC(=O)[C@@H](C)NC(C)=O,ClCCl,,Rh,C[C@H]1[C@H](Op2oc3ccccc3c3ccccc3o2)C[C@@H]2C[C@H]1C2(C)C,C[C@H]1[C@H](Op8->2oc3ccccc3c3ccccc3o2)C[C@@H]2C[C@H]1C2(C)C.[Rh+]8,1,60,500,0.338006326,0.25,single P type,['single P type'],di-sub
6461,C=C(NC(C)=O)C(=O)OC,COC(=O)[C@@H](C)NC(C)=O,ClCCl,,Rh,c1ccc(Op2oc3ccc4ccccc4c3c3c(ccc4ccccc43)o2)cc1,c1ccc(Op8->2oc3ccc4ccccc4c3c3c(ccc4ccccc43)o2)cc1.[Rh+]8,1,25,100,1.44621066,0.84,binol type,"['binol type', 'single P type']",di-sub
11600,CCOC(=O)/C(OC(C)=O)=C(\NC(C)=O)c1ccccc1,CCOC(=O)[C@H](OC(C)=O)[C@@H](NC(C)=O)c1ccccc1,ClCCl,,Rh,c1ccc(P(c2ccccc2)c2ccc3ccccc3c2-c2c(P(c3ccccc3)c3ccccc3)ccc3ccccc23)cc1,c1ccc(P(c2ccccc2)8->c2ccc3ccccc3c2-c2c(P(c3ccccc3)9->c3ccccc3)ccc3ccccc23)cc1.[Rh+]89,30,25,100,0.05926339,0.05,double P type,['double P type'],tetra-sub
5451,C=C(NC(C)=O)C(=O)OC,COC(=O)[C@@H](C)NC(C)=O,CCOC(C)=O,,Rh,CN(C)p1oc2ccc3ccccc3c2c2c(ccc3ccccc32)o1,CN(C)p8->1oc2ccc3ccccc3c2c2c(ccc3ccccc32)o1.[Rh+]8,5,25,200,2.477862753,0.97,binol type,"['binol type', 'single P type']",di-sub
11686,CCOC(=O)/C=C(\Sc1ccc(OC)cc1)c1ccccc1,CCOC(=O)C[C@@H](Sc1ccc(OC)cc1)c1ccccc1,ClCCl,,Rh,C[C@H](NC(=S)Nc1cc(C(F)(F)F)cc(C(F)(F)F)c1)C1=C(P(c2ccccc2)c2ccccc2)[C@@H]([Fe][C@H]2C=CC=C2P(c2ccccc2)c2ccccc2)C=C1,C[C@H](NC(=S)Nc1cc(C(F)(F)F)cc(C(F)(F)F)c1)C1=C(P(c2ccccc2)9->c2ccccc2)[C@@H]([Fe][C@H]2C=CC=C2P(c2ccccc2)8->c2ccccc2)C=C1.[Rh+]89,50,30,100,3.186966174,0.99,ferrocene type,"['ferrocene type', 'double P type']",tri-sub
11720,CCOC(=O)/C=C(/B1OC(C)(C)C(C)(C)O1)c1ccccc1,CCOC(=O)C[C@H](B1OC(C)(C)C(C)(C)O1)c1ccccc1,ClCCl,,Rh,C[C@H](NC(=S)Nc1cc(C(F)(F)F)cc(C(F)(F)F)c1)C1=C(P(c2ccccc2)c2ccccc2)[C@@H]([Fe][C@H]2C=CC=C2P(c2ccccc2)c2ccccc2)C=C1,C[C@H](NC(=S)Nc1cc(C(F)(F)F)cc(C(F)(F)F)c1)C1=C(P(c2ccccc2)9->c2ccccc2)[C@@H]([Fe][C@H]2C=CC=C2P(c2ccccc2)8->c2ccccc2)C=C1.[Rh+]89,50,30,100,2.205738651,0.95,ferrocene type,"['ferrocene type', 'double P type']",tri-sub
4600,[H]/C=C(/NC(C)=O)C(=O)OC.[H]/C=C(/NC(C)=O)C(=O)OC,COC(=O)[C@H](C)NC(C)=O,ClCCl,,Rh,CC(C)[C@@H]1CC[C@@H](C)C[C@H]1Op1oc2c(C(C)(C)C)cc(C(C)(C)C)cc2c2cc(C(C)(C)C)cc(C(C)(C)C)c2o1,CC(C)[C@@H]1CC[C@@H](C)C[C@H]1Op8->1oc2c(C(C)(C)C)cc(C(C)(C)C)cc2c2cc(C(C)(C)C)cc(C(C)(C)C)c2o1.[Rh+]8,1,60,500,0.498760489,0.36,single P type,['single P type'],di-sub
9991,CC(=O)NC1=Cc2ccc(Br)cc2C1=O,CC(=O)N[C@H]1Cc2ccc(Br)cc2C1=O,CCOC(C)=O,,Rh,CP(CP(C(C)(C)C)C(C)(C)C)C(C)(C)C,CP(CP(C(C)(C)C)9->C(C)(C)C)8->C(C)(C)C.[Rh+]89,3,25,100,3.134375973,0.99,double P type,['double P type'],tri-sub
4601,[H]/C=C(/NC(C)=O)C(=O)OC.[H]/C=C(/NC(C)=O)C(=O)OC,COC(=O)[C@@H](C)NC(C)=O,ClCCl,,Rh,C[C@H](c1ccccc1)N([C@H](C)c1ccccc1)p1oc2ccccc2c2ccccc2o1,C[C@H](c1ccccc1)N([C@H](C)c1ccccc1)p8->1oc2ccccc2c2ccccc2o1.[Rh+]8,1,60,500,0.762712261,0.52,single P type,['single P type'],di-sub
7349,COC(=O)C/C(=C\c1ccccc1)NC(C)=O,COC(=O)C[C@H](Cc1ccccc1)NC(C)=O,ClCCl,,Rh,O=S(=Np1oc2ccc3ccccc3c2c2c(ccc3ccccc32)o1)(c1ccccc1)c1ccccc1,O=S(=N9->p8->1oc2ccc3ccccc3c2c2c(ccc3ccccc32)o1)(c1ccccc1)c1ccccc1.[Rh+]89,1,25,1000,2.058336063,0.94,binol type,"['binol type', 'P,N type']",tri-sub
9516,COC(=O)/C(=C/c1ccc(Cl)cc1)NC(C)=O,COC(=O)[C@@H](Cc1ccc(Cl)cc1)NC(C)=O,CC(C)=O,,Rh,CCN(CC)p1oc2c(P(c3ccccc3)c3ccccc3)cc3ccccc3c2c2c(o1)c(P(c1ccccc1)c1ccccc1)cc1ccccc12,CCN(CC)p8->1oc2c(P(c3ccccc3)9->c3ccccc3)cc3ccccc3c2c2c(o1)c(P(c1ccccc1)c1ccccc1)cc1ccccc12.[Rh+]89,1,25,100,2.56379954,0.974,binol type,"['binol type', 'double P type']",tri-sub
8013,C/C=C(\NC(C)=O)C(=O)OC,CC[C@@H](NC(C)=O)C(=O)OC,ClCCl,,Rh,c1ccc2c(c1)CCN(p1oc3ccc4ccccc4c3c3c(ccc4ccccc43)o1)C2,c1ccc2c(c1)CCN(p8->1oc3ccc4ccccc4c3c3c(ccc4ccccc43)o1)C2.[Rh+]8,5,25,50,3.134375973,0.99,binol type,"['binol type', 'single P type']",tri-sub
3245,COC(=O)/C(=C/c1ccccc1)CNC(C)=O,COC(=O)C(CNC(C)=O)Cc1ccccc1,ClCCl,,Rh,c1ccc(Op2oc3ccc4ccccc4c3c3c(ccc4ccccc43)o2)cc1,c1ccc(Op8->2oc3ccc4ccccc4c3c3c(ccc4ccccc43)o2)cc1.[Rh+]8,49,25,100,0.392762844,0.32,binol type,"['binol type', 'single P type']",tri-sub
3677,COC(=O)/C(=C/c1ccccc1C)NC(C)=O,COC(=O)[C@H](Cc1ccccc1C)NC(C)=O,ClCCl,,Rh,CN(Cc1cc(OCc2ccccc2)cc(OCc2ccccc2)c1)p1oc2ccc3ccccc3c2c2c(ccc3ccccc32)o1,CN(Cc1cc(OCc2ccccc2)cc(OCc2ccccc2)c1)p8->1oc2ccc3ccccc3c2c2c(ccc3ccccc32)o1.[Rh+]8,20,20,100,2.312115212,0.963,binol type,"['binol type', 'single P type']",tri-sub
3669,COC(=O)/C(=C/c1ccc(F)cc1)NC(C)=O,COC(=O)[C@H](Cc1ccc(F)cc1)NC(C)=O,ClCCl,,Rh,CN(Cc1cc(OCc2ccccc2)cc(OCc2ccccc2)c1)p1oc2ccc3ccccc3c2c2c(ccc3ccccc32)o1,CN(Cc1cc(OCc2ccccc2)cc(OCc2ccccc2)c1)p8->1oc2ccc3ccccc3c2c2c(ccc3ccccc32)o1.[Rh+]8,20,20,100,2.52078277,0.974,binol type,"['binol type', 'single P type']",tri-sub
3971,C=C(NC(C)=O)C(=O)OC,COC(=O)[C@H](C)NC(C)=O,ClCCl,,Rh,CC(C)Op1oc2ccc3ccccc3c2c2c(ccc3ccccc32)o1,CC(C)Op8->1oc2ccc3ccccc3c2c2c(ccc3ccccc32)o1.[Rh+]8,1,20,1000,2.109510082,0.948,binol type,"['binol type', 'single P type']",di-sub
1468,COC(=O)/C=C(\NC(C)=O)c1cc(Cl)cc(Cl)c1,COC(=O)C[C@H](NC(C)=O)c1cc(Cl)cc(Cl)c1,ClCCl,,Rh,CP(c1ccccc1P(C)C(C)(C)C)C(C)(C)C,CP(c1ccccc1P(C)9->C(C)(C)C)8->C(C)(C)C.[Rh+]89,3,25,100,1.208353162,0.77,double P type,['double P type'],tri-sub
1272,COC(=O)/C(=C/c1ccc(OC)cc1)NC(C)=O,COC(=O)[C@@H](Cc1ccc(OC)cc1)NC(C)=O,CO.Cc1ccccc1,,Rh,C[C@@H](C1=C[C@H]([Fe]C2C=CC=C2)C=C1P(c1ccccc1)c1ccccc1)n1nnc(-c2ccccc2)c1P(c1ccccc1)c1ccccc1,C[C@@H](C1=C[C@H]([Fe]C2C=CC=C2)C=C1P(c1ccccc1)8->c1ccccc1)n1nnc(-c2ccccc2)c1P(c1ccccc1)9->c1ccccc1.[Rh+]89,1,25,100,2.477862753,0.97,ferrocene type,"['ferrocene type', 'double P type']",tri-sub
9973,CC(=O)NC1=Cc2ccccc2C1=O,CC(=O)N[C@H]1Cc2ccccc2C1=O,ClCCl,,Rh,CP(CP(C(C)(C)C)C(C)(C)C)C(C)(C)C,CP(CP(C(C)(C)C)9->C(C)(C)C)8->C(C)(C)C.[Rh+]89,3,25,100,2.720952926,0.98,double P type,['double P type'],tri-sub
12138,COc1ccc(/C=C(\NC(C)=O)C(F)(F)F)cc1,COc1ccc(C[C@H](NC(C)=O)C(F)(F)F)cc1,CO,,Rh,CC(C)(C)P1Cc2ccccc2[C@H]1[C@@H]1c2ccccc2CP1C(C)(C)C,CC(C)(C)P8->1Cc2ccccc2[C@H]1[C@@H]1c2ccccc2CP9->1C(C)(C)C.[Rh+]89,5,25,100,2.720952926,0.98,double P type,['double P type'],tri-sub
11687,CCOC(=O)/C=C(\Sc1ccc(C)cc1)c1ccccc1,CCOC(=O)C[C@@H](Sc1ccc(C)cc1)c1ccccc1,ClCCl,,Rh,C[C@H](NC(=S)Nc1cc(C(F)(F)F)cc(C(F)(F)F)c1)C1=C(P(c2ccccc2)c2ccccc2)[C@@H]([Fe][C@H]2C=CC=C2P(c2ccccc2)c2ccccc2)C=C1,C[C@H](NC(=S)Nc1cc(C(F)(F)F)cc(C(F)(F)F)c1)C1=C(P(c2ccccc2)9->c2ccccc2)[C@@H]([Fe][C@H]2C=CC=C2P(c2ccccc2)8->c2ccccc2)C=C1.[Rh+]89,50,30,100,3.186966174,0.99,ferrocene type,"['ferrocene type', 'double P type']",tri-sub
1507,CCOC(=O)/C=C(\NC(C)=O)c1ccc(OC)c(OC)c1,CCOC(=O)C[C@H](NC(C)=O)c1ccc(OC)c(OC)c1,CO,,Rh,CP(c1ccccc1P(C)C(C)(C)C)C(C)(C)C,CP(c1ccccc1P(C)9->C(C)(C)C)8->C(C)(C)C.[Rh+]89,3,25,1000,2.335478047,0.962,double P type,['double P type'],tri-sub
3864,C=C(NC(C)=O)C(=O)OC,COC(=O)[C@H](C)NC(C)=O,ClCCl,,Rh,Cp1oc2ccc3ccccc3c2c2c(ccc3ccccc32)o1,Cp8->1oc2ccc3ccccc3c2c2c(ccc3ccccc32)o1.[Rh+]8,1,25,1000,1.881851867,0.92,binol type,"['binol type', 'single P type']",di-sub
7926,CC(=O)N1/C(=C\c2ccccc2)COc2ccccc21,CC(=O)N1c2ccccc2OC[C@H]1Cc1ccccc1,Cc1ccccc1,,Rh,C[C@@H]1CC[C@@H](C)P1c1ccccc1P1[C@H](C)CC[C@H]1C,C[C@@H]1CC[C@@H](C)P8->1c1ccccc1P9->1[C@H](C)CC[C@H]1C.[Rh+]89,4,25,100,1.188253882,0.763,double P type,['double P type'],tri-sub
11723,CCOC(=O)/C=C(/B1OC(C)(C)C(C)(C)O1)c1ccccc1,CCOC(=O)C[C@H](B1OC(C)(C)C(C)(C)O1)c1ccccc1,ClCCl,,Rh,c1ccc(P(c2ccccc2)c2ccc3ccccc3c2-c2c(P(c3ccccc3)c3ccccc3)ccc3ccccc23)cc1,c1ccc(P(c2ccccc2)8->c2ccc3ccccc3c2-c2c(P(c3ccccc3)9->c3ccccc3)ccc3ccccc23)cc1.[Rh+]89,50,30,100,0,0,double P type,['double P type'],tri-sub
12127,CC(=O)N/C(=C\c1ccccc1)C(F)(F)F,CC(=O)N[C@@H](Cc1ccccc1)C(F)(F)F,CCOC(C)=O,,Rh,CC(C)(C)P1Cc2ccccc2[C@H]1[C@@H]1c2ccccc2CP1C(C)(C)C,CC(C)(C)P8->1Cc2ccccc2[C@H]1[C@@H]1c2ccccc2CP9->1C(C)(C)C.[Rh+]89,5,25,100,0,0,double P type,['double P type'],tri-sub
1768,COC(=O)/C=C(\NC(C)=O)c1ccc(Cl)cc1,COC(=O)C[C@@H](NC(C)=O)c1ccc(Cl)cc1,ClCCl,,Rh,C[C@H](Np1oc2ccc3ccccc3c2c2c(ccc3ccccc32)o1)C1=C[C@H]([Fe]C2C=CC=C2)C=C1P(c1ccccc1)c1ccccc1,C[C@H](Np9->1oc2ccc3ccccc3c2c2c(ccc3ccccc32)o1)C1=C[C@H]([Fe]C2C=CC=C2)C=C1P(c1ccccc1)8->c1ccccc1.[Rh+]89,10,5,100,2.538338636,0.98,binol type,"['binol type', 'ferrocene type', 'double P type']",tri-sub
11304,COC(=O)/C(NC(C)=O)=C(\c1ccccc1)c1ccc(Cl)cc1,COC(=O)[C@@H](NC(C)=O)[C@H](c1ccccc1)c1ccc(Cl)cc1,CO,,Rh,C[C@H](C1=C(P(c2ccc(C(F)(F)F)cc2)c2ccc(C(F)(F)F)cc2)[C@H]([Fe]C2C=CC=C2)C=C1)P(C(C)(C)C)C(C)(C)C,C[C@H](C1=C(P(c2ccc(C(F)(F)F)cc2)8->c2ccc(C(F)(F)F)cc2)[C@H]([Fe]C2C=CC=C2)C=C1)P(C(C)(C)C)9->C(C)(C)C.[Rh+]89,27,25,20,2.304501335,0.96,ferrocene type,"['ferrocene type', 'double P type']",tetra-sub
12368,COC(=O)/C(=C/CCN1C(=O)c2ccccc2C1=O)NC(C)=O,COC(=O)[C@@H](CCCN1C(=O)c2ccccc2C1=O)NC(C)=O,CO,,Rh,CC(C)(C)P1Cc2ccccc2C1[C@H]1c2ccccc2CP1C(C)(C)C,CC(C)(C)P8->1Cc2ccccc2C1[C@H]1c2ccccc2CP9->1C(C)(C)C.[Rh+]89,7,25,100,4.089763758,0.998,double P type,['double P type'],tri-sub
8012,C/C=C(\NC(C)=O)C(=O)OC,CC[C@@H](NC(C)=O)C(=O)OC,ClCCl,,Rh,c1ccc2c(c1)CCN2p1oc2ccc3ccccc3c2c2c(ccc3ccccc32)o1,c1ccc2c(c1)CCN2p8->1oc2ccc3ccccc3c2c2c(ccc3ccccc32)o1.[Rh+]8,5,25,50,1.487635919,0.85,binol type,"['binol type', 'single P type']",tri-sub
2051,[H]/C=C(\NC(C)=O)C(=O)OC,COC(=O)[C@@H](C)NC(C)=O,ClCCl,,Rh,CN(CCCN(C)p1oc2ccc3ccccc3c2c2c(ccc3ccccc32)o1)p1oc2ccc3ccccc3c2c2c(ccc3ccccc32)o1,CN(CCCN(C)p8->1oc2ccc3ccccc3c2c2c(ccc3ccccc32)o1)p9->1oc2ccc3ccccc3c2c2c(ccc3ccccc32)o1.[Rh+]89,1.3,22,1000,0.64398298,0.5,binol type,"['binol type', 'double P type']",di-sub
4582,[H]/C=C(/NC(C)=O)C(=O)OC.[H]/C=C(/NC(C)=O)C(=O)OC,COC(=O)[C@H](C)NC(C)=O,ClCCl,,Rh,CC(C)(C)p1oc2ccc3ccccc3c2c2c(ccc3ccccc32)o1,CC(C)(C)p8->1oc2ccc3ccccc3c2c2c(ccc3ccccc32)o1.[Rh+]8,1,20,1000,1.957450553,0.933,binol type,"['binol type', 'single P type']",di-sub
6502,C=C(NC(C)=O)C(=O)OC,COC(=O)[C@@H](C)NC(C)=O,ClCCl,,Rh,O=C(Nc1cccc(COp2oc3ccc4ccccc4c3c3c(ccc4ccccc43)o2)c1)c1ccc(C(F)(F)F)cc1,O=C(Nc1cccc(COp8->2oc3ccc4ccccc4c3c3c(ccc4ccccc43)o2)c1)c1ccc(C(F)(F)F)cc1.[Rh+]8,1,25,100,2.720952926,0.98,binol type,"['binol type', 'single P type']",di-sub
3240,COC(=O)/C(=C/c1ccccc1)CNC(C)=O,COC(=O)C(CNC(C)=O)Cc1ccccc1,ClCCl,,Rh,CCCCc1ccc(NC(=O)c2ccccc2C(=O)Nc2cccc(COp3oc4ccc5ccccc5c4c4c(ccc5ccccc54)o3)c2)cc1,CCCCc1ccc(NC(=O)c2ccccc2C(=O)Nc2cccc(COp8->3oc4ccc5ccccc5c4c4c(ccc5ccccc54)o3)c2)cc1.[Rh+]8,49,25,100,0.89788956,0.64,binol type,"['binol type', 'single P type']",tri-sub
11711,CCOC(=O)/C=C(/B1OC(C)(C)C(C)(C)O1)c1ccccc1,CCOC(=O)C[C@H](B1OC(C)(C)C(C)(C)O1)c1ccccc1,OC(C(F)(F)F)C(F)(F)F,,Rh,C[C@H](NC(=S)Nc1cc(C(F)(F)F)cc(C(F)(F)F)c1)C1=C(P(c2ccccc2)c2ccccc2)[C@@H]([Fe][C@H]2C=CC=C2P(c2ccccc2)c2ccccc2)C=C1,C[C@H](NC(=S)Nc1cc(C(F)(F)F)cc(C(F)(F)F)c1)C1=C(P(c2ccccc2)9->c2ccccc2)[C@@H]([Fe][C@H]2C=CC=C2P(c2ccccc2)8->c2ccccc2)C=C1.[Rh+]89,50,30,100,1.839368347,0.91,ferrocene type,"['ferrocene type', 'double P type']",tri-sub
11731,COC(=O)/C=C(/B1OC(C)(C)C(C)(C)O1)c1ccc(C)c(C)c1,COC(=O)C[C@H](B1OC(C)(C)C(C)(C)O1)c1ccc(C)c(C)c1,ClCCl,,Rh,C[C@H](NC(=S)Nc1cc(C(F)(F)F)cc(C(F)(F)F)c1)C1=C(P(c2ccccc2)c2ccccc2)[C@@H]([Fe][C@H]2C=CC=C2P(c2ccccc2)c2ccccc2)C=C1,C[C@H](NC(=S)Nc1cc(C(F)(F)F)cc(C(F)(F)F)c1)C1=C(P(c2ccccc2)9->c2ccccc2)[C@@H]([Fe][C@H]2C=CC=C2P(c2ccccc2)8->c2ccccc2)C=C1.[Rh+]89,50,30,100,3.186966174,0.99,ferrocene type,"['ferrocene type', 'double P type']",tri-sub
12004,CCOC(=O)/C=C(/c1ccc(OC)cc1)[Si](CC)(CC)CC,CCOC(=O)C[C@H](c1ccc(OC)cc1)[Si](CC)(CC)CC,OCC(F)(F)F,,Rh,C[C@H](NC(=S)Nc1cc(C(F)(F)F)cc(C(F)(F)F)c1)C1=C(P(c2ccccc2)c2ccccc2)[C@@H]([Fe][C@H]2C=CC=C2P(c2ccccc2)c2ccccc2)C=C1,C[C@H](NC(=S)Nc1cc(C(F)(F)F)cc(C(F)(F)F)c1)C1=C(P(c2ccccc2)9->c2ccccc2)[C@@H]([Fe][C@H]2C=CC=C2P(c2ccccc2)8->c2ccccc2)C=C1.[Rh+]89,50,40,100,3.292146576,0.99,ferrocene type,"['ferrocene type', 'double P type']",tri-sub
4131,CC(=O)N/C(=C\c1cccc(F)c1)C(=O)O,CC(=O)N[C@H](Cc1cccc(F)c1)C(=O)O,ClCCl,,Rh,CN(C)p1oc2ccc3c(c2c2c4c(ccc2o1)CCCC4)CCCC3,CN(C)p8->1oc2ccc3c(c2c2c4c(ccc2o1)CCCC4)CCCC3.[Rh+]8,5,25,50,2.304501335,0.96,binol type,"['binol type', 'single P type']",tri-sub
2988,C=C(NC(C)=O)C(=O)OC,COC(=O)[C@@H](C)NC(C)=O,ClCCl,,Rh,CN(C)p1oc2ccc3ccccc3c2c2c(o1)c(-c1ccccc1)cc1ccccc12,CN(C)p8->1oc2ccc3ccccc3c2c2c(o1)c(-c1ccccc1)cc1ccccc12.[Rh+]8,1,25,200,0.660044449,0.506,binol type,"['binol type', 'single P type']",di-sub
3276,COC(=O)/C(=C/c1ccccc1)COC(C)=O,COC(=O)C(COC(C)=O)Cc1ccccc1,ClCCl,,Rh,CCCCc1ccc(N(C)C(=O)c2ccccc2C(=O)N(C)c2cccc(COp3oc4ccc5ccccc5c4c4c(ccc5ccccc54)o3)c2)cc1,CCCCc1ccc(N(C)C(=O)c2ccccc2C(=O)N(C)c2cccc(COp8->3oc4ccc5ccccc5c4c4c(ccc5ccccc54)o3)c2)cc1.[Rh+]8,99,25,100,0,0,binol type,"['binol type', 'single P type']",tri-sub
9680,CCC/C=C(\NC(C)=O)C(=O)OC,CCCC[C@@H](NC(C)=O)C(=O)OC,CC(C)=O,,Rh,c1ccc(P(c2ccccc2)c2cc3ccccc3c3c2op(N2CCCCC2)oc2c(P(c4ccccc4)c4ccccc4)cc4ccccc4c23)cc1,c1ccc(P(c2ccccc2)c2cc3ccccc3c3c2op(N2CCCCC2)9->oc2c(P(c4ccccc4)8->c4ccccc4)cc4ccccc4c23)cc1.[Rh+]89,1,25,100,3.267102947,0.992,binol type,"['binol type', 'double P type']",tri-sub
5480,CC/C=C(\NC(C)=O)C(=O)OC,CCC[C@@H](NC(C)=O)C(=O)OC,C1CCOC1,,Rh,CC(C)(C)S[C@H]1CCCC[C@@H]1OP(c1ccccc1)c1ccccc1,CC(C)(C)S[C@H]1CCCC[C@@H]1OP(c1ccccc1)8->c1ccccc1.[Rh+]8,7.8,25,100,2.058336063,0.94,single P type,['single P type'],tri-sub
12352,CCCCC/C=C(\NC(C)=O)C(=O)OC,CCCCCC[C@@H](NC(C)=O)C(=O)OC,Cc1ccccc1,,Rh,CC(C)(C)P1Cc2ccccc2C1[C@H]1c2ccccc2CP1C(C)(C)C,CC(C)(C)P8->1Cc2ccccc2C1[C@H]1c2ccccc2CP9->1C(C)(C)C.[Rh+]89,7,25,100,3.197061601,0.991,double P type,['double P type'],tri-sub
7216,C=C(NC(C)=O)C(=O)OC,COC(=O)[C@H](C)NC(C)=O,ClCCl,,Rh,COC(=O)[C@@H](Np1oc2ccc3ccccc3c2c2c(ccc3ccccc32)o1)C(C)C,COC(=O)[C@@H](Np8->1oc2ccc3ccccc3c2c2c(ccc3ccccc32)o1)C(C)C.[Rh+]8,10,25,100,0.166895259,0.14,binol type,"['binol type', 'single P type']",di-sub
11839,O=C1OCCC/C1=C\c1ccc2ccccc2c1,O=C1OCCC[C@@H]1Cc1ccc2ccccc2c1,ClCCCl,,Rh,C[C@H](NC(=S)Nc1cc(C(F)(F)F)cc(C(F)(F)F)c1)C1=C(P(c2ccccc2)c2ccccc2)[C@@H]([Fe][C@H]2C=CC=C2P(c2ccccc2)c2ccccc2)C=C1,C[C@H](NC(=S)Nc1cc(C(F)(F)F)cc(C(F)(F)F)c1)C1=C(P(c2ccccc2)9->c2ccccc2)[C@@H]([Fe][C@H]2C=CC=C2P(c2ccccc2)8->c2ccccc2)C=C1.[Rh+]89,50,35,50,3.239556375,0.99,ferrocene type,"['ferrocene type', 'double P type']",tri-sub
11917,COC(=O)/C(=C/C=C/c1ccccc1)NC(C)=O,COC(=O)[C@@H](C/C=C/c1ccccc1)NC(C)=O,C1CCOC1,,Rh,CC(C)(C)P1CCC[C@@H]1[C@H]1CCCP1C(C)(C)C,CC(C)(C)P8->1CCC[C@@H]1[C@H]1CCCP9->1C(C)(C)C.[Rh+]89,1.5,25,100,3.134375973,0.99,double P type,['double P type'],tri-sub
11999,CCOC(=O)/C=C(/c1ccccc1)[Si](CC)(CC)CC,CCOC(=O)C[C@H](c1ccccc1)[Si](CC)(CC)CC,OCC(F)(F)F,,Rh,C[C@H](NC(=S)Nc1cc(C(F)(F)F)cc(C(F)(F)F)c1)C1=C(P(c2ccccc2)c2ccccc2)[C@@H]([Fe][C@H]2C=CC=C2P(c2ccccc2)c2ccccc2)C=C1,C[C@H](NC(=S)Nc1cc(C(F)(F)F)cc(C(F)(F)F)c1)C1=C(P(c2ccccc2)9->c2ccccc2)[C@@H]([Fe][C@H]2C=CC=C2P(c2ccccc2)8->c2ccccc2)C=C1.[Rh+]89,50,40,100,3.292146576,0.99,ferrocene type,"['ferrocene type', 'double P type']",tri-sub
9518,COC(=O)/C(=C/c1ccc(Cl)cc1)NC(C)=O,COC(=O)[C@@H](Cc1ccc(Cl)cc1)NC(C)=O,CC(C)=O,,Rh,c1ccc(P(c2ccccc2)c2cc3ccccc3c3c2op(N2CCCCC2)oc2c(P(c4ccccc4)c4ccccc4)cc4ccccc4c23)cc1,c1ccc(P(c2ccccc2)c2cc3ccccc3c3c2op(N2CCCCC2)9->oc2c(P(c4ccccc4)8->c4ccccc4)cc4ccccc4c23)cc1.[Rh+]89,1,25,100,2.78393889,0.982,binol type,"['binol type', 'double P type']",tri-sub
12122,CC(=O)N/C(=C\c1ccccc1)C(F)(F)F,CC(=O)N[C@@H](Cc1ccccc1)C(F)(F)F,CO,,Rh,CC(C)(C)P1CCC[C@@H]1[C@H]1CCCP1C(C)(C)C,CC(C)(C)P8->1CCC[C@@H]1[C@H]1CCCP9->1C(C)(C)C.[Rh+]89,30,25,1000,2.304501335,0.96,double P type,['double P type'],tri-sub
11237,CC(=O)N/C(C#N)=C/c1ccccc1,CC(=O)NC(C#N)Cc1ccccc1,CO,,Rh,c1ccc(P(c2ccccc2)c2ccc3c(c2-c2c(P(c4ccccc4)c4ccccc4)ccc4c2OCO4)OCO3)cc1,c1ccc(P(c2ccccc2)8->c2ccc3c(c2-c2c(P(c4ccccc4)9->c4ccccc4)ccc4c2OCO4)OCO3)cc1.[Rh+]89,30,25,100,0,0,double P type,['double P type'],tri-sub
9989,CC(=O)NC1=Cc2ccc(Cl)cc2C1=O,CC(=O)N[C@H]1Cc2ccc(Cl)cc2C1=O,CCOC(C)=O,,Rh,CP(CP(C(C)(C)C)C(C)(C)C)C(C)(C)C,CP(CP(C(C)(C)C)9->C(C)(C)C)8->C(C)(C)C.[Rh+]89,3,25,100,3.134375973,0.99,double P type,['double P type'],tri-sub
1608,COC(=O)/C(=C/c1ccc(F)cc1)NC(C)=O,COC(=O)[C@@H](Cc1ccc(F)cc1)NC(C)=O,ClCCl,,Rh,COC(=O)[C@@H](Cc1ccccc1)N(C)p1oc2ccc3ccccc3c2c2c(ccc3ccccc32)o1,COC(=O)[C@@H](Cc1ccccc1)N(C)p8->1oc2ccc3ccccc3c2c2c(ccc3ccccc32)o1.[Rh+]8,5,25,100,1.743519237,0.9,binol type,"['binol type', 'single P type']",tri-sub
833,CC/C(=C\c1ccc(OC)cc1)NC(C)=O,CC[C@H](Cc1ccc(OC)cc1)NC(C)=O,ClCCl,,Rh,CC(C)(C)P1c2c(cccc2-c2c3ccccc3cc3ccccc23)O[C@@H]1[C@H]1Oc2cccc(-c3c4ccccc4cc4ccccc34)c2P1C(C)(C)C,CC(C)(C)P8->1c2c(cccc2-c2c3ccccc3cc3ccccc23)O[C@@H]1[C@H]1Oc2cccc(-c3c4ccccc4cc4ccccc34)c2P9->1C(C)(C)C.[Rh+]89,51,50,200,2.949220789,0.98,double P type,['double P type'],tri-sub
11735,COC(=O)/C=C(/B1OC(C)(C)C(C)(C)O1)c1ccccc1F,COC(=O)C[C@H](B1OC(C)(C)C(C)(C)O1)c1ccccc1F,ClCCl,,Rh,C[C@H](NC(=S)Nc1cc(C(F)(F)F)cc(C(F)(F)F)c1)C1=C(P(c2ccccc2)c2ccccc2)[C@@H]([Fe][C@H]2C=CC=C2P(c2ccccc2)c2ccccc2)C=C1,C[C@H](NC(=S)Nc1cc(C(F)(F)F)cc(C(F)(F)F)c1)C1=C(P(c2ccccc2)9->c2ccccc2)[C@@H]([Fe][C@H]2C=CC=C2P(c2ccccc2)8->c2ccccc2)C=C1.[Rh+]89,50,30,100,2.766606499,0.98,ferrocene type,"['ferrocene type', 'double P type']",tri-sub
1762,COC(=O)/C=C(\NC(C)=O)c1ccccc1,COC(=O)C[C@@H](NC(C)=O)c1ccccc1,ClCCl,,Rh,C[C@H](Np1oc2ccc3ccccc3c2c2c(ccc3ccccc32)o1)C1=C[C@H]([Fe]C2C=CC=C2)C=C1P(c1ccccc1)c1ccccc1,C[C@H](Np9->1oc2ccc3ccccc3c2c2c(ccc3ccccc32)o1)C1=C[C@H]([Fe]C2C=CC=C2)C=C1P(c1ccccc1)8->c1ccccc1.[Rh+]89,10,5,100,2.92401517,0.99,binol type,"['binol type', 'ferrocene type', 'double P type']",tri-sub
215,COC(=O)/C(=C\c1ccc(Cl)c(Cl)c1)NC(C)=O,COC(=O)[C@H](Cc1ccc(Cl)c(Cl)c1)NC(C)=O,ClCCl,,Rh,c1ccc(OP(Oc2ccccc2)N(c2ccccc2)N(c2ccccc2)p2oc3ccc4ccccc4c3c3c(ccc4ccccc43)o2)cc1,c1ccc(OP(Oc2ccccc2)8->N(c2ccccc2)N(c2ccccc2)p9->2oc3ccc4ccccc4c3c3c(ccc4ccccc43)o2)cc1.[Rh+]89,5,25,100,1.809015734,0.91,binol type,"['binol type', 'double P type']",tri-sub
2340,COC(=O)/C(=C/c1ccc2ccccc2c1)NC(C)=O,COC(=O)[C@H](Cc1ccc2ccccc2c1)NC(C)=O,C1CCOC1.CO,,Rh,C[C@H](C1=C(P(c2ccccc2)c2ccccc2)C=C[C@@H]1[Fe]C1C=CC=C1)N([C@H](C)c1ccccc1)P(c1ccccc1)c1ccccc1,C[C@H](C1=C(P(c2ccccc2)8->c2ccccc2)C=C[C@@H]1[Fe]C1C=CC=C1)N([C@H](C)c1ccccc1)P(c1ccccc1)9->c1ccccc1.[Rh+]89,1,25,100,1.048288857,0.709,ferrocene type,"['ferrocene type', 'double P type']",tri-sub
9452,C=C(NC(C)=O)C(=O)OC,COC(=O)[C@H](C)NC(C)=O,ClCCl,,Rh,CC(C)[C@@H]1CC[C@@H](C)C[C@H]1Op1oc2c(C(C)(C)C)cc(C(C)(C)C)cc2c2cc(C(C)(C)C)cc(C(C)(C)C)c2o1,CC(C)[C@@H]1CC[C@@H](C)C[C@H]1Op8->1oc2c(C(C)(C)C)cc(C(C)(C)C)cc2c2cc(C(C)(C)C)cc(C(C)(C)C)c2o1.[Rh+]8,1,25,100,0.446338215,0.36,single P type,['single P type'],di-sub
3894,CC(=O)N/C(=C\c1ccccc1)C(=O)O,CC(=O)N[C@@H](Cc1ccccc1)C(=O)O,CO,,Rh,C1=CC([Fe][C@@]2(P(c3ccccc3)c3ccccc3)C=CC=C2P(C2CCCCC2)C2CCCCC2)C=C1,C1=CC([Fe][C@@]2(P(c3ccccc3)8->c3ccccc3)C=CC=C2P(C2CCCCC2)9->C2CCCCC2)C=C1.[Rh+]89,1,25,100,0.277345765,0.23,ferrocene type,"['ferrocene type', 'double P type']",tri-sub
12569,CCOC(=O)/C(NC(C)=O)=C(/C)OC(C)=O,CCOC(=O)[C@@H](NC(C)=O)[C@@H](C)OC(C)=O,ClCCl,,Rh,CC(C)(C)P1Cc2ccccc2C1[C@H]1c2ccccc2CP1C(C)(C)C,CC(C)(C)P8->1Cc2ccccc2C1[C@H]1c2ccccc2CP9->1C(C)(C)C.[Rh+]89,30,25,50,3.134375973,0.99,double P type,['double P type'],tetra-sub
1430,CC(=O)N/C(=C\c1cccc(F)c1)C(=O)O,CC(=O)N[C@H](Cc1cccc(F)c1)C(=O)O,CO,,Rh,CP(c1nc2ccccc2nc1P(C)C(C)(C)C)C(C)(C)C,CP(c1nc2ccccc2nc1P(C)8->C(C)(C)C)9->C(C)(C)C.[Rh+]89,3,25,200,3.849375327,0.997,double P type,['double P type'],tri-sub
7215,C=C(NC(C)=O)C(=O)OC,COC(=O)[C@@H](C)NC(C)=O,ClCCl,,Rh,CC(C)[C@H](Np1oc2ccc3ccccc3c2c2c(ccc3ccccc32)o1)C(=O)OC(C)(C)C,CC(C)[C@H](Np8->1oc2ccc3ccccc3c2c2c(ccc3ccccc32)o1)C(=O)OC(C)(C)C.[Rh+]8,10,25,100,0.666429283,0.51,binol type,"['binol type', 'single P type']",di-sub
9663,COC(=O)/C(=C/c1cccc(Br)c1)NC(C)=O,COC(=O)[C@@H](Cc1cccc(Br)c1)NC(C)=O,CC(C)=O,,Rh,CC(C)N(C(C)C)p1oc2c(P(c3ccccc3)c3ccccc3)cc3ccccc3c2c2c(o1)c(P(c1ccccc1)c1ccccc1)cc1ccccc12,CC(C)N(C(C)C)p18->oc2c(P(c3ccccc3)c3ccccc3)cc3ccccc3c2c2c(o1)c(P(c1ccccc1)c1ccccc1)cc1ccccc12.[Rh+]8,1,25,100,2.854280119,0.984,binol type,"['binol type', 'single P type']",tri-sub
4106,CC(=O)N/C(=C\c1cccc(F)c1)C(=O)O,CC(=O)N[C@H](Cc1cccc(F)c1)C(=O)O,ClCCl,,Rh,CN(C)p1oc2ccc3ccccc3c2c2c(ccc3ccccc32)o1,CN(C)p8->1oc2ccc3ccccc3c2c2c(ccc3ccccc32)o1.[Rh+]8,10,25,1000,2.169340323,0.95,binol type,"['binol type', 'single P type']",tri-sub
834,CC(=O)NC1=Cc2ccccc2CC1,CC(=O)N[C@@H]1CCc2ccccc2C1,ClCCl,,Rh,CC(C)(C)P1c2c(cccc2-c2c3ccccc3cc3ccccc23)O[C@@H]1[C@H]1Oc2cccc(-c3c4ccccc4cc4ccccc34)c2P1C(C)(C)C,CC(C)(C)P8->1c2c(cccc2-c2c3ccccc3cc3ccccc23)O[C@@H]1[C@H]1Oc2cccc(-c3c4ccccc4cc4ccccc34)c2P9->1C(C)(C)C.[Rh+]89,51,50,200,2.497831984,0.96,double P type,['double P type'],tri-sub
11933,COC(=O)/C(=C/C=C/c1ccccc1)NC(C)=O,COC(=O)[C@@H](C/C=C/c1ccccc1)NC(C)=O,CO,,Rh,c1ccc(P(c2ccccc2)c2ccc3c(c2-c2c(P(c4ccccc4)c4ccccc4)ccc4c2OCO4)OCO3)cc1,c1ccc(P(c2ccccc2)8->c2ccc3c(c2-c2c(P(c4ccccc4)9->c4ccccc4)ccc4c2OCO4)OCO3)cc1.[Rh+]89,1.5,25,100,1.050673587,0.71,double P type,['double P type'],tri-sub
11337,COC(=O)/C(=C\c1ccccc1)NC(C)=O,COC(=O)[C@H](Cc1ccccc1)NC(C)=O,CCO,,Rh,C[C@@H](C1=C(P(c2ccccc2P(c2ccccc2)c2ccccc2)C(C)(C)C)C=C[C@H]1[Fe]C1C=CC=C1)N(C)C,C[C@@H](C1=C(P(c2ccccc2P(c2ccccc2)9->c2ccccc2)8->C(C)(C)C)C=C[C@H]1[Fe]C1C=CC=C1)N(C)C.[Rh+]89,10,25,100,0.130800009,0.11,ferrocene type,"['ferrocene type', 'double P type']",tri-sub
8938,CCOC(=O)/C=C(\CP(=O)(OCC)OCC)c1ccccc1,CCOC(=O)CC(CP(=O)(OCC)OCC)c1ccccc1,ClCCl,,Rh,C[C@@H](C1=C([P@](c2ccccc2)c2cccc3ccccc23)C=C[C@H]1[Fe]C1C=CC=C1)N(C)P(c1ccc(C(F)(F)F)cc1)c1ccc(C(F)(F)F)cc1,C[C@@H](C1=C([P@](c2ccccc2)9->c2cccc3ccccc23)C=C[C@H]1[Fe]C1C=CC=C1)N(C)P(c1ccc(C(F)(F)F)cc1)8->c1ccc(C(F)(F)F)cc1.[Rh+]89,59,25,100,2.304501335,0.96,ferrocene type,"['ferrocene type', 'double P type']",tri-sub
3667,COC(=O)/C(=C/c1ccc(Cl)cc1)NC(C)=O,COC(=O)[C@H](Cc1ccc(Cl)cc1)NC(C)=O,ClCCl,,Rh,CN(Cc1cc(OCc2ccccc2)cc(OCc2ccccc2)c1)p1oc2ccc3ccccc3c2c2c(ccc3ccccc32)o1,CN(Cc1cc(OCc2ccccc2)cc(OCc2ccccc2)c1)p8->1oc2ccc3ccccc3c2c2c(ccc3ccccc32)o1.[Rh+]8,20,20,100,2.265835205,0.96,binol type,"['binol type', 'single P type']",tri-sub
3270,COC(=O)/C(=C/c1ccccc1)CN(C)C(C)=O,COC(=O)C(Cc1ccccc1)CN(C)C(C)=O,ClCCl,,Rh,O=C(NCc1cccc(COp2oc3ccc4ccccc4c3c3c(ccc4ccccc43)o2)c1)c1ccccc1C(=O)Nc1cc(C(F)(F)F)cc(C(F)(F)F)c1,O=C(NCc1cccc(COp8->2oc3ccc4ccccc4c3c3c(ccc4ccccc43)o2)c1)c1ccccc1C(=O)Nc1cc(C(F)(F)F)cc(C(F)(F)F)c1.[Rh+]8,49,25,100,2.477862753,0.97,binol type,"['binol type', 'single P type']",tri-sub
9525,COC(=O)/C(=C/c1ccc(OC)cc1)NC(C)=O,COC(=O)[C@@H](Cc1ccc(OC)cc1)NC(C)=O,CC(C)=O,,Rh,CC(C)N(C(C)C)p1oc2c(P(c3ccccc3)c3ccccc3)cc3ccccc3c2c2c(o1)c(P(c1ccccc1)c1ccccc1)cc1ccccc12,CC(C)N(C(C)C)p18->oc2c(P(c3ccccc3)c3ccccc3)cc3ccccc3c2c2c(o1)c(P(c1ccccc1)c1ccccc1)cc1ccccc12.[Rh+]8,1,25,100,3.438045145,0.994,binol type,"['binol type', 'single P type']",tri-sub
6308,COCO/C(=C(\NC(C)=O)c1ccccc1)c1ccccc1,COCO[C@@H](c1ccccc1)[C@H](NC(C)=O)c1ccccc1,CO,,Rh,C[C@H](C1=C[C@@H]([Fe]C2C=CC=C2)C=C1P(c1ccccc1)c1ccccc1)P(C1CCCCC1)C1CCCCC1,C[C@H](C1=C[C@@H]([Fe]C2C=CC=C2)C=C1P(c1ccccc1)8->c1ccccc1)P(C1CCCCC1)9->C1CCCCC1.[Rh+]89,40,40,100,1.976575954,0.92,ferrocene type,"['ferrocene type', 'double P type']",tetra-sub
6897,C=C(NC(C)=O)C(=O)OC,COC(=O)[C@H](C)NC(C)=O,ClCCl,,Rh,c1ccc(C2OC[C@@H](Op3oc4ccc5ccccc5c4c4c(ccc5ccccc54)o3)[C@H]([C@@H]3OC(c4ccccc4)OC[C@H]3OCc3cccc4ccccc34)O2)cc1,c1ccc(C2OC[C@@H](Op8->3oc4ccc5ccccc5c4c4c(ccc5ccccc54)o3)[C@H]([C@@H]3OC(c4ccccc4)OC[C@H]3OCc3cccc4ccccc34)O2)cc1.[Rh+]8,1.2,20,100,2.013876607,0.939,binol type,"['binol type', 'single P type']",di-sub
2428,CC(C)(C)OC(=O)C(=O)N/C(=C\C1CC1)C(=O)OCc1ccccc1,CC(C)(C)OC(=O)C(=O)N[C@@H](CC1CC1)C(=O)OCc1ccccc1,C1CCOC1.CO,,Rh,C[C@H](C1=C(P(c2ccccc2)c2ccccc2)C=C[C@@H]1[Fe]C1C=CC=C1)N(C)P(Oc1ccccc1)Oc1ccccc1,C[C@H](C1=C(P(c2ccccc2)8->c2ccccc2)C=C[C@@H]1[Fe]C1C=CC=C1)N(C)P(Oc1ccccc1)9->Oc1ccccc1.[Rh+]89,1,25,100,0,0,ferrocene type,"['ferrocene type', 'double P type']",tri-sub
5207,COC(=O)/C(=C/c1ccc([N+](=O)[O-])cc1)NC(C)=O,COC(=O)[C@@H](Cc1ccc([N+](=O)[O-])cc1)NC(C)=O,ClCCl,,Rh,CN(C)p1oc2ccc3ccccc3c2c2c(ccc3ccccc32)o1,CN(C)p8->1oc2ccc3ccccc3c2c2c(ccc3ccccc32)o1.[Rh+]8,5,25,100,2.169340323,0.95,binol type,"['binol type', 'single P type']",tri-sub
4114,COC(=O)/C(=C/c1ccc(-c2ccccc2)cc1)NC(C)=O,COC(=O)[C@@H](Cc1ccc(-c2ccccc2)cc1)NC(C)=O,ClCCl,,Rh,CN(C)p1oc2ccc3ccccc3c2c2c(ccc3ccccc32)o1,CN(C)p8->1oc2ccc3ccccc3c2c2c(ccc3ccccc32)o1.[Rh+]8,5,25,100,1.963997164,0.93,binol type,"['binol type', 'single P type']",tri-sub
7209,CC(=O)NC1=Cc2ccccc2CC1,CC(=O)N[C@@H]1CCc2ccccc2C1,ClCCl,,Rh,COC(=O)[C@H](Cc1ccccc1)Np1oc2ccc3ccccc3c2c2c(ccc3ccccc32)o1,COC(=O)[C@H](Cc1ccccc1)Np8->1oc2ccc3ccccc3c2c2c(ccc3ccccc32)o1.[Rh+]8,10,25,100,0.530192448,0.42,binol type,"['binol type', 'single P type']",tri-sub
12593,O=C1C=C(c2ccccc2)C(=O)O1,O=C1C[C@H](c2ccccc2)C(=O)O1,ClCCl,,Rh,c1ccc(P(c2ccccc2)c2ccc3ccccc3c2-c2c(P(c3ccccc3)c3ccccc3)ccc3ccccc23)cc1,c1ccc(P(c2ccccc2)8->c2ccc3ccccc3c2-c2c(P(c3ccccc3)9->c3ccccc3)ccc3ccccc23)cc1.[Rh+]89,30,25,100,0.047396466,0.04,double P type,['double P type'],tri-sub
1792,C=C(NC(C)=O)C(=O)OC,COC(=O)[C@H](C)NC(C)=O,ClCCl,,Rh,CCCC[C@@H]1C=Cc2cccc(P(c3ccccc3)c3ccccc3)c2N1p1oc2ccc3ccccc3c2c2c(ccc3ccccc32)o1,CCCC[C@@H]1C=Cc2cccc(P(c3ccccc3)8->c3ccccc3)c2N1p9->1oc2ccc3ccccc3c2c2c(ccc3ccccc32)o1.[Rh+]89,30,25,1000,2.663917561,0.978,binol type,"['binol type', 'double P type']",di-sub
6459,C=C(NC(C)=O)C(=O)OC,COC(=O)[C@@H](C)NC(C)=O,ClCCl,,Rh,O=C(NCCc1ccccc1COp1oc2ccc3ccccc3c2c2c(ccc3ccccc32)o1)c1ccccc1,O=C(NCCc1ccccc1COp8->1oc2ccc3ccccc3c2c2c(ccc3ccccc32)o1)c1ccccc1.[Rh+]8,1,25,100,2.477862753,0.97,binol type,"['binol type', 'single P type']",di-sub
3665,COC(=O)/C(=C/c1cccc(Cl)c1)NC(C)=O,COC(=O)[C@H](Cc1cccc(Cl)c1)NC(C)=O,ClCCl,,Rh,CN(Cc1cc(OCc2ccccc2)cc(OCc2ccccc2)c1)p1oc2ccc3ccccc3c2c2c(ccc3ccccc32)o1,CN(Cc1cc(OCc2ccccc2)cc(OCc2ccccc2)c1)p8->1oc2ccc3ccccc3c2c2c(ccc3ccccc32)o1.[Rh+]8,20,20,100,2.619220958,0.978,binol type,"['binol type', 'single P type']",tri-sub
11705,CCOC(=O)/C=C(\Sc1ccc(C)cc1)c1cccc(OC)c1,CCOC(=O)C[C@H](Sc1ccc(C)cc1)c1cccc(OC)c1,OCC(F)(F)F,,Rh,C[C@H](NC(=S)Nc1cc(C(F)(F)F)cc(C(F)(F)F)c1)C1=C(P(c2ccccc2)c2ccccc2)[C@@H]([Fe][C@H]2C=CC=C2P(c2ccccc2)c2ccccc2)C=C1,C[C@H](NC(=S)Nc1cc(C(F)(F)F)cc(C(F)(F)F)c1)C1=C(P(c2ccccc2)9->c2ccccc2)[C@@H]([Fe][C@H]2C=CC=C2P(c2ccccc2)8->c2ccccc2)C=C1.[Rh+]89,50,60,100,2.575164243,0.96,ferrocene type,"['ferrocene type', 'double P type']",tri-sub
2832,COC(=O)/C(=C/c1ccc(Cl)cc1)NC(C)=O,COC(=O)[C@@H](Cc1ccc(Cl)cc1)NC(C)=O,ClCCl,,Rh,C[C@@H](c1ccccc1P(c1ccccc1)c1ccccc1)N(C)p1oc2ccc3ccccc3c2c2c(ccc3ccccc32)o1,C[C@@H](c1ccccc1P(c1ccccc1)8->c1ccccc1)N(C)p9->1oc2ccc3ccccc3c2c2c(ccc3ccccc32)o1.[Rh+]89,10,25,100,3.134375973,0.99,binol type,"['binol type', 'double P type']",tri-sub
1615,COC(=O)/C(=C/c1ccc(Cl)cc1)NC(C)=O,COC(=O)[C@H](Cc1ccc(Cl)cc1)NC(C)=O,ClCCl,,Rh,COC(=O)[C@H](Cc1ccccc1)N(C)p1oc2ccc3ccccc3c2c2c(ccc3ccccc32)o1,COC(=O)[C@H](Cc1ccccc1)N(C)p8->1oc2ccc3ccccc3c2c2c(ccc3ccccc32)o1.[Rh+]8,5,25,100,1.881851867,0.92,binol type,"['binol type', 'single P type']",tri-sub
11700,CCOC(=O)/C=C(\Sc1ccc(C)cc1)c1ccccc1,CCOC(=O)C[C@H](Sc1ccc(C)cc1)c1ccccc1,OCC(F)(F)F,,Rh,C[C@H](NC(=S)Nc1cc(C(F)(F)F)cc(C(F)(F)F)c1)C1=C(P(c2ccccc2)c2ccccc2)[C@@H]([Fe][C@H]2C=CC=C2P(c2ccccc2)c2ccccc2)C=C1,C[C@H](NC(=S)Nc1cc(C(F)(F)F)cc(C(F)(F)F)c1)C1=C(P(c2ccccc2)9->c2ccccc2)[C@@H]([Fe][C@H]2C=CC=C2P(c2ccccc2)8->c2ccccc2)C=C1.[Rh+]89,50,60,100,2.768886902,0.97,ferrocene type,"['ferrocene type', 'double P type']",tri-sub
217,COC(=O)/C(=C\c1ccc(F)cc1)NC(C)=O,COC(=O)[C@@H](Cc1ccc(F)cc1)NC(C)=O,ClCCl,,Rh,c1ccc(OP(Oc2ccccc2)N(c2ccccc2)N(c2ccccc2)p2oc3ccc4ccccc4c3c3c(ccc4ccccc43)o2)cc1,c1ccc(OP(Oc2ccccc2)8->N(c2ccccc2)N(c2ccccc2)p9->2oc3ccc4ccccc4c3c3c(ccc4ccccc43)o2)cc1.[Rh+]89,5,25,100,1.629293317,0.88,binol type,"['binol type', 'double P type']",tri-sub
9626,COc1cccc2c1C=C(NC(C)=O)CC2,COc1cccc2c1C[C@@H](NC(C)=O)CC2,ClCCl,,Rh,COc1ccccc1P(CCOp1oc2c(C(C)(C)C)cc(C)c(C)c2c2c(C)c(C)cc(C(C)(C)C)c2o1)c1ccccc1,COc1ccccc1P(CCOp9->1oc2c(C(C)(C)C)cc(C)c(C)c2c2c(C)c(C)cc(C(C)(C)C)c2o1)8->c1ccccc1.[Rh+]89,20,25,100,1.963997164,0.93,double P type,['double P type'],tri-sub
5479,C/C=C(\NC(C)=O)C(=O)OC,CC[C@@H](NC(C)=O)C(=O)OC,C1CCOC1,,Rh,CC(C)(C)S[C@H]1CCCC[C@@H]1OP(c1ccccc1)c1ccccc1,CC(C)(C)S[C@H]1CCCC[C@@H]1OP(c1ccccc1)8->c1ccccc1.[Rh+]8,7.8,25,100,2.720952926,0.98,single P type,['single P type'],tri-sub
7230,C=C(NC(C)=O)C(=O)OC,COC(=O)[C@@H](C)NC(C)=O,ClCCl,,Rh,COC(=O)[C@H](CC(C)C)Np1oc2c(C(C)(C)C)cc3cc(OC)ccc3c2c2c(o1)c(C(C)(C)C)cc1cc(OC)ccc12,COC(=O)[C@H](CC(C)C)Np8->1oc2c(C(C)(C)C)cc3cc(OC)ccc3c2c2c(o1)c(C(C)(C)C)cc1cc(OC)ccc12.[Rh+]8,10,25,100,0.981902689,0.68,binol type,"['binol type', 'single P type']",di-sub
11289,COC(=O)/C(NC(C)=O)=C(/c1ccccc1)c1cn(C(=O)OC(C)(C)C)c2ncccc12,COC(=O)[C@@H](NC(C)=O)[C@@H](c1ccccc1)c1cn(C(=O)OC(C)(C)C)c2ncccc12,CO,,Rh,C[C@H](C1=C[C@@H]([Fe]C2C=CC=C2)C=C1c1ccccc1P(c1ccc(O)cc1)c1ccc(O)cc1)P(C1CC2CCC1C2)C1C[C@H]2CC[C@@H]1C2,C[C@H](C1=C[C@@H]([Fe]C2C=CC=C2)C=C1c1ccccc1P(c1ccc(O)cc1)8->c1ccc(O)cc1)P(C1CC2CCC1C2)9->C1C[C@H]2CC[C@@H]1C2.[Rh+]89,34,40,5,2.420499724,0.96,ferrocene type,"['ferrocene type', 'double P type']",tetra-sub
12005,CCOC(=O)/C=C(/c1ccccc1F)[Si](CC)(CC)CC,CCOC(=O)C[C@H](c1ccccc1F)[Si](CC)(CC)CC,OCC(F)(F)F,,Rh,C[C@H](NC(=S)Nc1cc(C(F)(F)F)cc(C(F)(F)F)c1)C1=C(P(c2ccccc2)c2ccccc2)[C@@H]([Fe][C@H]2C=CC=C2P(c2ccccc2)c2ccccc2)C=C1,C[C@H](NC(=S)Nc1cc(C(F)(F)F)cc(C(F)(F)F)c1)C1=C(P(c2ccccc2)9->c2ccccc2)[C@@H]([Fe][C@H]2C=CC=C2P(c2ccccc2)8->c2ccccc2)C=C1.[Rh+]89,50,40,100,3.292146576,0.99,ferrocene type,"['ferrocene type', 'double P type']",tri-sub
1614,COC(=O)/C(=C/c1ccc(F)cc1)NC(C)=O,COC(=O)[C@H](Cc1ccc(F)cc1)NC(C)=O,ClCCl,,Rh,COC(=O)[C@H](Cc1ccccc1)N(C)p1oc2ccc3ccccc3c2c2c(ccc3ccccc32)o1,COC(=O)[C@H](Cc1ccccc1)N(C)p8->1oc2ccc3ccccc3c2c2c(ccc3ccccc32)o1.[Rh+]8,5,25,100,1.629293317,0.88,binol type,"['binol type', 'single P type']",tri-sub
839,CC(=O)NC1=Cc2cccc(Br)c2OC1,CC(=O)N[C@@H]1COc2c(Br)cccc2C1,ClCCl,,Rh,CC(C)(C)P1c2c(cccc2-c2c3ccccc3cc3ccccc23)O[C@@H]1[C@H]1Oc2cccc(-c3c4ccccc4cc4ccccc34)c2P1C(C)(C)C,CC(C)(C)P8->1c2c(cccc2-c2c3ccccc3cc3ccccc23)O[C@@H]1[C@H]1Oc2cccc(-c3c4ccccc4cc4ccccc34)c2P9->1C(C)(C)C.[Rh+]89,51,50,200,2.949220789,0.98,double P type,['double P type'],tri-sub
6561,COC(=O)/C(=C/c1ccccc1)CNC(C)=O,COC(=O)[C@@H](CNC(C)=O)Cc1ccccc1,ClCCl,,Rh,CN(Cc1cccc(COp2oc3ccc4ccccc4c3c3c(ccc4ccccc43)o2)c1)C(=O)c1ccc(C(F)(F)F)cc1,CN(Cc1cccc(COp8->2oc3ccc4ccccc4c3c3c(ccc4ccccc43)o2)c1)C(=O)c1ccc(C(F)(F)F)cc1.[Rh+]8,49,25,100,2.304501335,0.96,binol type,"['binol type', 'single P type']",tri-sub
2972,C=C(NC(C)=O)C(=O)OC,COC(=O)[C@@H](C)NC(C)=O,ClCCl,,Rh,O=C(OCc1cc2ccccc2c2c1op(N1CCCCC1)oc1ccc3ccccc3c12)c1ccccc1,O=C(OCc1cc2ccccc2c2c1op(N1CCCCC1)8->oc1ccc3ccccc3c12)c1ccccc1.[Rh+]8,1,25,200,2.038309139,0.938,binol type,"['binol type', 'single P type']",di-sub
9602,CC(=O)NC1=Cc2ccccc2CC1,CC(=O)N[C@H]1CCc2ccccc2C1,ClCCl,,Rh,Cc1cc(C(C)(C)C)c2op(Oc3ccccc3P(C(C)C)C(C)C)oc3c(C(C)(C)C)cc(C)c(C)c3c2c1C,Cc1cc(C(C)(C)C)c2op(Oc3ccccc3P(C(C)C)8->C(C)C)9->oc3c(C(C)(C)C)cc(C)c(C)c3c2c1C.[Rh+]89,20,25,100,0.473782409,0.38,double P type,['double P type'],tri-sub
9675,COC(=O)/C(=C/Sc1ccccc1)NC(C)=O,COC(=O)[C@@H](CSc1ccccc1)NC(C)=O,CC(C)=O,,Rh,CC(C)N(C(C)C)p1oc2c(P(c3ccccc3)c3ccccc3)cc3ccccc3c2c2c(o1)c(P(c1ccccc1)c1ccccc1)cc1ccccc12,CC(C)N(C(C)C)p18->oc2c(P(c3ccccc3)c3ccccc3)cc3ccccc3c2c2c(o1)c(P(c1ccccc1)c1ccccc1)cc1ccccc12.[Rh+]8,1,25,100,2.40254515,0.966,binol type,"['binol type', 'single P type']",tri-sub
9608,CC(=O)NC1=Cc2ccccc2CC1,CC(=O)N[C@H]1CCc2ccccc2C1,ClCCl,CCN(C(C)C)C(C)C,Rh,Cc1cc(C(C)(C)C)c2op(Oc3ccccc3P(C(C)C)C(C)C)oc3c(C(C)(C)C)cc(C)c(C)c3c2c1C,Cc1cc(C(C)(C)C)c2op(Oc3ccccc3P(C(C)C)8->C(C)C)9->oc3c(C(C)(C)C)cc(C)c(C)c3c2c1C.[Rh+]89,20,25,100,0,0,double P type,['double P type'],tri-sub
6522,COC(=O)/C(=C/c1ccccc1)CNC(C)=O,COC(=O)[C@@H](CNC(C)=O)Cc1ccccc1,ClCCl,,Rh,O=C(NCc1cccc(COp2oc3ccc4ccccc4c3c3c(ccc4ccccc43)o2)c1)c1ccc(C(F)(F)F)cc1,O=C(NCc1cccc(COp8->2oc3ccc4ccccc4c3c3c(ccc4ccccc43)o2)c1)c1ccc(C(F)(F)F)cc1.[Rh+]8,20,25,100,3.134375973,0.99,binol type,"['binol type', 'single P type']",tri-sub
6300,COCO/C(=C(\NC(C)=O)c1ccccc1)c1ccccc1,COCO[C@@H](c1ccccc1)[C@H](NC(C)=O)c1ccccc1,CO,,Rh,C1=CC([Fe]C2C=CC=C2P2Cc3ccc4ccccc4c3-c3c(ccc4ccccc34)C2)C(P2Cc3ccc4ccccc4c3-c3c(ccc4ccccc34)C2)=C1,C1=CC([Fe]C2C=CC=C2P8->2Cc3ccc4ccccc4c3-c3c(ccc4ccccc34)C2)C(P29->Cc3ccc4ccccc4c3-c3c(ccc4ccccc34)C2)=C1.[Rh+]89,40,40,100,0.087214993,0.07,binol type,"['binol type', 'ferrocene type', 'double P type']",tetra-sub
11683,CCOC(=O)/C=C(\Sc1ccccc1)c1ccccc1,CCOC(=O)C[C@@H](Sc1ccccc1)c1ccccc1,ClCCl,,Rh,C[C@H](NC(=S)Nc1cc(C(F)(F)F)cc(C(F)(F)F)c1)C1=C(P(c2ccccc2)c2ccccc2)[C@@H]([Fe][C@H]2C=CC=C2P(c2ccccc2)c2ccccc2)C=C1,C[C@H](NC(=S)Nc1cc(C(F)(F)F)cc(C(F)(F)F)c1)C1=C(P(c2ccccc2)9->c2ccccc2)[C@@H]([Fe][C@H]2C=CC=C2P(c2ccccc2)8->c2ccccc2)C=C1.[Rh+]89,50,30,100,3.186966174,0.99,ferrocene type,"['ferrocene type', 'double P type']",tri-sub
11950,COC(=O)/C(=C/C1=C(Cl)CCCC1)NC(C)=O,COC(=O)[C@@H](CC1=C(Cl)CCCC1)NC(C)=O,ClCCl,,Rh,CC(C)(C)P1CCC[C@@H]1[C@H]1CCCP1C(C)(C)C,CC(C)(C)P8->1CCC[C@@H]1[C@H]1CCCP9->1C(C)(C)C.[Rh+]89,1.5,25,3000,3.134375973,0.99,double P type,['double P type'],tri-sub
10144,CCOC(=O)/C=C(\NC(C)=O)c1ccccc1,CCOC(=O)C[C@@H](NC(C)=O)c1ccccc1,CO,,Rh,Fc1cc(F)cc(P(N[C@@H]2CCCc3cccc(P(c4ccccc4)c4ccccc4)c32)c2cc(F)cc(F)c2)c1,Fc1cc(F)cc(P(N[C@@H]2CCCc3cccc(P(c4ccccc4)9->c4ccccc4)c32)8->c2cc(F)cc(F)c2)c1.[Rh+]89,10,25,100,2.009411494,0.935,double P type,['double P type'],tri-sub
7944,CC(=O)N1/C(=C\c2cccc3ccccc23)COc2ccccc21,CC(=O)N1c2ccccc2OC[C@H]1Cc1cccc2ccccc12,CO,,Rh,C[C@@H]1CC[C@@H](C)P1c1ccccc1P1[C@H](C)CC[C@H]1C,C[C@@H]1CC[C@@H](C)P8->1c1ccccc1P9->1[C@H](C)CC[C@H]1C.[Rh+]89,4,25,100,1.897460038,0.922,double P type,['double P type'],tri-sub
6460,C=C(NC(C)=O)C(=O)OC,COC(=O)[C@@H](C)NC(C)=O,ClCCl,,Rh,CC(C)(CNC(=O)c1ccccc1)COp1oc2ccc3ccccc3c2c2c(ccc3ccccc32)o1,CC(C)(CNC(=O)c1ccccc1)COp8->1oc2ccc3ccccc3c2c2c(ccc3ccccc32)o1.[Rh+]8,1,25,100,2.304501335,0.96,binol type,"['binol type', 'single P type']",di-sub
7240,CC(=O)NC1=Cc2ccccc2CC1,CC(=O)N[C@@H]1CCc2ccccc2C1,ClCCl,,Rh,COC(=O)[C@H](Cc1ccccc1)Np1oc2c(C(C)(C)C)cc3cc(OC)ccc3c2c2c(o1)c(C(C)(C)C)cc1cc(OC)ccc12,COC(=O)[C@H](Cc1ccccc1)Np8->1oc2c(C(C)(C)C)cc3cc(OC)ccc3c2c2c(o1)c(C(C)(C)C)cc1cc(OC)ccc12.[Rh+]8,10,25,100,0.802545975,0.59,binol type,"['binol type', 'single P type']",tri-sub
4343,COC(=O)/C(=C/c1cccc(Cl)c1)NC(C)=O,COC(=O)[C@H](Cc1cccc(Cl)c1)NC(C)=O,CO,,Rh,CC(C)(C)Oc1ccccc1P(CCP(c1ccccc1)c1ccccc1OC(C)(C)C)c1ccccc1,CC(C)(C)Oc1ccccc1P(CCP(c1ccccc1)9->c1ccccc1OC(C)(C)C)8->c1ccccc1.[Rh+]89,1,22,1000,4.455192972,0.999,double P type,['double P type'],tri-sub
9603,CC(=O)NC1=Cc2ccccc2CC1,CC(=O)N[C@H]1CCc2ccccc2C1,ClCCl,,Rh,Cc1cc(C(C)(C)C)c2op(OCCP(c3ccccc3)c3ccccc3)oc3c(C(C)(C)C)cc(C)c(C)c3c2c1C,Cc1cc(C(C)(C)C)c2op(OCCP(c3ccccc3)8->c3ccccc3)9->oc3c(C(C)(C)C)cc(C)c(C)c3c2c1C.[Rh+]89,10,25,100,0.878043878,0.63,double P type,['double P type'],tri-sub
3604,CC(=O)N/C(=C\c1ccccc1)C(=O)O,CC(=O)N[C@H](Cc1ccccc1)C(=O)O,ClCCl,,Rh,CP(CP(C(C)(C)C)C(C)(C)C)C(C)(C)C,CP(CP(C(C)(C)C)9->C(C)(C)C)8->C(C)(C)C.[Rh+]89,1,25,100,3.134375973,0.99,double P type,['double P type'],tri-sub
7348,COC(=O)C/C(=C\c1ccccc1)NC(C)=O,COC(=O)C[C@H](Cc1ccccc1)NC(C)=O,ClCCl,,Rh,CS(C)(=O)=Np1oc2ccc3ccccc3c2c2c(ccc3ccccc32)o1,CS(C)(=O)=N9->p8->1oc2ccc3ccccc3c2c2c(ccc3ccccc32)o1.[Rh+]89,1,25,1000,2.194119659,0.952,binol type,"['binol type', 'P,N type']",tri-sub
194,COC(=O)/C(=C\c1ccc(Cl)cc1)NC(C)=O,COC(=O)[C@@H](Cc1ccc(Cl)cc1)NC(C)=O,ClCCl,,Rh,CC(C)(C)N(N(p1oc2ccc3ccccc3c2c2c(ccc3ccccc32)o1)C(C)(C)C)p1oc2ccc3ccccc3c2c2c(ccc3ccccc32)o1,CC(C)(C)N(N(p8->1oc2ccc3ccccc3c2c2c(ccc3ccccc32)o1)C(C)(C)C)p9->1oc2ccc3ccccc3c2c2c(ccc3ccccc32)o1.[Rh+]89,1,25,100,1.963997164,0.93,binol type,"['binol type', 'double P type']",tri-sub
821,COc1cccc(/C=C(\C)NC(C)=O)c1,COc1cccc(C[C@@H](C)NC(C)=O)c1,ClCCl,,Rh,CC(C)(C)P1c2c(cccc2-c2c3ccccc3cc3ccccc23)O[C@@H]1[C@H]1Oc2cccc(-c3c4ccccc4cc4ccccc34)c2P1C(C)(C)C,CC(C)(C)P8->1c2c(cccc2-c2c3ccccc3cc3ccccc23)O[C@@H]1[C@H]1Oc2cccc(-c3c4ccccc4cc4ccccc34)c2P9->1C(C)(C)C.[Rh+]89,51,50,200,2.949220789,0.98,double P type,['double P type'],tri-sub
7608,CC(=O)N/C(C)=C\c1ccccc1,CC(=O)N[C@@H](C)Cc1ccccc1,CCOC(C)=O,,Rh,CC(C)(C)P1CCC[C@@H]1[C@H]1CCCP1C(C)(C)C,CC(C)(C)P8->1CCC[C@@H]1[C@H]1CCCP9->1C(C)(C)C.[Rh+]89,30,25,1000,2.978126328,0.987,double P type,['double P type'],tri-sub
5794,COC(=O)/C(=C/c1cccnc1)NC(C)=O,COC(=O)[C@H](Cc1cccnc1)NC(C)=O,CO,CCOCC,Rh,c1ccc(P(CCP(c2ccccc2)c2ccccc2OC2CCCCC2)c2ccccc2OC2CCCCC2)cc1,c1ccc(P(CCP(c2ccccc2)9->c2ccccc2OC2CCCCC2)8->c2ccccc2OC2CCCCC2)cc1.[Rh+]89,1,25,100,3.678730759,0.996,double P type,['double P type'],tri-sub
12550,CCOC(=O)/C(NC(C)=O)=C(\OC(C)=O)c1ccccc1,CCOC(=O)[C@@H](NC(C)=O)[C@H](OC(C)=O)c1ccccc1,ClCCl,,Rh,CC(C)(C)P1Cc2ccccc2C1[C@H]1c2ccccc2CP1C(C)(C)C,CC(C)(C)P8->1Cc2ccccc2C1[C@H]1c2ccccc2CP9->1C(C)(C)C.[Rh+]89,30,25,50,3.134375973,0.99,double P type,['double P type'],tetra-sub
11585,CCOC(=O)/C(OC(C)=O)=C(\NC(C)=O)c1ccccc1,CCOC(=O)[C@H](OC(C)=O)[C@@H](NC(C)=O)c1ccccc1,ClCCl,,Rh,CC(C)(C)P1Cc2ccccc2[C@H]1[C@@H]1c2ccccc2CP1C(C)(C)C,CC(C)(C)P8->1Cc2ccccc2[C@H]1[C@@H]1c2ccccc2CP9->1C(C)(C)C.[Rh+]89,30,25,100,2.477862753,0.97,double P type,['double P type'],tetra-sub
1459,CCOC(=O)/C=C(\NC(C)=O)c1ccc(OC)cc1,CCOC(=O)C[C@H](NC(C)=O)c1ccc(OC)cc1,CO,,Rh,CP(c1nc2ccccc2nc1P(C)C(C)(C)C)C(C)(C)C,CP(c1nc2ccccc2nc1P(C)8->C(C)(C)C)9->C(C)(C)C.[Rh+]89,3,25,1000,3.197061601,0.991,double P type,['double P type'],tri-sub
2975,C=C(NC(C)=O)C(=O)OC,COC(=O)[C@@H](C)NC(C)=O,ClCCl,,Rh,CC(C)Op1oc2ccc3ccccc3c2c2c(o1)c(COCc1ccccc1)cc1ccccc12,CC(C)Op8->1oc2ccc3ccccc3c2c2c(o1)c(COCc1ccccc1)cc1ccccc12.[Rh+]8,1,25,200,2.477862753,0.97,binol type,"['binol type', 'single P type']",di-sub
6053,C=C(NC(C)=O)C(=O)OC,COC(=O)[C@H](C)NC(C)=O,ClCCl,,Rh,Cc1ccc(-c2cc(-c3ccccc3)cc(-c3ccc(C)cc3C)p2)c(C)c1,Cc1ccc(-c2cc(-c3ccccc3)cc(-c3ccc(C)cc3C)p8->2)c(C)c1.[Rh+]8,1,25,1000,0,0,single P type,['single P type'],di-sub
6380,CC/C(C)=C(\NC(C)=O)C(=O)OC,CC[C@@H](C)[C@@H](NC(C)=O)C(=O)OC,CO,,Rh,CC(C)P(C)CCP(C)C(C)(C)C,CC(C)P(C)8->CCP(C)9->C(C)(C)C.[Rh+]89,2,25,100,2.169340323,0.95,double P type,['double P type'],tetra-sub
1882,COC(=O)/C(=C/c1ccc(Cl)cc1)NC(C)=O,COC(=O)[C@@H](Cc1ccc(Cl)cc1)NC(C)=O,ClCCl,,Rh,CC(C)(C)N(N(p1oc2ccc3ccccc3c2c2c(ccc3ccccc32)o1)C(C)(C)C)p1oc2ccc3ccccc3c2c2c(ccc3ccccc32)o1,CC(C)(C)N(N(p8->1oc2ccc3ccccc3c2c2c(ccc3ccccc32)o1)C(C)(C)C)p9->1oc2ccc3ccccc3c2c2c(ccc3ccccc32)o1.[Rh+]89,1,25,100,1.963997164,0.93,binol type,"['binol type', 'double P type']",tri-sub
7295,C=C(NC(C)=O)C(=O)OC,COC(=O)[C@H](C)NC(C)=O,CO,,Rh,Cc1ccc([C@H](C)P(C2CCCCC2)C2CCCCC2)c(P(c2ccccc2)c2ccccc2)c1.O=C[Cr](C=O)C=O,Cc1ccc([C@H](C)P(C2CCCCC2)8->C2CCCCC2)c(P(c2ccccc2)9->c2ccccc2)c1.O=C[Cr](C=O)C=O.[Rh+]89,1,25,100,1.795380785,0.908,double P type,['double P type'],di-sub
11832,O=C1OCCC/C1=C\c1ccc(C(F)(F)F)cc1,O=C1OCCC[C@@H]1Cc1ccc(C(F)(F)F)cc1,ClCCCl,,Rh,C[C@H](NC(=S)Nc1cc(C(F)(F)F)cc(C(F)(F)F)c1)C1=C(P(c2ccccc2)c2ccccc2)[C@@H]([Fe][C@H]2C=CC=C2P(c2ccccc2)c2ccccc2)C=C1,C[C@H](NC(=S)Nc1cc(C(F)(F)F)cc(C(F)(F)F)c1)C1=C(P(c2ccccc2)9->c2ccccc2)[C@@H]([Fe][C@H]2C=CC=C2P(c2ccccc2)8->c2ccccc2)C=C1.[Rh+]89,50,35,50,2.56101251,0.97,ferrocene type,"['ferrocene type', 'double P type']",tri-sub
1867,C=C(NC(C)=O)C(=O)OC,COC(=O)[C@@H](C)NC(C)=O,ClCCl,,Rh,CN(CCCCCCCCN(C)p1oc2ccc3ccccc3c2c2c(ccc3ccccc32)o1)p1oc2ccc3ccccc3c2c2c(ccc3ccccc32)o1,CN(CCCCCCCCN(C)p8->1oc2ccc3ccccc3c2c2c(ccc3ccccc32)o1)p9->1oc2ccc3ccccc3c2c2c(ccc3ccccc32)o1.[Rh+]89,1.3,25,1000,2.720952926,0.98,binol type,"['binol type', 'double P type']",di-sub
4594,[H]/C=C(/NC(C)=O)C(=O)OC.[H]/C=C(/NC(C)=O)C(=O)OC,COC(=O)[C@H](C)NC(C)=O,ClCCl,,Rh,CC(C)[C@H]1CC[C@H](C)C[C@@H]1Op1oc2ccccc2c2ccccc2o1,CC(C)[C@H]1CC[C@H](C)C[C@@H]1Op8->1oc2ccccc2c2ccccc2o1.[Rh+]8,1,60,500,0.146162426,0.11,single P type,['single P type'],di-sub
11811,O=C1OCCC/C1=C\c1ccccc1,O=C1OCCC[C@@H]1Cc1ccccc1,CCOC(C)=O,,Rh,C[C@H](NC(=S)Nc1cc(C(F)(F)F)cc(C(F)(F)F)c1)C1=C(P(c2ccccc2)c2ccccc2)[C@@H]([Fe][C@H]2C=CC=C2P(c2ccccc2)c2ccccc2)C=C1,C[C@H](NC(=S)Nc1cc(C(F)(F)F)cc(C(F)(F)F)c1)C1=C(P(c2ccccc2)9->c2ccccc2)[C@@H]([Fe][C@H]2C=CC=C2P(c2ccccc2)8->c2ccccc2)C=C1.[Rh+]89,30,25,100,0.35358588,0.29,ferrocene type,"['ferrocene type', 'double P type']",tri-sub
5485,COC(=O)/C(=C/c1ccccc1)NC(=O)OCc1ccccc1,COC(=O)[C@H](Cc1ccccc1)NC(=O)OCc1ccccc1,C1CCOC1,,Rh,CC(C)(C)S[C@H]1CCCC[C@@H]1OP(c1ccccc1)c1ccccc1,CC(C)(C)S[C@H]1CCCC[C@@H]1OP(c1ccccc1)8->c1ccccc1.[Rh+]8,7.8,25,100,2.169340323,0.95,single P type,['single P type'],tri-sub
223,COC(=O)/C(=C\c1ccc(Cl)c(Cl)c1)NC(C)=O,COC(=O)[C@H](Cc1ccc(Cl)c(Cl)c1)NC(C)=O,ClCCl,,Rh,Cc1ccccc1OP(Oc1ccccc1C)N(c1ccccc1C)N(c1ccccc1C)p1oc2ccc3ccccc3c2c2c(ccc3ccccc32)o1,Cc1ccccc1OP(Oc1ccccc1C)8->N(c1ccccc1C)N(c1ccccc1C)p9->1oc2ccc3ccccc3c2c2c(ccc3ccccc32)o1.[Rh+]89,5,25,100,0.118825087,0.1,binol type,"['binol type', 'double P type']",tri-sub
2361,COC(=O)/C(=C/c1ccc2ccccc2c1)NC(C)=O,COC(=O)[C@H](Cc1ccc2ccccc2c1)NC(C)=O,C1CCOC1.CO,,Rh,Cc1cc(C)cc(P(c2cc(C)cc(C)c2)N(C)[C@H](C)C2=C(P(c3ccccc3)c3ccccc3)C=C[C@@H]2[Fe]C2C=CC=C2)c1,Cc1cc(C)cc(P(c2cc(C)cc(C)c2)8->N(C)[C@H](C)C2=C(P(c3ccccc3)9->c3ccccc3)C=C[C@@H]2[Fe]C2C=CC=C2)c1.[Rh+]89,1,25,100,2.691763197,0.979,ferrocene type,"['ferrocene type', 'double P type']",tri-sub
8939,COC(=O)/C=C(\CP(=O)(OC)OC)c1ccccc1,COC(=O)CC(CP(=O)(OC)OC)c1ccccc1,ClCCl,,Rh,C[C@@H](C1=C([P@](c2ccccc2)c2cccc3ccccc23)C=C[C@H]1[Fe]C1C=CC=C1)N(C)P(c1ccc(C(F)(F)F)cc1)c1ccc(C(F)(F)F)cc1,C[C@@H](C1=C([P@](c2ccccc2)9->c2cccc3ccccc23)C=C[C@H]1[Fe]C1C=CC=C1)N(C)P(c1ccc(C(F)(F)F)cc1)8->c1ccc(C(F)(F)F)cc1.[Rh+]89,59,25,100,2.720952926,0.98,ferrocene type,"['ferrocene type', 'double P type']",tri-sub
1270,COC(=O)/C(=C/c1ccc(C)cc1)NC(C)=O,COC(=O)[C@@H](Cc1ccc(C)cc1)NC(C)=O,CO.Cc1ccccc1,,Rh,C[C@@H](C1=C[C@H]([Fe]C2C=CC=C2)C=C1P(c1ccccc1)c1ccccc1)n1nnc(-c2ccccc2)c1P(c1ccccc1)c1ccccc1,C[C@@H](C1=C[C@H]([Fe]C2C=CC=C2)C=C1P(c1ccccc1)8->c1ccccc1)n1nnc(-c2ccccc2)c1P(c1ccccc1)9->c1ccccc1.[Rh+]89,1,25,100,2.720952926,0.98,ferrocene type,"['ferrocene type', 'double P type']",tri-sub
6560,COC(=O)/C(=C/c1ccccc1)CNC(C)=O,COC(=O)[C@@H](CNC(C)=O)Cc1ccccc1,ClCCl,,Rh,COc1ccc(C(=O)NCc2ccc(COp3oc4ccc5ccccc5c4c4c(ccc5ccccc54)o3)cc2)cc1,COc1ccc(C(=O)NCc2ccc(COp8->3oc4ccc5ccccc5c4c4c(ccc5ccccc54)o3)cc2)cc1.[Rh+]8,49,25,100,3.134375973,0.99,binol type,"['binol type', 'single P type']",tri-sub
295,COC(=O)/C(=C/c1ccc(OC)cc1)NC(C)=O,COC(=O)[C@H](Cc1ccc(OC)cc1)NC(C)=O,ClCCl,,Rh,CC(C)P1Oc2cccc3c2C2(CC3)CCc3cccc(c32)O1,CC(C)P8->1Oc2cccc3c2C2(CC3)CCc3cccc(c32)O1.[Rh+]8,1,25,100,2.24685471,0.956,single P type,['single P type'],tri-sub
9153,CCC(=O)NC1=Cc2ccccc2CC1,CCC(=O)NC1CCc2ccccc2C1,ClCCl,,Rh,O=C(Nc1ccccc1)N[C@@H](c1ccccc1)[C@H](c1ccccc1)P1Cc2ccc3ccccc3c2-c2c(ccc3ccccc23)C1,O=C(Nc1ccccc1)N[C@@H](c1ccccc1)[C@H](c1ccccc1)P8->1Cc2ccc3ccccc3c2-c2c(ccc3ccccc23)C1.[Rh+]8,20,25,50,1.629293317,0.88,binol type,"['binol type', 'single P type']",tri-sub
1584,COC(=O)/C(=C/c1ccc(F)cc1)NC(C)=O,COC(=O)[C@H](Cc1ccc(F)cc1)NC(C)=O,ClCCl,,Rh,CCN(Cc1ccccc1)p1oc2ccc3ccccc3c2c2c(ccc3ccccc32)o1,CCN(Cc1ccccc1)p8->1oc2ccc3ccccc3c2c2c(ccc3ccccc32)o1.[Rh+]8,20,25,100,2.56379954,0.974,binol type,"['binol type', 'single P type']",tri-sub
9533,COC(=O)/C(=C/Sc1ccccc1)NC(C)=O,COC(=O)[C@@H](CSc1ccccc1)NC(C)=O,CC(C)=O,,Rh,CC(C)N(C(C)C)p1oc2c(P(c3ccccc3)c3ccccc3)cc3ccccc3c2c2c(o1)c(P(c1ccccc1)c1ccccc1)cc1ccccc12,CC(C)N(C(C)C)p18->oc2c(P(c3ccccc3)c3ccccc3)cc3ccccc3c2c2c(o1)c(P(c1ccccc1)c1ccccc1)cc1ccccc12.[Rh+]8,1,25,100,2.40254515,0.966,binol type,"['binol type', 'single P type']",tri-sub
5642,COC(=O)/C(=C/c1ccccc1)NC(=O)c1ccccc1,COC(=O)[C@@H](Cc1ccccc1)NC(=O)c1ccccc1,CO,,Rh,CC(C)(C)P1CCC[C@@H]1[C@H]1CCCP1C(C)(C)C,CC(C)(C)P8->1CCC[C@@H]1[C@H]1CCCP9->1C(C)(C)C.[Rh+]89,1,25,100,3.134375973,0.99,double P type,['double P type'],tri-sub
11334,COC(=O)/C(=C\c1ccccc1)NC(C)=O,COC(=O)[C@H](Cc1ccccc1)NC(C)=O,CCO,,Rh,C[C@@H](C1=C([PH](=O)c2ccccc2P(c2ccccc2)c2ccccc2)C=C[C@H]1[Fe]C1C=CC=C1)N(C)C,C[C@@H](C1=C([PH](=O)c2ccccc2P(c2ccccc2)8->c2ccccc2)C=C[C@H]1[Fe]C1C=CC=C1)N(C)C.[Rh+]8,10,25,100,0.37961533,0.31,ferrocene type,"['ferrocene type', 'single P type']",tri-sub
7202,C=C(NC(C)=O)C(=O)OC,COC(=O)[C@@H](C)NC(C)=O,ClCCl,,Rh,COC(=O)[C@@H](Np1oc2ccc3ccccc3c2c2c(ccc3ccccc32)o1)C(C)C,COC(=O)[C@@H](Np8->1oc2ccc3ccccc3c2c2c(ccc3ccccc32)o1)C(C)C.[Rh+]8,10,25,100,0.981902689,0.68,binol type,"['binol type', 'single P type']",di-sub
9968,CC(=O)NC1=Cc2ccccc2C1=O,CC(=O)N[C@H]1Cc2ccccc2C1=O,CO,,Rh,c1ccc(P(c2ccccc2)c2ccc3ccccc3c2-c2c(P(c3ccccc3)c3ccccc3)ccc3ccccc23)cc1,c1ccc(P(c2ccccc2)8->c2ccc3ccccc3c2-c2c(P(c3ccccc3)9->c3ccccc3)ccc3ccccc23)cc1.[Rh+]89,3,25,100,1.334717277,0.81,double P type,['double P type'],tri-sub
214,COC(=O)/C(=C\c1ccc(Cl)cc1)NC(C)=O,COC(=O)[C@H](Cc1ccc(Cl)cc1)NC(C)=O,ClCCl,,Rh,c1ccc(OP(Oc2ccccc2)N(c2ccccc2)N(c2ccccc2)p2oc3ccc4ccccc4c3c3c(ccc4ccccc43)o2)cc1,c1ccc(OP(Oc2ccccc2)8->N(c2ccccc2)N(c2ccccc2)p9->2oc3ccc4ccccc4c3c3c(ccc4ccccc43)o2)cc1.[Rh+]89,5,25,100,1.68395754,0.89,binol type,"['binol type', 'double P type']",tri-sub
9606,CC(=O)NC1=Cc2ccccc2CC1,CC(=O)N[C@H]1CCc2ccccc2C1,ClCCl,CCN(C(C)C)C(C)C,Rh,Cc1cc(C(C)(C)C)c2op(Oc3ccccc3P(c3ccccc3)c3ccccc3)oc3c(C(C)(C)C)cc(C)c(C)c3c2c1C,Cc1cc(C(C)(C)C)c2op(Oc3ccccc3P(c3ccccc3)8->c3ccccc3)9->oc3c(C(C)(C)C)cc(C)c(C)c3c2c1C.[Rh+]89,20,25,100,0,0,double P type,['double P type'],tri-sub
12007,CCOC(=O)/C=C(/c1ccc(F)cc1)[Si](CC)(CC)CC,CCOC(=O)C[C@H](c1ccc(F)cc1)[Si](CC)(CC)CC,OCC(F)(F)F,,Rh,C[C@H](NC(=S)Nc1cc(C(F)(F)F)cc(C(F)(F)F)c1)C1=C(P(c2ccccc2)c2ccccc2)[C@@H]([Fe][C@H]2C=CC=C2P(c2ccccc2)c2ccccc2)C=C1,C[C@H](NC(=S)Nc1cc(C(F)(F)F)cc(C(F)(F)F)c1)C1=C(P(c2ccccc2)9->c2ccccc2)[C@@H]([Fe][C@H]2C=CC=C2P(c2ccccc2)8->c2ccccc2)C=C1.[Rh+]89,50,40,100,3.292146576,0.99,ferrocene type,"['ferrocene type', 'double P type']",tri-sub
7287,COC(=O)/C(=C\c1ccccc1)NC(C)=O,COC(=O)[C@@H](Cc1ccccc1)NC(C)=O,CO,,Rh,Cc1ccc([C@H](C)P(C2CCCCC2)C2CCCCC2)c(P(c2ccccc2)c2ccccc2)c1.O=C[Cr](C=O)C=O,Cc1ccc([C@H](C)P(C2CCCCC2)8->C2CCCCC2)c(P(c2ccccc2)9->c2ccccc2)c1.O=C[Cr](C=O)C=O.[Rh+]89,1,25,100,1.35567769,0.816,double P type,['double P type'],tri-sub
9157,CC(=O)NC1=C(Cc2ccccc2)c2ccccc2CC1,CC(=O)NC1CCc2ccccc2C1Cc1ccccc1,ClCCl,,Rh,O=C(Nc1ccccc1)N[C@@H](c1ccccc1)[C@H](c1ccccc1)P(c1ccccc1)c1ccccc1,O=C(Nc1ccccc1)N[C@@H](c1ccccc1)[C@H](c1ccccc1)P(c1ccccc1)8->c1ccccc1.[Rh+]8,59,25,50,0.047396466,0.04,single P type,['single P type'],tetra-sub
7343,C=C(NC(C)=O)C(=O)OC,COC(=O)[C@@H](C)NC(C)=O,ClCCl,,Rh,C[S@](=O)(=Np1oc2ccc3ccccc3c2c2c(ccc3ccccc32)o1)c1ccccc1,C[S@](=O)(=N9->p8->1oc2ccc3ccccc3c2c2c(ccc3ccccc32)o1)c1ccccc1.[Rh+]89,1,25,1000,2.720952926,0.98,binol type,"['binol type', 'P,N type']",di-sub
1502,COC(=O)/C(=C/c1c(C)cc(OC(C)=O)cc1C)NC(C)=O,COC(=O)[C@H](Cc1c(C)cc(OC(C)=O)cc1C)NC(C)=O,ClCCl,,Rh,CP(c1ccccc1P(C)C(C)(C)C)C(C)(C)C,CP(c1ccccc1P(C)9->C(C)(C)C)8->C(C)(C)C.[Rh+]89,20,25,200,2.978126328,0.987,double P type,['double P type'],tri-sub
9994,CC(=O)NC1=Cc2cc3ccccc3cc2C1=O,CC(=O)N[C@H]1Cc2cc3ccccc3cc2C1=O,CCOC(C)=O,,Rh,CP(CP(C(C)(C)C)C(C)(C)C)C(C)(C)C,CP(CP(C(C)(C)C)9->C(C)(C)C)8->C(C)(C)C.[Rh+]89,3,25,100,2.720952926,0.98,double P type,['double P type'],tri-sub
2864,COC(COC(=O)/C(=C/c1cc2c(c(C)c1OCc1ccccc1)OCO2)NC(=O)OCc1ccccc1)OC,COC(COC(=O)[C@H](Cc1cc2c(c(C)c1OCc1ccccc1)OCO2)NC(=O)OCc1ccccc1)OC,ClCCl,,Rh,COC1=CC=CC[C@@H]1P(CCP(c1ccccc1)c1ccccc1OC)c1ccccc1,COC1=CC=CC[C@@H]1P(CCP(c1ccccc1)9->c1ccccc1OC)8->c1ccccc1.[Rh+]89,3,25,100,2.304501335,0.96,double P type,['double P type'],tri-sub
12603,O=C1C=C(c2ccccc2)C(=O)O1,O=C1C[C@H](c2ccccc2)C(=O)O1,C1CCOC1,,Rh,C[C@H](NC(=S)Nc1cc(C(F)(F)F)cc(C(F)(F)F)c1)C1=C(P(c2ccccc2)c2ccccc2)[C@@H]([Fe][C@H]2C=CC=C2P(c2ccccc2)c2ccccc2)C=C1,C[C@H](NC(=S)Nc1cc(C(F)(F)F)cc(C(F)(F)F)c1)C1=C(P(c2ccccc2)9->c2ccccc2)[C@@H]([Fe][C@H]2C=CC=C2P(c2ccccc2)8->c2ccccc2)C=C1.[Rh+]89,30,25,100,1.334717277,0.81,ferrocene type,"['ferrocene type', 'double P type']",tri-sub
207,COC(=O)/C(=C\c1ccc(Cl)c(Cl)c1)NC(C)=O,COC(=O)[C@H](Cc1ccc(Cl)c(Cl)c1)NC(C)=O,ClCCl,,Rh,Cc1ccccc1N(N(c1ccccc1C)p1oc2ccc3ccccc3c2c2c(ccc3ccccc32)o1)p1oc2ccc3ccccc3c2c2c(ccc3ccccc32)o1,Cc1ccccc1N(N(c1ccccc1C)p8->1oc2ccc3ccccc3c2c2c(ccc3ccccc32)o1)p9->1oc2ccc3ccccc3c2c2c(ccc3ccccc32)o1.[Rh+]89,5,25,100,0.766847977,0.57,binol type,"['binol type', 'double P type']",tri-sub
182,COC(=O)/C(=C\c1ccc(F)cc1)NC(C)=O,COC(=O)[C@@H](Cc1ccc(F)cc1)NC(C)=O,ClCCl,,Rh,CN(N(C)p1oc2ccc3ccccc3c2c2c(ccc3ccccc32)o1)p1oc2ccc3ccccc3c2c2c(ccc3ccccc32)o1,CN(N(C)p8->1oc2ccc3ccccc3c2c2c(ccc3ccccc32)o1)p9->1oc2ccc3ccccc3c2c2c(ccc3ccccc32)o1.[Rh+]89,5,25,100,1.369995111,0.82,binol type,"['binol type', 'double P type']",tri-sub
5604,COC(=O)/C(=C/c1ccc(F)cc1)NC(C)=O,COC(=O)[C@@H](Cc1ccc(F)cc1)NC(C)=O,C1CCOC1,,Rh,CCN(CC)p1oc2ccc3ccccc3c2c2c(ccc3ccccc32)o1,CCN(CC)p8->1oc2ccc3ccccc3c2c2c(ccc3ccccc32)o1.[Rh+]8,20,25,100,4.089763758,0.998,binol type,"['binol type', 'single P type']",tri-sub
1764,COC(=O)/C=C(\NC(C)=O)c1ccc(C)cc1,COC(=O)C[C@@H](NC(C)=O)c1ccc(C)cc1,ClCCl,,Rh,C[C@H](Np1oc2ccc3ccccc3c2c2c(ccc3ccccc32)o1)C1=C[C@H]([Fe]C2C=CC=C2)C=C1P(c1ccccc1)c1ccccc1,C[C@H](Np9->1oc2ccc3ccccc3c2c2c(ccc3ccccc32)o1)C1=C[C@H]([Fe]C2C=CC=C2)C=C1P(c1ccccc1)8->c1ccccc1.[Rh+]89,10,5,100,2.31156324,0.97,binol type,"['binol type', 'ferrocene type', 'double P type']",tri-sub
7302,C=C(NC(C)=O)C(=O)OC,COC(=O)[C@H](C)NC(C)=O,CO,,Rh,Cc1cc(C)cc(P(c2cc(C)cc(C)c2)c2ccccc2[C@@H](C)P(c2cc(C)cc(C)c2)c2cc(C)cc(C)c2)c1.O=C[Cr](C=O)C=O,Cc1cc(C)cc(P(c2cc(C)cc(C)c2)8->c2ccccc2[C@@H](C)P(c2cc(C)cc(C)c2)9->c2cc(C)cc(C)c2)c1.O=C[Cr](C=O)C=O.[Rh+]89,1,25,100,0.048582691,0.041,double P type,['double P type'],di-sub
12139,CC(=O)N/C(=C\c1ccc(C(C)(C)C)cc1)C(F)(F)F,CC(=O)N[C@@H](Cc1ccc(C(C)(C)C)cc1)C(F)(F)F,CO,,Rh,CC(C)(C)P1Cc2ccccc2[C@H]1[C@@H]1c2ccccc2CP1C(C)(C)C,CC(C)(C)P8->1Cc2ccccc2[C@H]1[C@@H]1c2ccccc2CP9->1C(C)(C)C.[Rh+]89,5,25,100,3.134375973,0.99,double P type,['double P type'],tri-sub
11948,C/C=C/C=C(\NC(C)=O)C(=O)OC,C/C=C/C[C@@H](NC(C)=O)C(=O)OC,ClCCl,,Rh,CC(C)(C)P1CCC[C@@H]1[C@H]1CCCP1C(C)(C)C,CC(C)(C)P8->1CCC[C@@H]1[C@H]1CCCP9->1C(C)(C)C.[Rh+]89,1.5,25,3000,3.134375973,0.99,double P type,['double P type'],tri-sub
11685,CCOC(=O)/C=C(\Sc1cccc(C)c1)c1ccccc1,CCOC(=O)C[C@@H](Sc1cccc(C)c1)c1ccccc1,ClCCl,,Rh,C[C@H](NC(=S)Nc1cc(C(F)(F)F)cc(C(F)(F)F)c1)C1=C(P(c2ccccc2)c2ccccc2)[C@@H]([Fe][C@H]2C=CC=C2P(c2ccccc2)c2ccccc2)C=C1,C[C@H](NC(=S)Nc1cc(C(F)(F)F)cc(C(F)(F)F)c1)C1=C(P(c2ccccc2)9->c2ccccc2)[C@@H]([Fe][C@H]2C=CC=C2P(c2ccccc2)8->c2ccccc2)C=C1.[Rh+]89,50,30,100,3.186966174,0.99,ferrocene type,"['ferrocene type', 'double P type']",tri-sub
6455,C=C(NC(C)=O)C(=O)OC,COC(=O)[C@@H](C)NC(C)=O,ClCCl,,Rh,O=C(Nc1cccc(COp2oc3ccc4ccccc4c3c3c(ccc4ccccc43)o2)c1)c1ccccc1,O=C(Nc1cccc(COp8->2oc3ccc4ccccc4c3c3c(ccc4ccccc43)o2)c1)c1ccccc1.[Rh+]8,1,25,100,3.134375973,0.99,binol type,"['binol type', 'single P type']",di-sub
183,COC(=O)/C(=C\c1ccc(Cl)cc1)NC(C)=O,COC(=O)[C@@H](Cc1ccc(Cl)cc1)NC(C)=O,ClCCl,,Rh,CN(N(C)p1oc2ccc3ccccc3c2c2c(ccc3ccccc32)o1)p1oc2ccc3ccccc3c2c2c(ccc3ccccc32)o1,CN(N(C)p8->1oc2ccc3ccccc3c2c2c(ccc3ccccc32)o1)p9->1oc2ccc3ccccc3c2c2c(ccc3ccccc32)o1.[Rh+]89,5,25,100,1.407085487,0.83,binol type,"['binol type', 'double P type']",tri-sub
3255,COC(=O)/C(=C/c1ccccc1)CNC(C)=O,COC(=O)C(CNC(C)=O)Cc1ccccc1,ClCCl,,Rh,O=C(NCc1cccc(COp2oc3ccc4ccccc4c3c3c(ccc4ccccc43)o2)c1)c1ccccc1C(=O)Nc1cc(C(F)(F)F)cc(C(F)(F)F)c1,O=C(NCc1cccc(COp8->2oc3ccc4ccccc4c3c3c(ccc4ccccc43)o2)c1)c1ccccc1C(=O)Nc1cc(C(F)(F)F)cc(C(F)(F)F)c1.[Rh+]8,49,25,100,3.134375973,0.99,binol type,"['binol type', 'single P type']",tri-sub
7345,C=C(NC(C)=O)C(=O)OC,COC(=O)[C@H](C)NC(C)=O,ClCCl,,Rh,O=S(=Np1oc2ccc3ccccc3c2c2c(ccc3ccccc32)o1)(c1ccccc1)c1ccccc1,O=S(=N9->p8->1oc2ccc3ccccc3c2c2c(ccc3ccccc32)o1)(c1ccccc1)c1ccccc1.[Rh+]89,1,25,1000,2.78393889,0.982,binol type,"['binol type', 'P,N type']",di-sub
11615,COC(=O)/C(OC(C)=O)=C(\NC(C)=O)c1cccc(OC)c1,COC(=O)[C@H](OC(C)=O)[C@@H](NC(C)=O)c1cccc(OC)c1,ClCCl,,Rh,CC(C)(C)P1Cc2ccccc2[C@H]1[C@@H]1c2ccccc2CP1C(C)(C)C,CC(C)(C)P8->1Cc2ccccc2[C@H]1[C@@H]1c2ccccc2CP9->1C(C)(C)C.[Rh+]89,30,25,100,2.169340323,0.95,double P type,['double P type'],tetra-sub
6456,C=C(NC(C)=O)C(=O)OC,COC(=O)[C@@H](C)NC(C)=O,ClCCl,,Rh,O=C(NCc1cccc(COp2oc3ccc4ccccc4c3c3c(ccc4ccccc43)o2)c1)c1ccccc1,O=C(NCc1cccc(COp8->2oc3ccc4ccccc4c3c3c(ccc4ccccc43)o2)c1)c1ccccc1.[Rh+]8,1,25,100,3.134375973,0.99,binol type,"['binol type', 'single P type']",di-sub
7286,COC(=O)/C(=C\c1ccccc1)NC(C)=O,COC(=O)[C@H](Cc1ccccc1)NC(C)=O,CO,,Rh,C[C@H](c1ccccc1P(c1ccccc1)c1ccccc1)P(C1CCCCC1)C1CCCCC1.O=C[Cr](C=O)C=O,C[C@H](c1ccccc1P(c1ccccc1)8->c1ccccc1)P(C1CCCCC1)9->C1CCCCC1.O=C[Cr](C=O)C=O.[Rh+]89,1,25,100,1.050673587,0.71,double P type,['double P type'],tri-sub
5477,COC(=O)/C(=C/c1cccc(Br)c1)NC(C)=O,COC(=O)[C@@H](Cc1cccc(Br)c1)NC(C)=O,C1CCOC1,,Rh,CC(C)(C)S[C@H]1CCCC[C@@H]1OP(c1ccccc1)c1ccccc1,CC(C)(C)S[C@H]1CCCC[C@@H]1OP(c1ccccc1)8->c1ccccc1.[Rh+]8,7.8,25,100,2.169340323,0.95,single P type,['single P type'],tri-sub
835,COc1cccc2c1CCC(NC(C)=O)=C2,COc1cccc2c1CC[C@@H](NC(C)=O)C2,ClCCl,,Rh,CC(C)(C)P1c2c(cccc2-c2c3ccccc3cc3ccccc23)O[C@@H]1[C@H]1Oc2cccc(-c3c4ccccc4cc4ccccc34)c2P1C(C)(C)C,CC(C)(C)P8->1c2c(cccc2-c2c3ccccc3cc3ccccc23)O[C@@H]1[C@H]1Oc2cccc(-c3c4ccccc4cc4ccccc34)c2P9->1C(C)(C)C.[Rh+]89,51,50,200,2.497831984,0.96,double P type,['double P type'],tri-sub
11996,CCOC(=O)/C=C(/c1ccccc1)[Si](C)(C)C,CCOC(=O)C[C@H](c1ccccc1)[Si](C)(C)C,Cc1ccccc1,,Rh,C[C@H](NC(=S)Nc1cc(C(F)(F)F)cc(C(F)(F)F)c1)C1=C(P(c2ccccc2)c2ccccc2)[C@@H]([Fe][C@H]2C=CC=C2P(c2ccccc2)c2ccccc2)C=C1,C[C@H](NC(=S)Nc1cc(C(F)(F)F)cc(C(F)(F)F)c1)C1=C(P(c2ccccc2)9->c2ccccc2)[C@@H]([Fe][C@H]2C=CC=C2P(c2ccccc2)8->c2ccccc2)C=C1.[Rh+]89,50,40,100,2.420499724,0.96,ferrocene type,"['ferrocene type', 'double P type']",tri-sub
5438,COC(=O)/C(=C/c1ccc(OC(C)=O)c(OC)c1)NC(C)=O,COC(=O)[C@@H](Cc1ccc(OC(C)=O)c(OC)c1)NC(C)=O,CCOC(C)=O,,Rh,CN(C)p1oc2ccc3ccccc3c2c2c(ccc3ccccc32)o1,CN(C)p8->1oc2ccc3ccccc3c2c2c(ccc3ccccc32)o1.[Rh+]8,1,0,20,2.728283515,0.987,binol type,"['binol type', 'single P type']",tri-sub
6364,COC(=O)C(NC(C)=O)=C1CCCCC1,COC(=O)[C@H](NC(C)=O)C1CCCCC1,CO,,Rh,CP(CCP(C)C1C=CC=C1)C1C=CC=C1,CP(CCP(C)9->C1C=CC=C1)8->C1C=CC=C1.[Rh+]89,2,25,100,1.963997164,0.93,double P type,['double P type'],tetra-sub
1735,COC(=O)/C(=C/c1ccc(Cl)cc1)NC(=O)c1ccccc1,COC(=O)[C@H](Cc1ccc(Cl)cc1)NC(=O)c1ccccc1,C1CCOC1,,Rh,C[C@H](C1=C(P(c2ccccc2)c2ccccc2)[C@H]([Fe]C2C=CC=C2)C=C1)N(C)p1oc2ccc3ccccc3c2c2c(ccc3ccccc32)o1,C[C@H](C1=C(P(c2ccccc2)8->c2ccccc2)[C@H]([Fe]C2C=CC=C2)C=C1)N(C)p9->1oc2ccc3ccccc3c2c2c(ccc3ccccc32)o1.[Rh+]89,20.7,25,100,3.134375973,0.99,binol type,"['binol type', 'ferrocene type', 'double P type']",tri-sub
4111,COC(=O)/C(=C/c1cccc([N+](=O)[O-])c1)NC(C)=O,COC(=O)[C@@H](Cc1cccc([N+](=O)[O-])c1)NC(C)=O,ClCCl,,Rh,CN(C)p1oc2ccc3ccccc3c2c2c(ccc3ccccc32)o1,CN(C)p8->1oc2ccc3ccccc3c2c2c(ccc3ccccc32)o1.[Rh+]8,5,25,25,2.169340323,0.95,binol type,"['binol type', 'single P type']",tri-sub
11331,COC(=O)/C(=C\c1ccccc1)NC(C)=O,COC(=O)[C@H](Cc1ccccc1)NC(C)=O,CCO,,Rh,C[C@@H](C1=C(P(C)c2ccccc2P(C(C)(C)C)C(C)(C)C)C=C[C@H]1[Fe]C1C=CC=C1)N(C)C,C[C@@H](C1=C(P(C)8->c2ccccc2P(C(C)(C)C)9->C(C)(C)C)C=C[C@H]1[Fe]C1C=CC=C1)N(C)C.[Rh+]89,10,25,100,0.501718708,0.4,ferrocene type,"['ferrocene type', 'double P type']",tri-sub
9646,C=C(NC(C)=O)C(=O)OC,COC(=O)[C@@H](C)NC(C)=O,CC(C)=O,,Rh,CCN(CC)p1oc2c(P(c3ccccc3)c3ccccc3)cc3ccccc3c2c2c(o1)c(P(c1ccccc1)c1ccccc1)cc1ccccc12,CCN(CC)p8->1oc2c(P(c3ccccc3)9->c3ccccc3)cc3ccccc3c2c2c(o1)c(P(c1ccccc1)c1ccccc1)cc1ccccc12.[Rh+]89,1,25,100,2.43904547,0.968,binol type,"['binol type', 'double P type']",di-sub
1458,COC(=O)/C=C(\NC(C)=O)c1ccccc1,COC(=O)C[C@H](NC(C)=O)c1ccccc1,CO,,Rh,CP(c1cc2c(cc1P(C)C(C)(C)C)OCO2)C(C)(C)C,CP(c1cc2c(cc1P(C)9->C(C)(C)C)OCO2)8->C(C)(C)C.[Rh+]89,3,25,1000,2.219927286,0.954,double P type,['double P type'],tri-sub
12143,CC(=O)N/C(=C\c1ccccc1)C(F)(F)F,CC(=O)N[C@@H](Cc1ccccc1)C(F)(F)F,CO,,Rh,CC(C)(C)P1Cc2ccccc2[C@H]1[C@@H]1c2ccccc2CP1C(C)(C)C,CC(C)(C)P8->1Cc2ccccc2[C@H]1[C@@H]1c2ccccc2CP9->1C(C)(C)C.[Rh+]89,10,25,1000,3.134375973,0.99,double P type,['double P type'],tri-sub
209,COC(=O)/C(=C\c1ccc(F)cc1)NC(C)=O,COC(=O)[C@@H](Cc1ccc(F)cc1)NC(C)=O,ClCCl,,Rh,Cc1ccccc1N(N(c1ccccc1C)p1oc2ccc3ccccc3c2c2c(ccc3ccccc32)o1)p1oc2ccc3ccccc3c2c2c(ccc3ccccc32)o1,Cc1ccccc1N(N(c1ccccc1C)p8->1oc2ccc3ccccc3c2c2c(ccc3ccccc32)o1)p9->1oc2ccc3ccccc3c2c2c(ccc3ccccc32)o1.[Rh+]89,5,25,100,0.784540948,0.58,binol type,"['binol type', 'double P type']",tri-sub
2811,COC(=O)/C(=C/c1cccc(Cl)c1)CC(=O)O,COC(=O)[C@H](CC(=O)O)Cc1cccc(Cl)c1,C1CCOC1,,Rh,CC(C)(C)P1CCC[C@@H]1[C@H]1CCCP1C(C)(C)C,CC(C)(C)P8->1CCC[C@@H]1[C@H]1CCCP9->1C(C)(C)C.[Rh+]89,1,25,200,3.134375973,0.99,double P type,['double P type'],tri-sub
9535,CCC/C=C(\NC(C)=O)C(=O)OC,CCCC[C@@H](NC(C)=O)C(=O)OC,CC(C)=O,,Rh,CN(C)p1oc2c(P(c3ccccc3)c3ccccc3)cc3ccccc3c2c2c(o1)c(P(c1ccccc1)c1ccccc1)cc1ccccc12,CN(C)p9->1oc2c(P(c3ccccc3)c3ccccc3)cc3ccccc3c2c2c(o1)c(P(c1ccccc1)8->c1ccccc1)cc1ccccc12.[Rh+]89,1,25,100,2.519317024,0.972,binol type,"['binol type', 'double P type']",tri-sub
2401,CC(=O)N/C(=C\c1ccccc1)C(=O)O,CC(=O)N[C@@H](Cc1ccccc1)C(=O)O,C1CCOC1.CO,,Rh,C[C@H](C1=C(P(c2ccccc2)c2ccccc2)C=C[C@@H]1[Fe]C1C=CC=C1)N(C)P(c1cc(F)cc(F)c1)c1cc(F)cc(F)c1,C[C@H](C1=C(P(c2ccccc2)8->c2ccccc2)C=C[C@@H]1[Fe]C1C=CC=C1)N(C)P(c1cc(F)cc(F)c1)9->c1cc(F)cc(F)c1.[Rh+]89,1,25,100,3.197061601,0.991,ferrocene type,"['ferrocene type', 'double P type']",tri-sub
6553,COC(=O)/C(=C/c1ccccc1)CNC(C)=O,COC(=O)[C@@H](CNC(C)=O)Cc1ccccc1,ClCCl.OCC(F)(F)F,,Rh,CN(Cc1cccc(COp2oc3ccc4ccccc4c3c3c(ccc4ccccc43)o2)c1)C(=O)c1ccc(C(F)(F)F)cc1,CN(Cc1cccc(COp8->2oc3ccc4ccccc4c3c3c(ccc4ccccc43)o2)c1)C(=O)c1ccc(C(F)(F)F)cc1.[Rh+]8,49,25,100,0.89788956,0.64,binol type,"['binol type', 'single P type']",tri-sub
11704,CCOC(=O)/C=C(\Sc1ccccc1)c1ccc(C(C)(C)C)cc1,CCOC(=O)C[C@H](Sc1ccccc1)c1ccc(C(C)(C)C)cc1,OCC(F)(F)F,,Rh,C[C@H](NC(=S)Nc1cc(C(F)(F)F)cc(C(F)(F)F)c1)C1=C(P(c2ccccc2)c2ccccc2)[C@@H]([Fe][C@H]2C=CC=C2P(c2ccccc2)c2ccccc2)C=C1,C[C@H](NC(=S)Nc1cc(C(F)(F)F)cc(C(F)(F)F)c1)C1=C(P(c2ccccc2)9->c2ccccc2)[C@@H]([Fe][C@H]2C=CC=C2P(c2ccccc2)8->c2ccccc2)C=C1.[Rh+]89,50,60,100,2.575164243,0.96,ferrocene type,"['ferrocene type', 'double P type']",tri-sub
823,CC(=O)N/C(C)=C/c1ccccc1C,CC(=O)N[C@H](C)Cc1ccccc1C,ClCCl,,Rh,CC(C)(C)P1c2c(cccc2-c2c3ccccc3cc3ccccc23)O[C@@H]1[C@H]1Oc2cccc(-c3c4ccccc4cc4ccccc34)c2P1C(C)(C)C,CC(C)(C)P8->1c2c(cccc2-c2c3ccccc3cc3ccccc23)O[C@@H]1[C@H]1Oc2cccc(-c3c4ccccc4cc4ccccc34)c2P9->1C(C)(C)C.[Rh+]89,51,50,200,2.497831984,0.96,double P type,['double P type'],tri-sub
6371,CC/C(C)=C(/NC(C)=O)C(=O)OC,CC[C@H](C)[C@@H](NC(C)=O)C(=O)OC,CO,,Rh,CP(CCP(C)C1CCCCC1)C1CCCCC1,CP(CCP(C)9->C1CCCCC1)8->C1CCCCC1.[Rh+]89,2,25,100,1.163153433,0.754,double P type,['double P type'],tetra-sub
8969,COC(=O)/C(=C/c1ccccc1)NC=O,COC(=O)[C@@H](Cc1ccccc1)NC=O,ClCCl,,Rh,c1ccc2c(c1)ccc1op(N3CCCCC3)oc3ccc4ccccc4c3c12,c1ccc2c(c1)ccc1op(N3CCCCC3)8->oc3ccc4ccccc4c3c12.[Rh+]8,5,25,20,3.134375973,0.99,binol type,"['binol type', 'single P type']",tri-sub
11313,COC(=O)/C(NC(C)=O)=C(/c1ccccc1)c1cc(C)cc(C)c1,COC(=O)[C@@H](NC(C)=O)[C@@H](c1ccccc1)c1cc(C)cc(C)c1,CO,,Rh,C[C@H](C1=C(P(c2ccc(C(F)(F)F)cc2)c2ccc(C(F)(F)F)cc2)[C@H]([Fe]C2C=CC=C2)C=C1)P(C(C)(C)C)C(C)(C)C,C[C@H](C1=C(P(c2ccc(C(F)(F)F)cc2)8->c2ccc(C(F)(F)F)cc2)[C@H]([Fe]C2C=CC=C2)C=C1)P(C(C)(C)C)9->C(C)(C)C.[Rh+]89,27,25,20,2.304501335,0.96,ferrocene type,"['ferrocene type', 'double P type']",tetra-sub
11325,C=C(NC(C)=O)C(=O)OC,COC(=O)[C@H](C)NC(C)=O,CCO,,Rh,C[C@@H](C1=C(P(c2ccccc2)c2ccccc2P(C2CCCCC2)C2CCCCC2)C=C[C@H]1[Fe]C1C=CC=C1)N(C)C,C[C@@H](C1=C(P(c2ccccc2)8->c2ccccc2P(C2CCCCC2)9->C2CCCCC2)C=C[C@H]1[Fe]C1C=CC=C1)N(C)C.[Rh+]89,10,25,100,0.37961533,0.31,ferrocene type,"['ferrocene type', 'double P type']",di-sub
10147,CCOC(=O)/C=C(\NC(C)=O)c1ccccc1,CCOC(=O)C[C@@H](NC(C)=O)c1ccccc1,CO,,Rh,FC(F)(F)c1cc(P(N[C@@H]2CCCc3cccc(P(c4ccccc4)c4ccccc4)c32)c2cc(C(F)(F)F)cc(C(F)(F)F)c2)cc(C(F)(F)F)c1,FC(F)(F)c1cc(P(N[C@@H]2CCCc3cccc(P(c4ccccc4)9->c4ccccc4)c32)8->c2cc(C(F)(F)F)cc(C(F)(F)F)c2)cc(C(F)(F)F)c1.[Rh+]89,10,25,100,1.889608589,0.921,double P type,['double P type'],tri-sub
12559,CCOC(=O)/C(NC(C)=O)=C(\OC(C)=O)c1ccc(Cl)cc1,CCOC(=O)[C@@H](NC(C)=O)[C@H](OC(C)=O)c1ccc(Cl)cc1,ClCCl,,Rh,CC(C)(C)P1Cc2ccccc2C1[C@H]1c2ccccc2CP1C(C)(C)C,CC(C)(C)P8->1Cc2ccccc2C1[C@H]1c2ccccc2CP9->1C(C)(C)C.[Rh+]89,30,25,50,3.134375973,0.99,double P type,['double P type'],tetra-sub
5938,C=C(NC(C)=O)C(=O)OC,COC(=O)[C@@H](C)NC(C)=O,CCOC(C)=O,,Rh,CC(C)N(C(C)C)P1Cc2ccc3ccccc3c2-c2c(ccc3ccccc23)C1,CC(C)N(C(C)C)P8->1Cc2ccc3ccccc3c2-c2c(ccc3ccccc23)C1.[Rh+]8,1,25,100,0.166895259,0.14,binol type,"['binol type', 'single P type']",di-sub
5939,C=C(NC(C)=O)C(=O)OC,COC(=O)[C@@H](C)NC(C)=O,C1CCOC1,,Rh,c1ccc2c3c(ccc2c1)CP(N1CCC1)Cc1ccc2ccccc2c1-3,c1ccc2c3c(ccc2c1)CP(N1CCC1)8->Cc1ccc2ccccc2c1-3.[Rh+]8,1,25,100,0.501718708,0.4,binol type,"['binol type', 'single P type']",di-sub
4348,COC(=O)/C(=C/c1ccc(C)cc1)NC(C)=O,COC(=O)[C@H](Cc1ccc(C)cc1)NC(C)=O,CO,,Rh,CC(C)(C)Oc1ccccc1P(CCP(c1ccccc1)c1ccccc1OC(C)(C)C)c1ccccc1,CC(C)(C)Oc1ccccc1P(CCP(c1ccccc1)9->c1ccccc1OC(C)(C)C)8->c1ccccc1.[Rh+]89,1,22,1000,4.455192972,0.999,double P type,['double P type'],tri-sub
12358,CCC/C=C(\NC(C)=O)C(=O)OC,CCCC[C@@H](NC(C)=O)C(=O)OC,CO,,Rh,CC(C)(C)P1Cc2ccccc2C1[C@H]1c2ccccc2CP1C(C)(C)C,CC(C)(C)P8->1Cc2ccccc2C1[C@H]1c2ccccc2CP9->1C(C)(C)C.[Rh+]89,7,25,100,3.134375973,0.99,double P type,['double P type'],tri-sub
9607,CC(=O)NC1=Cc2ccccc2CC1,CC(=O)N[C@H]1CCc2ccccc2C1,ClCCl,CCN(C(C)C)C(C)C,Rh,Cc1cc(C(C)(C)C)c2op(OCCP(c3ccccc3)c3ccccc3)oc3c(C(C)(C)C)cc(C)c(C)c3c2c1C,Cc1cc(C(C)(C)C)c2op(OCCP(c3ccccc3)8->c3ccccc3)9->oc3c(C(C)(C)C)cc(C)c(C)c3c2c1C.[Rh+]89,20,25,100,0,0,double P type,['double P type'],tri-sub
1873,COC(=O)/C(=C/c1ccc(Cl)cc1)NC(C)=O,COC(=O)[C@@H](Cc1ccc(Cl)cc1)NC(C)=O,ClCCl,,Rh,CN(N(C)p1oc2ccc3ccccc3c2c2c(ccc3ccccc32)o1)p1oc2ccc3ccccc3c2c2c(ccc3ccccc32)o1,CN(N(C)p8->1oc2ccc3ccccc3c2c2c(ccc3ccccc32)o1)p9->1oc2ccc3ccccc3c2c2c(ccc3ccccc32)o1.[Rh+]89,5,25,100,1.407085487,0.83,binol type,"['binol type', 'double P type']",tri-sub
7986,COC(=O)/C=C(\NC(C)=O)c1ccccc1,COOCC[C@@H](NC(C)=O)c1ccccc1,CO,,Rh,CN(C)P1Oc2cccc3c2C2(CC3)CCc3cccc(c32)O1,CN(C)P8->1Oc2cccc3c2C2(CC3)CCc3cccc(c32)O1.[Rh+]8,100,25,50,1.487635919,0.85,single P type,['single P type'],tri-sub
12009,CCOC(=O)/C=C(/c1ccc(-c2ccccc2)cc1)[Si](CC)(CC)CC,CCOC(=O)C[C@H](c1ccc(-c2ccccc2)cc1)[Si](CC)(CC)CC,OCC(F)(F)F,,Rh,C[C@H](NC(=S)Nc1cc(C(F)(F)F)cc(C(F)(F)F)c1)C1=C(P(c2ccccc2)c2ccccc2)[C@@H]([Fe][C@H]2C=CC=C2P(c2ccccc2)c2ccccc2)C=C1,C[C@H](NC(=S)Nc1cc(C(F)(F)F)cc(C(F)(F)F)c1)C1=C(P(c2ccccc2)9->c2ccccc2)[C@@H]([Fe][C@H]2C=CC=C2P(c2ccccc2)8->c2ccccc2)C=C1.[Rh+]89,50,40,100,2.857913644,0.98,ferrocene type,"['ferrocene type', 'double P type']",tri-sub
5195,COC(=O)/C(=C/c1cccc(OC)c1)NC(C)=O,COC(=O)[C@@H](Cc1cccc(OC)c1)NC(C)=O,ClCCl,,Rh,CN(C)p1oc2ccc3ccccc3c2c2c(ccc3ccccc32)o1,CN(C)p8->1oc2ccc3ccccc3c2c2c(ccc3ccccc32)o1.[Rh+]8,5,25,100,2.477862753,0.97,binol type,"['binol type', 'single P type']",tri-sub
11684,CCOC(=O)/C=C(\Sc1ccccc1C)c1ccccc1,CCOC(=O)C[C@@H](Sc1ccccc1C)c1ccccc1,ClCCl,,Rh,C[C@H](NC(=S)Nc1cc(C(F)(F)F)cc(C(F)(F)F)c1)C1=C(P(c2ccccc2)c2ccccc2)[C@@H]([Fe][C@H]2C=CC=C2P(c2ccccc2)c2ccccc2)C=C1,C[C@H](NC(=S)Nc1cc(C(F)(F)F)cc(C(F)(F)F)c1)C1=C(P(c2ccccc2)9->c2ccccc2)[C@@H]([Fe][C@H]2C=CC=C2P(c2ccccc2)8->c2ccccc2)C=C1.[Rh+]89,50,30,100,3.186966174,0.99,ferrocene type,"['ferrocene type', 'double P type']",tri-sub
3568,COC(=O)/C(=C\c1ccccc1)NC(=O)OC(C)(C)C,COC(=O)[C@H](Cc1ccccc1)NC(=O)OC(C)(C)C,C1CCOC1,,Rh,COC[C@H](Op1oc2ccc3ccccc3c2c2c(ccc3ccccc32)o1)[C@@H](c1ccccc1)P(c1ccccc1)c1ccccc1,COC[C@H](Op9->1oc2ccc3ccccc3c2c2c(ccc3ccccc32)o1)[C@@H](c1ccccc1)P(c1ccccc1)8->c1ccccc1.[Rh+]89,20,25,100,0.340695957,0.28,binol type,"['binol type', 'double P type']",tri-sub
5210,COC(=O)/C(=C/c1ccc(-c2ccccc2)c(F)c1)NC(C)=O,COC(=O)[C@@H](Cc1ccc(-c2ccccc2)c(F)c1)NC(C)=O,ClCCl,,Rh,CN(C)p1oc2ccc3ccccc3c2c2c(ccc3ccccc32)o1,CN(C)p8->1oc2ccc3ccccc3c2c2c(ccc3ccccc32)o1.[Rh+]8,5,25,100,1.963997164,0.93,binol type,"['binol type', 'single P type']",tri-sub
822,COc1ccc(/C=C(\C)NC(C)=O)cc1,COc1ccc(C[C@@H](C)NC(C)=O)cc1,ClCCl,,Rh,CC(C)(C)P1c2c(cccc2-c2c3ccccc3cc3ccccc23)O[C@@H]1[C@H]1Oc2cccc(-c3c4ccccc4cc4ccccc34)c2P1C(C)(C)C,CC(C)(C)P8->1c2c(cccc2-c2c3ccccc3cc3ccccc23)O[C@@H]1[C@H]1Oc2cccc(-c3c4ccccc4cc4ccccc34)c2P9->1C(C)(C)C.[Rh+]89,51,50,200,3.397326978,0.99,double P type,['double P type'],tri-sub
188,COC(=O)/C(=C\c1ccc(F)cc1)NC(C)=O,COC(=O)[C@H](Cc1ccc(F)cc1)NC(C)=O,ClCCl,,Rh,CC(C)(C)N(N(p1oc2ccc3ccccc3c2c2c(ccc3ccccc32)o1)C(C)(C)C)p1oc2ccc3ccccc3c2c2c(ccc3ccccc32)o1,CC(C)(C)N(N(p8->1oc2ccc3ccccc3c2c2c(ccc3ccccc32)o1)C(C)(C)C)p9->1oc2ccc3ccccc3c2c2c(ccc3ccccc32)o1.[Rh+]89,1,0,100,1.987348686,0.95,binol type,"['binol type', 'double P type']",tri-sub
2396,COC(=O)/C(=C/c1ccc2ccccc2c1)NC(C)=O,COC(=O)[C@H](Cc1ccc2ccccc2c1)NC(C)=O,C1CCOC1.CO,,Rh,C[C@H](C1=C(P(c2ccccc2)c2ccccc2)C=C[C@@H]1[Fe]C1C=CC=C1)N(C)P(c1ccc(Cl)c(Cl)c1)c1ccc(Cl)c(Cl)c1,C[C@H](C1=C(P(c2ccccc2)8->c2ccccc2)C=C[C@@H]1[Fe]C1C=CC=C1)N(C)P(c1ccc(Cl)c(Cl)c1)9->c1ccc(Cl)c(Cl)c1.[Rh+]89,1,25,100,2.933945973,0.986,ferrocene type,"['ferrocene type', 'double P type']",tri-sub
210,COC(=O)/C(=C\c1ccc(Cl)cc1)NC(C)=O,COC(=O)[C@@H](Cc1ccc(Cl)cc1)NC(C)=O,ClCCl,,Rh,Cc1ccccc1N(N(c1ccccc1C)p1oc2ccc3ccccc3c2c2c(ccc3ccccc32)o1)p1oc2ccc3ccccc3c2c2c(ccc3ccccc32)o1,Cc1ccccc1N(N(c1ccccc1C)p8->1oc2ccc3ccccc3c2c2c(ccc3ccccc32)o1)p9->1oc2ccc3ccccc3c2c2c(ccc3ccccc32)o1.[Rh+]89,5,25,100,0.65053196,0.5,binol type,"['binol type', 'double P type']",tri-sub
7201,C=C(NC(C)=O)C(=O)OC,COC(=O)[C@@H](C)NC(C)=O,ClCCl,,Rh,COC(=O)[C@H](CC(C)C)Np1oc2ccc3ccccc3c2c2c(ccc3ccccc32)o1,COC(=O)[C@H](CC(C)C)Np8->1oc2ccc3ccccc3c2c2c(ccc3ccccc32)o1.[Rh+]8,10,25,100,0.960146395,0.67,binol type,"['binol type', 'single P type']",di-sub
7943,CC(=O)N1/C(=C\c2ccccc2C)COc2ccccc21,CC(=O)N1c2ccccc2OC[C@H]1Cc1ccccc1C,CO,,Rh,C[C@@H]1CC[C@@H](C)P1c1ccccc1P1[C@H](C)CC[C@H]1C,C[C@@H]1CC[C@@H](C)P8->1c1ccccc1P9->1[C@H](C)CC[C@H]1C.[Rh+]89,4,25,100,1.782025089,0.906,double P type,['double P type'],tri-sub
11986,CCOC(=O)/C=C(/c1ccccc1)[Si](C)(C)C,CCOC(=O)C[C@H](c1ccccc1)[Si](C)(C)C,CC(C)O,,Rh,c1ccc(P(c2ccccc2)c2ccc3ccccc3c2-c2c(P(c3ccccc3)c3ccccc3)ccc3ccccc23)cc1,c1ccc(P(c2ccccc2)8->c2ccc3ccccc3c2-c2c(P(c3ccccc3)9->c3ccccc3)ccc3ccccc23)cc1.[Rh+]89,50,40,100,0.787175376,0.56,double P type,['double P type'],tri-sub
3970,C=C(NC(C)=O)C(=O)OC,COC(=O)[C@H](C)NC(C)=O,ClCCl,,Rh,COp1oc2ccc3ccccc3c2c2c(ccc3ccccc32)o1,COp8->1oc2ccc3ccccc3c2c2c(ccc3ccccc32)o1.[Rh+]8,1,20,1000,1.076448271,0.728,binol type,"['binol type', 'single P type']",di-sub
1734,COC(=O)/C(=C/c1ccc(Br)cc1)NC(C)=O,COC(=O)[C@H](Cc1ccc(Br)cc1)NC(C)=O,C1CCOC1,,Rh,C[C@H](C1=C(P(c2ccccc2)c2ccccc2)[C@H]([Fe]C2C=CC=C2)C=C1)N(C)p1oc2ccc3ccccc3c2c2c(ccc3ccccc32)o1,C[C@H](C1=C(P(c2ccccc2)8->c2ccccc2)[C@H]([Fe]C2C=CC=C2)C=C1)N(C)p9->1oc2ccc3ccccc3c2c2c(ccc3ccccc32)o1.[Rh+]89,20.7,25,100,3.134375973,0.99,binol type,"['binol type', 'ferrocene type', 'double P type']",tri-sub
11944,COC(=O)/C(=C/C=C/c1ccc(Cl)cc1)NC(C)=O,COC(=O)[C@@H](C/C=C/c1ccc(Cl)cc1)NC(C)=O,ClCCl,,Rh,CC(C)(C)P1CCC[C@@H]1[C@H]1CCCP1C(C)(C)C,CC(C)(C)P8->1CCC[C@@H]1[C@H]1CCCP9->1C(C)(C)C.[Rh+]89,1.5,25,3000,3.134375973,0.99,double P type,['double P type'],tri-sub
1274,COC(=O)/C(=C/c1ccc(F)cc1)NC(C)=O,COC(=O)[C@@H](Cc1ccc(F)cc1)NC(C)=O,CO.Cc1ccccc1,,Rh,C[C@@H](C1=C[C@H]([Fe]C2C=CC=C2)C=C1P(c1ccccc1)c1ccccc1)n1nnc(-c2ccccc2)c1P(c1ccccc1)c1ccccc1,C[C@@H](C1=C[C@H]([Fe]C2C=CC=C2)C=C1P(c1ccccc1)8->c1ccccc1)n1nnc(-c2ccccc2)c1P(c1ccccc1)9->c1ccccc1.[Rh+]89,1,25,100,2.720952926,0.98,ferrocene type,"['ferrocene type', 'double P type']",tri-sub
7324,C=C(NC(C)=O)C(=O)OC,COC(=O)[C@@H](C)NC(C)=O,ClCCl,,Rh,CC(C)[C@H]1CC[C@@H](C)C[C@H]1Op1oc2ccccc2c2ccccc2o1,CC(C)[C@H]1CC[C@@H](C)C[C@H]1Op8->1oc2ccccc2c2ccccc2o1.[Rh+]8,1,25,100,0.130800009,0.11,single P type,['single P type'],di-sub
9446,C=C(NC(C)=O)C(=O)OC,COC(=O)[C@H](C)NC(C)=O,ClCCl,,Rh,CC(C)[C@H]1CC[C@H](C)C[C@@H]1Op1oc2ccccc2c2ccccc2o1,CC(C)[C@H]1CC[C@H](C)C[C@@H]1Op8->1oc2ccccc2c2ccccc2o1.[Rh+]8,1,25,100,0.130800009,0.11,single P type,['single P type'],di-sub
6504,C=C(NC(C)=O)C(=O)OC,COC(=O)[C@@H](C)NC(C)=O,ClCCl,,Rh,O=C(NCc1cccc(COp2oc3ccc4ccccc4c3c3c(ccc4ccccc43)o2)c1)c1ccc(C(F)(F)F)cc1,O=C(NCc1cccc(COp8->2oc3ccc4ccccc4c3c3c(ccc4ccccc43)o2)c1)c1ccc(C(F)(F)F)cc1.[Rh+]8,1,25,100,2.477862753,0.97,binol type,"['binol type', 'single P type']",di-sub
3207,C=C(NC(C)=O)C(=O)OC,COC(=O)[C@@H](C)NC(C)=O,ClCCl,,Rh,CCCCc1ccc(NC(=O)c2ccccc2C(=O)Nc2cccc(COp3oc4ccc5ccccc5c4c4c(ccc5ccccc54)o3)c2)cc1,CCCCc1ccc(NC(=O)c2ccccc2C(=O)Nc2cccc(COp8->3oc4ccc5ccccc5c4c4c(ccc5ccccc54)o3)c2)cc1.[Rh+]8,1,25,100,2.058336063,0.94,binol type,"['binol type', 'single P type']",di-sub
1473,CCOC(=O)/C=C(\NC(C)=O)c1cccc(C)c1,CCOC(=O)C[C@H](NC(C)=O)c1cccc(C)c1,CO,,Rh,CP(c1nc2ccccc2nc1P(C)C(C)(C)C)C(C)(C)C,CP(c1nc2ccccc2nc1P(C)8->C(C)(C)C)9->C(C)(C)C.[Rh+]89,5,25,200,2.157310662,0.949,double P type,['double P type'],tri-sub
7875,CCOC(=O)/C=C(/NC(C)=O)c1ccccc1,CCOC(=O)C[C@@H](NC(C)=O)c1ccccc1,ClCCl,,Rh,CCC(CC)Op1oc2ccc3ccccc3c2c2c(ccc3ccccc32)o1,CCC(CC)Op8->1oc2ccc3ccccc3c2c2c(ccc3ccccc32)o1.[Rh+]8,59,25,50,1.578738765,0.87,binol type,"['binol type', 'single P type']",tri-sub
7929,CC(=O)N1/C(=C\c2ccccc2)COc2ccccc21,CC(=O)N1c2ccccc2OC[C@H]1Cc1ccccc1,CC(C)O,,Rh,C[C@@H]1CC[C@@H](C)P1c1ccccc1P1[C@H](C)CC[C@H]1C,C[C@@H]1CC[C@@H](C)P8->1c1ccccc1P9->1[C@H](C)CC[C@H]1C.[Rh+]89,4,25,100,1.074905271,0.72,double P type,['double P type'],tri-sub
11097,COC(=O)/C=C(\C#N)c1ccccc1,COC(=O)C[C@@H](C#N)c1ccccc1,CO,,Rh,C[C@@H](C1=C(P(c2ccccc2)c2ccccc2)[C@@H]([Fe][C@H]2C=CC=C2P(c2ccccc2)c2ccccc2)C=C1)N(C)C(=S)Nc1cc(C(F)(F)F)cc(C(F)(F)F)c1,C[C@@H](C1=C(P(c2ccccc2)8->c2ccccc2)[C@@H]([Fe][C@H]2C=CC=C2P(c2ccccc2)9->c2ccccc2)C=C1)N(C)C(=S)Nc1cc(C(F)(F)F)cc(C(F)(F)F)c1.[Rh+]89,50,35,100,2.812260071,0.98,ferrocene type,"['ferrocene type', 'double P type']",tri-sub
5491,COC(=O)/C(=C/c1ccccc1)NC(=O)OC(C)(C)C,COC(=O)[C@@H](Cc1ccccc1)NC(=O)OC(C)(C)C,C1CCOC1,,Rh,Cc1cc(C)cc(S[C@H](C(C)C)[C@@H](C)OP(c2ccccc2)c2ccccc2)c1,Cc1cc(C)cc(S[C@H](C(C)C)[C@@H](C)OP(c2ccccc2)8->c2ccccc2)c1.[Rh+]8,7.8,25,100,1.407085487,0.83,single P type,['single P type'],tri-sub
3569,COC(=O)/C(=C/c1ccccc1)NC(=O)OCC1c2ccccc2-c2ccccc21,COC(=O)[C@@H](Cc1ccccc1)NC(=O)OCC1c2ccccc2-c2ccccc21,C1CCOC1,,Rh,COC[C@H](Op1oc2ccc3ccccc3c2c2c(ccc3ccccc32)o1)[C@@H](c1ccccc1)P(c1ccccc1)c1ccccc1,COC[C@H](Op9->1oc2ccc3ccccc3c2c2c(ccc3ccccc32)o1)[C@@H](c1ccccc1)P(c1ccccc1)8->c1ccccc1.[Rh+]89,39,25,100,2.720952926,0.98,binol type,"['binol type', 'double P type']",tri-sub
1806,COC(=O)/C(=C/c1ccc(OC)cc1)NC(C)=O,COC(=O)[C@@H](Cc1ccccc1OC)NC(C)=O,ClCCl,,Rh,C[C@@H](c1ccccc1P(c1ccccc1)c1ccccc1)N(C)p1oc2ccc3ccccc3c2c2c(ccc3ccccc32)o1,C[C@@H](c1ccccc1P(c1ccccc1)8->c1ccccc1)N(C)p9->1oc2ccc3ccccc3c2c2c(ccc3ccccc32)o1.[Rh+]89,10,25,100,3.849375327,0.997,binol type,"['binol type', 'double P type']",tri-sub
8927,COC(=O)/C(=C/c1ccc(OC)cc1)NC(C)=O,COC(=O)[C@@H](Cc1ccc(OC)cc1)NC(C)=O,ClCCl,,Rh,C[C@H](C1=C[C@H]([Fe]C2C=CC=C2)C=C1)N(C)p1oc2ccc3ccccc3c2c2c(ccc3ccccc32)o1,C[C@H](C1=C[C@H]([Fe]C2C=CC=C2)C=C1)N(C)p8->1oc2ccc3ccccc3c2c2c(ccc3ccccc32)o1.[Rh+]8,10,25,100,3.134375973,0.99,binol type,"['binol type', 'ferrocene type', 'single P type']",tri-sub
2306,CC(C)(C)OC(=O)C(=O)N/C(=C\C1CC1)C(=O)OCc1ccccc1,CC(C)(C)OC(=O)C(=O)N[C@@H](CC1CC1)C(=O)OCc1ccccc1,C1CCOC1.CO,,Rh,C[C@H](C1=C(P(c2ccccc2)c2ccccc2)C=C[C@@H]1[Fe]C1C=CC=C1)N(CC(C)(C)C)P(c1ccccc1)c1ccccc1,C[C@H](C1=C(P(c2ccccc2)8->c2ccccc2)C=C[C@@H]1[Fe]C1C=CC=C1)N(CC(C)(C)C)P(c1ccccc1)9->c1ccccc1.[Rh+]89,1,25,100,0.325330805,0.268,ferrocene type,"['ferrocene type', 'double P type']",tri-sub
9676,COC(=O)/C(=C/Sc1ccccc1)NC(C)=O,COC(=O)[C@@H](CSc1ccccc1)NC(C)=O,CC(C)=O,,Rh,c1ccc(P(c2ccccc2)c2cc3ccccc3c3c2op(N2CCCCC2)oc2c(P(c4ccccc4)c4ccccc4)cc4ccccc4c23)cc1,c1ccc(P(c2ccccc2)c2cc3ccccc3c3c2op(N2CCCCC2)9->oc2c(P(c4ccccc4)8->c4ccccc4)cc4ccccc4c23)cc1.[Rh+]89,1,25,100,2.43904547,0.968,binol type,"['binol type', 'double P type']",tri-sub
4116,COC(=O)/C(=C/c1ccc(C(C)=O)cc1)NC(C)=O,COC(=O)[C@@H](Cc1ccc(C(C)=O)cc1)NC(C)=O,ClCCl,,Rh,CN(C)p1oc2ccc3ccccc3c2c2c(ccc3ccccc32)o1,CN(C)p8->1oc2ccc3ccccc3c2c2c(ccc3ccccc32)o1.[Rh+]8,5,25,100,2.058336063,0.94,binol type,"['binol type', 'single P type']",tri-sub
7999,C/C=C(\NC(C)=O)C(=O)OC,CC[C@@H](NC(C)=O)C(=O)OC,ClCCl,,Rh,CCN(CC)p1oc2ccc3ccccc3c2c2c(ccc3ccccc32)o1,CCN(CC)p8->1oc2ccc3ccccc3c2c2c(ccc3ccccc32)o1.[Rh+]8,5,25,50,2.058336063,0.94,binol type,"['binol type', 'single P type']",tri-sub
7214,C=C(NC(C)=O)C(=O)OC,COC(=O)[C@@H](C)NC(C)=O,ClCCl,,Rh,COC(=O)[C@@H](Np1oc2ccc3ccccc3c2c2c(ccc3ccccc32)o1)C(C)C,COC(=O)[C@@H](Np8->1oc2ccc3ccccc3c2c2c(ccc3ccccc32)o1)C(C)C.[Rh+]8,10,25,100,0.981902689,0.68,binol type,"['binol type', 'single P type']",di-sub
11937,COC(=O)/C(=C/C=C/c1ccccc1)NC(C)=O,COC(=O)[C@@H](C/C=C/c1ccccc1)NC(C)=O,CO,,Rh,C1=CC([Fe]C2C=CC=C2P2Cc3ccc4ccccc4c3-c3c(ccc4ccccc34)C2)C(P2Cc3ccc4ccccc4c3-c3c(ccc4ccccc34)C2)=C1,C1=CC([Fe]C2C=CC=C2P8->2Cc3ccc4ccccc4c3-c3c(ccc4ccccc34)C2)C(P29->Cc3ccc4ccccc4c3-c3c(ccc4ccccc34)C2)=C1.[Rh+]89,1.5,25,100,0.515885405,0.41,binol type,"['binol type', 'ferrocene type', 'double P type']",tri-sub
9031,C=C(NC(C)=O)C(=O)OC,COC(=O)[C@H](C)NC(C)=O,ClCCl,,Rh,C[C@@H](Op1oc2c(C(C)(C)C)cc(C(C)(C)C)cc2c2cc(C(C)(C)C)cc(C(C)(C)C)c2o1)[C@H]1O[C@@H]2OC(C)(C)O[C@@H]2[C@@H]1Op1oc2c(C(C)(C)C)cc(C(C)(C)C)cc2c2cc(C(C)(C)C)cc(C(C)(C)C)c2o1,C[C@@H](Op8->1oc2c(C(C)(C)C)cc(C(C)(C)C)cc2c2cc(C(C)(C)C)cc(C(C)(C)C)c2o1)[C@H]1O[C@@H]2OC(C)(C)O[C@@H]2[C@@H]1Op9->1oc2c(C(C)(C)C)cc(C(C)(C)C)cc2c2cc(C(C)(C)C)cc(C(C)(C)C)c2o1.[Rh+]89,5,25,100,1.881851867,0.92,double P type,['double P type'],di-sub
1276,COC(=O)/C(=C/c1ccccc1F)NC(C)=O,COC(=O)[C@@H](Cc1ccccc1F)NC(C)=O,CO.Cc1ccccc1,,Rh,C[C@@H](C1=C[C@H]([Fe]C2C=CC=C2)C=C1P(c1ccccc1)c1ccccc1)n1nnc(-c2ccccc2)c1P(c1ccccc1)c1ccccc1,C[C@@H](C1=C[C@H]([Fe]C2C=CC=C2)C=C1P(c1ccccc1)8->c1ccccc1)n1nnc(-c2ccccc2)c1P(c1ccccc1)9->c1ccccc1.[Rh+]89,1,25,100,2.720952926,0.98,ferrocene type,"['ferrocene type', 'double P type']",tri-sub
2320,CC(C)(C)OC(=O)C(=O)N/C(=C\C1CC1)C(=O)OCc1ccccc1,CC(C)(C)OC(=O)C(=O)N[C@@H](CC1CC1)C(=O)OCc1ccccc1,C1CCOC1.CO,,Rh,C[C@H](C1=C(P(c2ccccc2)c2ccccc2)C=C[C@@H]1[Fe]C1C=CC=C1)N(c1ccccc1)P(c1ccccc1)c1ccccc1,C[C@H](C1=C(P(c2ccccc2)8->c2ccccc2)C=C[C@@H]1[Fe]C1C=CC=C1)N(c1ccccc1)P(c1ccccc1)9->c1ccccc1.[Rh+]89,1,25,100,0.977507985,0.678,ferrocene type,"['ferrocene type', 'double P type']",tri-sub
1472,COC(=O)/C=C(\NC(C)=O)c1cc(Cl)cc(Cl)c1,COC(=O)C[C@H](NC(C)=O)c1cc(Cl)cc(Cl)c1,CCOC(C)=O,,Rh,CP(c1cc2c(cc1P(C)C(C)(C)C)OCO2)C(C)(C)C,CP(c1cc2c(cc1P(C)9->C(C)(C)C)OCO2)8->C(C)(C)C.[Rh+]89,3,25,100,1.531681473,0.86,double P type,['double P type'],tri-sub
11733,COC(=O)/C=C(/B1OC(C)(C)C(C)(C)O1)c1ccc(C(C)(C)C)cc1,COC(=O)C[C@H](B1OC(C)(C)C(C)(C)O1)c1ccc(C(C)(C)C)cc1,ClCCl,,Rh,C[C@H](NC(=S)Nc1cc(C(F)(F)F)cc(C(F)(F)F)c1)C1=C(P(c2ccccc2)c2ccccc2)[C@@H]([Fe][C@H]2C=CC=C2P(c2ccccc2)c2ccccc2)C=C1,C[C@H](NC(=S)Nc1cc(C(F)(F)F)cc(C(F)(F)F)c1)C1=C(P(c2ccccc2)9->c2ccccc2)[C@@H]([Fe][C@H]2C=CC=C2P(c2ccccc2)8->c2ccccc2)C=C1.[Rh+]89,50,30,100,2.343167465,0.96,ferrocene type,"['ferrocene type', 'double P type']",tri-sub
5893,CCOC(=O)/C=C(\NC(C)=O)c1ccccc1,CCOC(=O)C[C@@H](NC(C)=O)c1ccccc1,CCO,,Rh,CC(C)P1Cc2ccc3ccccc3c2-c2c(ccc3ccccc23)C1,CC(C)P8->1Cc2ccc3ccccc3c2-c2c(ccc3ccccc23)C1.[Rh+]8,49,10,100,0.679474495,0.54,binol type,"['binol type', 'single P type']",tri-sub
6301,COCO/C(=C(\NC(C)=O)c1ccccc1)c1ccccc1,COCO[C@@H](c1ccccc1)[C@H](NC(C)=O)c1ccccc1,ClCCl,,Rh,C[C@H](C1=C[C@@H]([Fe]C2C=CC=C2)C=C1P(c1ccccc1)c1ccccc1)P(C1CCCCC1)C1CCCCC1,C[C@H](C1=C[C@@H]([Fe]C2C=CC=C2)C=C1P(c1ccccc1)8->c1ccccc1)P(C1CCCCC1)9->C1CCCCC1.[Rh+]89,40,40,100,0.716903717,0.52,ferrocene type,"['ferrocene type', 'double P type']",tetra-sub
4602,[H]/C=C(/NC(C)=O)C(=O)OC.[H]/C=C(/NC(C)=O)C(=O)OC,COC(=O)[C@H](C)NC(C)=O,ClCCl,,Rh,C[C@@H](c1ccccc1)N([C@@H](C)c1ccccc1)p1oc2ccccc2c2ccccc2o1,C[C@@H](c1ccccc1)N([C@@H](C)c1ccccc1)p8->1oc2ccccc2c2ccccc2o1.[Rh+]8,1,60,500,0.762712261,0.52,single P type,['single P type'],di-sub
8521,[H]/C=C(\NC(C)=O)C(=O)OC,COC(=O)[C@H](C)NC(C)=O,CO,,Rh,CP(NP(C(C)(C)C)C(C)(C)C)C(C)(C)C,CP(NP(C(C)(C)C)9->C(C)(C)C)8->C(C)(C)C.[Rh+]89,3,25,100,3.134375973,0.99,double P type,['double P type'],di-sub
294,COC(=O)/C(=C/c1ccc(C)cc1)NC(C)=O,COC(=O)C(Cc1ccc(C)cc1)NC(C)=O,ClCCl,,Rh,CC(C)P1Oc2cccc3c2C2(CC3)CCc3cccc(c32)O1,CC(C)P8->1Oc2cccc3c2C2(CC3)CCc3cccc(c32)O1.[Rh+]8,1,25,100,2.78393889,0.982,single P type,['single P type'],tri-sub
11123,COC(=O)/C=C(\C#N)c1ccc(F)c(F)c1,COC(=O)C[C@@H](C#N)c1ccc(F)c(F)c1,CO,,Rh,C[C@H](NC(=S)Nc1cc(C(F)(F)F)cc(C(F)(F)F)c1)C1=C(P(c2ccccc2)c2ccccc2)[C@@H]([Fe][C@H]2C=CC=C2P(c2ccccc2)c2ccccc2)C=C1,C[C@H](NC(=S)Nc1cc(C(F)(F)F)cc(C(F)(F)F)c1)C1=C(P(c2ccccc2)9->c2ccccc2)[C@@H]([Fe][C@H]2C=CC=C2P(c2ccccc2)8->c2ccccc2)C=C1.[Rh+]89,50,35,100,2.242136979,0.95,ferrocene type,"['ferrocene type', 'double P type']",tri-sub
9655,COC(=O)/C(=C/c1ccccc1Cl)NC(C)=O,COC(=O)[C@@H](Cc1ccccc1Cl)NC(C)=O,CC(C)=O,,Rh,CC(C)N(C(C)C)p1oc2c(P(c3ccccc3)c3ccccc3)cc3ccccc3c2c2c(o1)c(P(c1ccccc1)c1ccccc1)cc1ccccc12,CC(C)N(C(C)C)p18->oc2c(P(c3ccccc3)c3ccccc3)cc3ccccc3c2c2c(o1)c(P(c1ccccc1)c1ccccc1)cc1ccccc12.[Rh+]8,1,25,100,2.24685471,0.956,binol type,"['binol type', 'single P type']",tri-sub
7239,CC(=O)NC1=Cc2ccccc2CC1,CC(=O)N[C@@H]1CCc2ccccc2C1,ClCCl,,Rh,COC(=O)[C@@H](Np1oc2c(C(C)(C)C)cc3cc(OC)ccc3c2c2c(o1)c(C(C)(C)C)cc1cc(OC)ccc12)C(C)C,COC(=O)[C@@H](Np8->1oc2c(C(C)(C)C)cc3cc(OC)ccc3c2c2c(o1)c(C(C)(C)C)cc1cc(OC)ccc12)C(C)C.[Rh+]8,10,25,100,0.530192448,0.42,binol type,"['binol type', 'single P type']",tri-sub
1837,CC(=O)N/C(=C\c1ccccc1)C(=O)O,CC(=O)N[C@H](Cc1ccccc1)C(=O)O,C1CCOC1,,Rh,CC[C@H](COP(c1ccccc1)c1ccccc1)N(C)p1oc2ccc3ccccc3c2c2c(ccc3ccccc32)o1,CC[C@H](COP(c1ccccc1)8->c1ccccc1)N(C)p9->1oc2ccc3ccccc3c2c2c(ccc3ccccc32)o1.[Rh+]89,1,25,100,0.083035361,0.07,binol type,"['binol type', 'double P type']",tri-sub
3866,C=C(NC(C)=O)C(=O)OC,COC(=O)[C@H](C)NC(C)=O,ClCCl,,Rh,c1ccc(-p2oc3ccc4ccccc4c3c3c(ccc4ccccc43)o2)cc1,c1ccc(-p8->2oc3ccc4ccccc4c3c3c(ccc4ccccc43)o2)cc1.[Rh+]8,1,25,1000,1.099872701,0.73,binol type,"['binol type', 'single P type']",di-sub
4604,[H]/C=C(/NC(C)=O)C(=O)OC.[H]/C=C(/NC(C)=O)C(=O)OC,COC(=O)[C@@H](C)NC(C)=O,ClCCl,,Rh,C[C@H](c1ccccc1)N(C)p1oc2ccccc2c2ccccc2o1,C[C@H](c1ccccc1)N(C)p8->1oc2ccccc2c2ccccc2o1.[Rh+]8,1,60,500,0.624937324,0.44,single P type,['single P type'],di-sub
11236,CC(=O)N/C(C#N)=C/c1ccccc1,CC(=O)N[C@@H](C#N)Cc1ccccc1,CO,,Rh,C[C@H](C1=C[C@@H]([Fe]C2C=CC=C2)C=C1P(c1ccccc1)c1ccccc1)P(C1CCCCC1)C1CCCCC1,C[C@H](C1=C[C@@H]([Fe]C2C=CC=C2)C=C1P(c1ccccc1)8->c1ccccc1)P(C1CCCCC1)9->C1CCCCC1.[Rh+]89,30,25,100,0.406004445,0.33,ferrocene type,"['ferrocene type', 'double P type']",tri-sub
2292,CC(C)(C)OC(=O)C(=O)N/C(=C\C1CC1)C(=O)OCc1ccccc1,CC(C)(C)OC(=O)C(=O)N[C@@H](CC1CC1)C(=O)OCc1ccccc1,C1CCOC1.CO,,Rh,C[C@H](C1=C(P(c2ccccc2)c2ccccc2)C=C[C@@H]1[Fe]C1C=CC=C1)N(C)P(c1ccccc1)c1ccccc1,C[C@H](C1=C(P(c2ccccc2)8->c2ccccc2)C=C[C@@H]1[Fe]C1C=CC=C1)N(C)P(c1ccccc1)9->c1ccccc1.[Rh+]89,1,25,100,2.933945973,0.986,ferrocene type,"['ferrocene type', 'double P type']",tri-sub
12563,CCOC(=O)/C(NC(C)=O)=C(\OC(C)=O)c1cccc(F)c1,CCOC(=O)[C@@H](NC(C)=O)[C@H](OC(C)=O)c1cccc(F)c1,ClCCl,,Rh,CC(C)(C)P1Cc2ccccc2C1[C@H]1c2ccccc2CP1C(C)(C)C,CC(C)(C)P8->1Cc2ccccc2C1[C@H]1c2ccccc2CP9->1C(C)(C)C.[Rh+]89,30,25,50,3.134375973,0.99,double P type,['double P type'],tetra-sub
9515,COC(=O)/C(=C/c1ccc(Cl)cc1)NC(C)=O,COC(=O)[C@@H](Cc1ccc(Cl)cc1)NC(C)=O,CC(C)=O,,Rh,CN(C)p1oc2c(P(c3ccccc3)c3ccccc3)cc3ccccc3c2c2c(o1)c(P(c1ccccc1)c1ccccc1)cc1ccccc12,CN(C)p9->1oc2c(P(c3ccccc3)c3ccccc3)cc3ccccc3c2c2c(o1)c(P(c1ccccc1)8->c1ccccc1)cc1ccccc12.[Rh+]89,1,25,100,2.56379954,0.974,binol type,"['binol type', 'double P type']",tri-sub
11682,CCOC(=O)/C=C(\Sc1ccccc1)c1ccccc1,CCOC(=O)C[C@@H](Sc1ccccc1)c1ccccc1,ClCCl,,Rh,c1ccc(P(c2ccccc2)c2ccc3ccccc3c2-c2c(P(c3ccccc3)c3ccccc3)ccc3ccccc23)cc1,c1ccc(P(c2ccccc2)8->c2ccc3ccccc3c2-c2c(P(c3ccccc3)9->c3ccccc3)ccc3ccccc23)cc1.[Rh+]89,50,30,100,0,0,double P type,['double P type'],tri-sub
9651,COC(=O)/C(=C/c1ccc(F)cc1)NC(C)=O,COC(=O)[C@@H](Cc1ccc(F)cc1)NC(C)=O,CC(C)=O,,Rh,CC(C)N(C(C)C)p1oc2c(P(c3ccccc3)c3ccccc3)cc3ccccc3c2c2c(o1)c(P(c1ccccc1)c1ccccc1)cc1ccccc12,CC(C)N(C(C)C)p18->oc2c(P(c3ccccc3)c3ccccc3)cc3ccccc3c2c2c(o1)c(P(c1ccccc1)c1ccccc1)cc1ccccc12.[Rh+]8,1,25,100,2.854280119,0.984,binol type,"['binol type', 'single P type']",tri-sub
11121,COC(=O)/C=C(\C#N)c1ccccc1F,COC(=O)C[C@@H](C#N)c1ccccc1F,CO,,Rh,C[C@H](NC(=S)Nc1cc(C(F)(F)F)cc(C(F)(F)F)c1)C1=C(P(c2ccccc2)c2ccccc2)[C@@H]([Fe][C@H]2C=CC=C2P(c2ccccc2)c2ccccc2)C=C1,C[C@H](NC(=S)Nc1cc(C(F)(F)F)cc(C(F)(F)F)c1)C1=C(P(c2ccccc2)9->c2ccccc2)[C@@H]([Fe][C@H]2C=CC=C2P(c2ccccc2)8->c2ccccc2)C=C1.[Rh+]89,50,35,100,3.239556375,0.99,ferrocene type,"['ferrocene type', 'double P type']",tri-sub
5279,C=C(NC(C)=O)C(=O)OC,COC(=O)[C@H](C)NC(C)=O,ClCCl,,Rh,COc1cc(C(C)(C)C)c2op(NC[C@H]3O[C@H]4OC(C)(C)O[C@H]4[C@H]3Op3oc4c(C(C)(C)C)cc(OC)cc4c4cc(OC)cc(C(C)(C)C)c4o3)oc3c(C(C)(C)C)cc(OC)cc3c2c1,COc1cc(C(C)(C)C)c2op(NC[C@H]3O[C@H]4OC(C)(C)O[C@H]4[C@H]3Op9->3oc4c(C(C)(C)C)cc(OC)cc4c4cc(OC)cc(C(C)(C)C)c4o3)8->oc3c(C(C)(C)C)cc(OC)cc3c2c1.[Rh+]89,5,25,100,1.881851867,0.92,double P type,['double P type'],di-sub
6377,CC/C(C)=C(\NC(C)=O)C(=O)OC,CC[C@@H](C)[C@@H](NC(C)=O)C(=O)OC,CO,,Rh,CP(CCP(C)C1CCCCC1)C1CCCCC1,CP(CCP(C)9->C1CCCCC1)8->C1CCCCC1.[Rh+]89,2,25,100,1.149548371,0.749,double P type,['double P type'],tetra-sub
3567,COC(=O)/C(=C/c1ccccc1)NC(=O)OC(C)(C)C,COC(=O)[C@@H](Cc1ccccc1)NC(=O)OC(C)(C)C,C1CCOC1,,Rh,COC[C@H](Op1oc2ccc3ccccc3c2c2c(ccc3ccccc32)o1)[C@@H](c1ccccc1)P(c1ccccc1)c1ccccc1,COC[C@H](Op9->1oc2ccc3ccccc3c2c2c(ccc3ccccc32)o1)[C@@H](c1ccccc1)P(c1ccccc1)8->c1ccccc1.[Rh+]89,20,25,100,2.304501335,0.96,binol type,"['binol type', 'double P type']",tri-sub
1711,COC(=O)/C(=C/c1ccc(Cl)cc1)NC(C)=O,COC(=O)[C@@H](Cc1ccc(Cl)cc1)NC(C)=O,ClCCl,,Rh,c1ccc2c3c(ccc2c1)CN(p1oc2ccc4ccccc4c2c2c(ccc4ccccc42)o1)Cc1ccc2ccccc2c1-3,c1ccc2c3c(ccc2c1)CN(p8->1oc2ccc4ccccc4c2c2c(ccc4ccccc42)o1)Cc1ccc2ccccc2c1-3.[Rh+]8,5,25,20,1.334717277,0.81,binol type,"['binol type', 'single P type']",tri-sub
6295,COCO/C(=C(\NC(C)=O)c1ccccc1)c1ccccc1,COCO[C@@H](c1ccccc1)[C@H](NC(C)=O)c1ccccc1,CO,,Rh,CC[C@H]1CC[C@H](CC)P1c1ccccc1P1[C@@H](CC)CC[C@@H]1CC,CC[C@H]1CC[C@H](CC)P8->1c1ccccc1P9->1[C@@H](CC)CC[C@@H]1CC.[Rh+]89,40,40,100,1.031327321,0.68,double P type,['double P type'],tetra-sub
12613,O=C1C=C(c2ccc(F)cc2)C(=O)O1,O=C1C[C@H](c2ccc(F)cc2)C(=O)O1,CCOC(C)=O,,Rh,C[C@H](NC(=S)Nc1cc(C(F)(F)F)cc(C(F)(F)F)c1)C1=C(P(c2ccccc2)c2ccccc2)[C@@H]([Fe][C@H]2C=CC=C2P(c2ccccc2)c2ccccc2)C=C1,C[C@H](NC(=S)Nc1cc(C(F)(F)F)cc(C(F)(F)F)c1)C1=C(P(c2ccccc2)9->c2ccccc2)[C@@H]([Fe][C@H]2C=CC=C2P(c2ccccc2)8->c2ccccc2)C=C1.[Rh+]89,1,25,100,2.720952926,0.98,ferrocene type,"['ferrocene type', 'double P type']",tri-sub
11722,CCOC(=O)/C=C(/B1OC(C)(C)C(C)(C)O1)c1ccccc1,CCOC(=O)C[C@H](B1OC(C)(C)C(C)(C)O1)c1ccccc1,ClCCl,,Rh,C[C@H](NC(=S)Nc1ccccc1)C1=C(P(c2ccccc2)c2ccccc2)C=C[C@H]1[Fe][C@H]1C=CC=C1P(c1ccccc1)c1ccccc1,C[C@H](NC(=S)Nc1ccccc1)C1=C(P(c2ccccc2)9->c2ccccc2)C=C[C@H]1[Fe][C@H]1C=CC=C1P(c1ccccc1)8->c1ccccc1.[Rh+]89,50,30,100,1.557380826,0.86,ferrocene type,"['ferrocene type', 'double P type']",tri-sub
9987,CC(=O)NC1=Cc2ccc(F)cc2C1=O,CC(=O)N[C@H]1Cc2ccc(F)cc2C1=O,CCOC(C)=O,,Rh,CP(CP(C(C)(C)C)C(C)(C)C)C(C)(C)C,CP(CP(C(C)(C)C)9->C(C)(C)C)8->C(C)(C)C.[Rh+]89,3,25,100,3.134375973,0.99,double P type,['double P type'],tri-sub
12607,O=C1C=C(c2ccccc2)C(=O)O1,O=C1C[C@H](c2ccccc2)C(=O)O1,CCOC(C)=O,,Rh,C[C@H](NC(=S)Nc1cc(C(F)(F)F)cc(C(F)(F)F)c1)C1=C(P(c2ccccc2)c2ccccc2)[C@@H]([Fe][C@H]2C=CC=C2P(c2ccccc2)c2ccccc2)C=C1,C[C@H](NC(=S)Nc1cc(C(F)(F)F)cc(C(F)(F)F)c1)C1=C(P(c2ccccc2)9->c2ccccc2)[C@@H]([Fe][C@H]2C=CC=C2P(c2ccccc2)8->c2ccccc2)C=C1.[Rh+]89,1,25,100,2.477862753,0.97,ferrocene type,"['ferrocene type', 'double P type']",tri-sub
1829,COC(=O)/C(=C/c1ccc(F)cc1)NC(C)=O,COC(=O)[C@H](Cc1ccc(F)cc1)NC(C)=O,ClCCl,,Rh,Cc1ccccc1N(N(c1ccccc1C)p1oc2ccc3ccccc3c2c2c(ccc3ccccc32)o1)P(c1ccccc1)c1ccccc1,Cc1ccccc1N(N(c1ccccc1C)p9->1oc2ccc3ccccc3c2c2c(ccc3ccccc32)o1)P(c1ccccc1)8->c1ccccc1.[Rh+]89,5,25,100,0.178992507,0.15,binol type,"['binol type', 'double P type']",tri-sub
2813,COC(=O)/C(=C/c1ccc2ccccc2c1)CC(=O)O,COC(=O)[C@H](CC(=O)O)Cc1ccc2ccccc2c1,C1CCOC1,,Rh,CC(C)(C)P1CCC[C@@H]1[C@H]1CCCP1C(C)(C)C,CC(C)(C)P8->1CCC[C@@H]1[C@H]1CCCP9->1C(C)(C)C.[Rh+]89,1,25,200,3.134375973,0.99,double P type,['double P type'],tri-sub
6505,C=C(NC(C)=O)C(=O)OC,COC(=O)[C@@H](C)NC(C)=O,ClCCl,,Rh,COc1ccc(C(=O)NCc2cccc(COp3oc4ccc5ccccc5c4c4c(ccc5ccccc54)o3)c2)cc1,COc1ccc(C(=O)NCc2cccc(COp8->3oc4ccc5ccccc5c4c4c(ccc5ccccc54)o3)c2)cc1.[Rh+]8,1,25,100,2.477862753,0.97,binol type,"['binol type', 'single P type']",di-sub
2418,CC(=O)N/C(=C\c1ccccc1)C(=O)O,CC(=O)N[C@@H](Cc1ccccc1)C(=O)O,C1CCOC1.CO,,Rh,C[C@H](C1=C(P(c2ccccc2)c2ccccc2)C=C[C@@H]1[Fe]C1C=CC=C1)N(C)P(c1ccc(F)cc1)c1ccc(F)cc1,C[C@H](C1=C(P(c2ccccc2)8->c2ccccc2)C=C[C@@H]1[Fe]C1C=CC=C1)N(C)P(c1ccc(F)cc1)9->c1ccc(F)cc1.[Rh+]89,3,25,3000,2.933945973,0.986,ferrocene type,"['ferrocene type', 'double P type']",tri-sub
5016,COC(=O)C1=CCCN1C(C)=O,COC(=O)[C@@H]1CCCN1C(C)=O,ClCCCl,,Rh,C[C@@H](C1=C(C2=CC=CC2([Fe]C2C=CC=C2)[C@H](C)P(c2ccccc2)c2ccccc2)C([Fe]C2C=CC=C2)C=C1)P(c1ccccc1)c1ccccc1,C[C@@H](C1=C(C2=CC=CC2([Fe]C2C=CC=C2)[C@H](C)P(c2ccccc2)8->c2ccccc2)C([Fe]C2C=CC=C2)C=C1)P(c1ccccc1)9->c1ccccc1.[Rh+]89,1,50,100,1.660178241,0.86,ferrocene type,"['ferrocene type', 'double P type']",tri-sub
3678,COC(=O)/C(=C/c1ccccc1C)NC(C)=O,COC(=O)[C@H](Cc1ccccc1C)NC(C)=O,ClCCl,,Rh,CCN(Cc1ccccc1)p1oc2ccc3ccccc3c2c2c(ccc3ccccc32)o1,CCN(Cc1ccccc1)p8->1oc2ccc3ccccc3c2c2c(ccc3ccccc32)o1.[Rh+]8,20,20,100,2.145002592,0.951,binol type,"['binol type', 'single P type']",tri-sub
9970,CC(=O)NC1=Cc2ccccc2C1=O,CC(=O)N[C@H]1Cc2ccccc2C1=O,CO,,Rh,CP(c1nc2ccccc2nc1P(C)C(C)(C)C)C(C)(C)C,CP(c1nc2ccccc2nc1P(C)8->C(C)(C)C)9->C(C)(C)C.[Rh+]89,3,25,100,1.050673587,0.71,double P type,['double P type'],tri-sub
9519,COC(=O)/C(=C/c1cccc(Br)c1)NC(C)=O,COC(=O)[C@@H](Cc1cccc(Br)c1)NC(C)=O,CC(C)=O,,Rh,CN(C)p1oc2c(P(c3ccccc3)c3ccccc3)cc3ccccc3c2c2c(o1)c(P(c1ccccc1)c1ccccc1)cc1ccccc12,CN(C)p9->1oc2c(P(c3ccccc3)c3ccccc3)cc3ccccc3c2c2c(o1)c(P(c1ccccc1)8->c1ccccc1)cc1ccccc12.[Rh+]89,1,25,100,2.720952926,0.98,binol type,"['binol type', 'double P type']",tri-sub
1891,COC(=O)/C(=C/c1ccc(Cl)cc1)NC(C)=O,COC(=O)[C@H](Cc1ccc(Cl)cc1)NC(C)=O,ClCCl,,Rh,Cc1ccccc1N(N(c1ccccc1C)p1oc2ccc3ccccc3c2c2c(ccc3ccccc32)o1)p1oc2ccc3ccccc3c2c2c(ccc3ccccc32)o1,Cc1ccccc1N(N(c1ccccc1C)p8->1oc2ccc3ccccc3c2c2c(ccc3ccccc32)o1)p9->1oc2ccc3ccccc3c2c2c(ccc3ccccc32)o1.[Rh+]89,5,25,100,0.65053196,0.5,binol type,"['binol type', 'double P type']",tri-sub
4352,COC(=O)/C(=C/c1ccc(C#N)cc1)NC(C)=O,COC(=O)[C@H](Cc1ccc(C#N)cc1)NC(C)=O,CO,,Rh,CC(C)(C)Oc1ccccc1P(CCP(c1ccccc1)c1ccccc1OC(C)(C)C)c1ccccc1,CC(C)(C)Oc1ccccc1P(CCP(c1ccccc1)9->c1ccccc1OC(C)(C)C)8->c1ccccc1.[Rh+]89,1,22,1000,4.455192972,0.999,double P type,['double P type'],tri-sub
11124,COC(=O)/C=C(\C#N)c1cc(F)cc(F)c1,COC(=O)C[C@@H](C#N)c1cc(F)cc(F)c1,CO,,Rh,C[C@@H](C1=C(P(c2ccccc2)c2ccccc2)[C@@H]([Fe][C@H]2C=CC=C2P(c2ccccc2)c2ccccc2)C=C1)N(C)C(=S)Nc1cc(C(F)(F)F)cc(C(F)(F)F)c1,C[C@@H](C1=C(P(c2ccccc2)8->c2ccccc2)[C@@H]([Fe][C@H]2C=CC=C2P(c2ccccc2)9->c2ccccc2)C=C1)N(C)C(=S)Nc1cc(C(F)(F)F)cc(C(F)(F)F)c1.[Rh+]89,50,20,100,2.265835205,0.96,ferrocene type,"['ferrocene type', 'double P type']",tri-sub
12116,CC(=O)N/C(=C\c1ccccc1)C(F)(F)F,CC(=O)N[C@@H](Cc1ccccc1)C(F)(F)F,CO,,Rh,C[C@H](C1=C[C@@H]([Fe]C2C=CC=C2)C=C1P(c1ccccc1)c1ccccc1)P(C1CCCCC1)C1CCCCC1,C[C@H](C1=C[C@@H]([Fe]C2C=CC=C2)C=C1P(c1ccccc1)8->c1ccccc1)P(C1CCCCC1)9->C1CCCCC1.[Rh+]89,5,25,100,1.369995111,0.82,ferrocene type,"['ferrocene type', 'double P type']",tri-sub
9622,COc1ccc2c(c1)CCC(NC(C)=O)=C2,COc1ccc2c(c1)CC[C@H](NC(C)=O)C2,ClCCl,,Rh,COc1ccccc1P(CCOp1oc2c(C(C)(C)C)cc(C)c(C)c2c2c(C)c(C)cc(C(C)(C)C)c2o1)c1ccccc1,COc1ccccc1P(CCOp9->1oc2c(C(C)(C)C)cc(C)c(C)c2c2c(C)c(C)cc(C(C)(C)C)c2o1)8->c1ccccc1.[Rh+]89,20,25,100,1.629293317,0.88,double P type,['double P type'],tri-sub
6367,COC(=O)C(NC(C)=O)=C1CCCCC1,COC(=O)[C@H](NC(C)=O)C1CCCCC1,CO,,Rh,CP(CCP(C)C1CCCCC1)C1C=CC=C1,CP(CCP(C)9->C1CCCCC1)8->C1C=CC=C1.[Rh+]89,2,25,100,1.458383346,0.843,double P type,['double P type'],tetra-sub
11335,COC(=O)/C(=C\c1ccccc1)NC(C)=O,COC(=O)[C@H](Cc1ccccc1)NC(C)=O,CCO,,Rh,C[C@@H](C1=C(P(c2ccccc2)c2ccccc2P(C2CCCCC2)C2CCCCC2)C=C[C@H]1[Fe]C1C=CC=C1)N(C)C,C[C@@H](C1=C(P(c2ccccc2)8->c2ccccc2P(C2CCCCC2)9->C2CCCCC2)C=C[C@H]1[Fe]C1C=CC=C1)N(C)C.[Rh+]89,10,25,100,0.118825087,0.1,ferrocene type,"['ferrocene type', 'double P type']",tri-sub
6375,CC/C(C)=C(\NC(C)=O)C(=O)OC,CC[C@@H](C)[C@@H](NC(C)=O)C(=O)OC,CO,,Rh,CP(CCP(C)C(C)(C)C)C(C)(C)C,CP(CCP(C)9->C(C)(C)C)8->C(C)(C)C.[Rh+]89,2,25,100,0.40999592,0.333,double P type,['double P type'],tetra-sub
11288,COC(=O)/C(NC(C)=O)=C(/c1ccccc1)c1cn(C(=O)OC(C)(C)C)c2ncccc12,COC(=O)[C@@H](NC(C)=O)[C@@H](c1ccccc1)c1cn(C(=O)OC(C)(C)C)c2ncccc12,CO,,Rh,COc1c(C)cc(P(c2cc(C)c(OC)c(C)c2)c2ccccc2C2=C[C@H]([Fe]C3C=CC=C3)C=C2[C@@H](C)P(C2CC3CCC2C3)C2C[C@H]3CC[C@@H]2C3)cc1C,COc1c(C)cc(P(c2cc(C)c(OC)c(C)c2)8->c2ccccc2C2=C[C@H]([Fe]C3C=CC=C3)C=C2[C@@H](C)P(C2CC3CCC2C3)9->C2C[C@H]3CC[C@@H]2C3)cc1C.[Rh+]89,34,40,5,2.278535306,0.95,ferrocene type,"['ferrocene type', 'double P type']",tetra-sub
2380,CC(=O)N/C(=C\c1ccccc1)C(=O)O,CC(=O)N[C@@H](Cc1ccccc1)C(=O)O,C1CCOC1.CO,,Rh,C[C@H](C1=C(P(c2ccccc2)c2ccccc2)C=C[C@@H]1[Fe]C1C=CC=C1)N(C)P(c1cccc(F)c1)c1cccc(F)c1,C[C@H](C1=C(P(c2ccccc2)8->c2ccccc2)C=C[C@@H]1[Fe]C1C=CC=C1)N(C)P(c1cccc(F)c1)9->c1cccc(F)c1.[Rh+]89,1,25,100,3.267102947,0.992,ferrocene type,"['ferrocene type', 'double P type']",tri-sub
8189,CC(=O)NC1=Cc2ccccc2CC1,CC(=O)N[C@@H]1CCc2ccccc2C1,ClCCl,,Rh,c1ccc(N2CCN(p3oc4ccc5ccccc5c4c4c(ccc5ccccc54)o3)CC2)cc1,c1ccc(N2CCN(p8->3oc4ccc5ccccc5c4c4c(ccc5ccccc54)o3)CC2)cc1.[Rh+]8,25,25,50,0.09494525,0.08,binol type,"['binol type', 'single P type']",tri-sub
9512,COC(=O)/C(=C/c1ccccc1Cl)NC(C)=O,COC(=O)[C@@H](Cc1ccccc1Cl)NC(C)=O,CC(C)=O,,Rh,CCN(CC)p1oc2c(P(c3ccccc3)c3ccccc3)cc3ccccc3c2c2c(o1)c(P(c1ccccc1)c1ccccc1)cc1ccccc12,CCN(CC)p8->1oc2c(P(c3ccccc3)9->c3ccccc3)cc3ccccc3c2c2c(o1)c(P(c1ccccc1)c1ccccc1)cc1ccccc12.[Rh+]89,1,25,100,2.477862753,0.97,binol type,"['binol type', 'double P type']",tri-sub
4612,[H]/C=C(/NC(C)=O)C(=O)OC.[H]/C=C(/NC(C)=O)C(=O)OC,COC(=O)[C@H](C)NC(C)=O,ClCCl,,Rh,CC(C)(C)Op1oc2ccc3ccccc3c2c2c(ccc3ccccc32)o1,CC(C)(C)Op8->1oc2ccc3ccccc3c2c2c(ccc3ccccc32)o1.[Rh+]8,1,25,100,2.219927286,0.954,binol type,"['binol type', 'single P type']",di-sub
1364,C=C(NC(C)=O)C(=O)OC,COC(=O)[C@@H](C)NC(C)=O,ClCCl,,Rh,Cc1cc(C)c(N2[C]N(CC[C@H](C)P(c3ccccc3)c3ccccc3)C=C2)c(C)c1,Cc1cc(C)c(N2[C]N(CC[C@H](C)P(c3ccccc3)8->c3ccccc3)C=C2)c(C)c1.[Rh+]8,20,25,50,0.35358588,0.29,others,['others'],di-sub
9538,CCC/C=C(\NC(C)=O)C(=O)OC,CCCC[C@@H](NC(C)=O)C(=O)OC,CC(C)=O,,Rh,c1ccc(P(c2ccccc2)c2cc3ccccc3c3c2op(N2CCCCC2)oc2c(P(c4ccccc4)c4ccccc4)cc4ccccc4c23)cc1,c1ccc(P(c2ccccc2)c2cc3ccccc3c3c2op(N2CCCCC2)9->oc2c(P(c4ccccc4)8->c4ccccc4)cc4ccccc4c23)cc1.[Rh+]89,1,25,100,3.267102947,0.992,binol type,"['binol type', 'double P type']",tri-sub
6566,COC(=O)/C(=C/c1ccccc1)COC(C)=O,COC(=O)C(COC(C)=O)Cc1ccccc1,ClCCl,,Rh,COc1ccc(C(=O)NCc2ccc(COp3oc4ccc5ccccc5c4c4c(ccc5ccccc54)o3)cc2)cc1,COc1ccc(C(=O)NCc2ccc(COp8->3oc4ccc5ccccc5c4c4c(ccc5ccccc54)o3)cc2)cc1.[Rh+]8,109,25,100,0,0,binol type,"['binol type', 'single P type']",tri-sub
11699,CCOC(=O)/C=C(\Sc1ccccc1C)c1ccccc1,CCOC(=O)C[C@H](Sc1ccccc1C)c1ccccc1,OCC(F)(F)F,,Rh,C[C@H](NC(=S)Nc1cc(C(F)(F)F)cc(C(F)(F)F)c1)C1=C(P(c2ccccc2)c2ccccc2)[C@@H]([Fe][C@H]2C=CC=C2P(c2ccccc2)c2ccccc2)C=C1,C[C@H](NC(=S)Nc1cc(C(F)(F)F)cc(C(F)(F)F)c1)C1=C(P(c2ccccc2)9->c2ccccc2)[C@@H]([Fe][C@H]2C=CC=C2P(c2ccccc2)8->c2ccccc2)C=C1.[Rh+]89,50,60,100,2.424128616,0.95,ferrocene type,"['ferrocene type', 'double P type']",tri-sub
812,COc1cc(/C=C(\C)NC(C)=O)cc(OC)c1,COc1cc(C[C@@H](C)NC(C)=O)cc(OC)c1,ClCCl,,Rh,C[C@H](C1=C(P(c2ccccc2)c2ccccc2)C=CC1[Fe]C1C=CC=C1)P(C1CCCCC1)C1CCCCC1,C[C@H](C1=C(P(c2ccccc2)8->c2ccccc2)C=CC1[Fe]C1C=CC=C1)P(C1CCCCC1)9->C1CCCCC1.[Rh+]89,20,25,200,0.154832513,0.13,ferrocene type,"['ferrocene type', 'double P type']",tri-sub
5615,COC(=O)/C(=C/c1ccc(OC)cc1)NC(C)=O,COC(=O)[C@@H](Cc1ccc(OC)cc1)NC(C)=O,C1CCOC1,,Rh,CCN(CC)p1oc2ccc3ccccc3c2c2c(ccc3ccccc32)o1,CCN(CC)p8->1oc2ccc3ccccc3c2c2c(ccc3ccccc32)o1.[Rh+]8,20,25,100,2.058336063,0.94,binol type,"['binol type', 'single P type']",tri-sub
12600,O=C1C=C(c2ccccc2)C(=O)O1,O=C1C[C@H](c2ccccc2)C(=O)O1,ClCCl,,Rh,C[C@H](NC(=S)Nc1cc(C(F)(F)F)cc(C(F)(F)F)c1)C1=C(P(c2ccccc2)c2ccccc2)[C@@H]([Fe][C@H]2C=CC=C2P(c2ccccc2)c2ccccc2)C=C1,C[C@H](NC(=S)Nc1cc(C(F)(F)F)cc(C(F)(F)F)c1)C1=C(P(c2ccccc2)9->c2ccccc2)[C@@H]([Fe][C@H]2C=CC=C2P(c2ccccc2)8->c2ccccc2)C=C1.[Rh+]89,30,25,100,1.881851867,0.92,ferrocene type,"['ferrocene type', 'double P type']",tri-sub
6040,C=C(NC(C)=O)C(=O)OC,COC(=O)[C@H](C)NC(C)=O,ClCCl,,Rh,Cp1oc2ccc3ccccc3c2c2c(ccc3ccccc32)o1,Cp8->1oc2ccc3ccccc3c2c2c(ccc3ccccc32)o1.[Rh+]8,1,25,1000,1.881851867,0.92,binol type,"['binol type', 'single P type']",di-sub
199,COC(=O)/C(=C\c1ccc(Cl)c(Cl)c1)NC(C)=O,COC(=O)[C@H](Cc1ccc(Cl)c(Cl)c1)NC(C)=O,ClCCl,,Rh,c1ccc(N(N(c2ccccc2)p2oc3ccc4ccccc4c3c3c(ccc4ccccc43)o2)p2oc3ccc4ccccc4c3c3c(ccc4ccccc43)o2)cc1,c1ccc(N(N(c2ccccc2)p8->2oc3ccc4ccccc4c3c3c(ccc4ccccc43)o2)p9->2oc3ccc4ccccc4c3c3c(ccc4ccccc43)o2)cc1.[Rh+]89,5,25,100,1.68395754,0.89,binol type,"['binol type', 'double P type']",tri-sub
11995,CCOC(=O)/C=C(/c1ccccc1)[Si](C)(C)C,CCOC(=O)C[C@H](c1ccccc1)[Si](C)(C)C,OCC(F)(F)F,,Rh,C[C@H](NC(=S)Nc1cc(C(F)(F)F)cc(C(F)(F)F)c1)C1=C(P(c2ccccc2)c2ccccc2)[C@@H]([Fe][C@H]2C=CC=C2P(c2ccccc2)c2ccccc2)C=C1,C[C@H](NC(=S)Nc1cc(C(F)(F)F)cc(C(F)(F)F)c1)C1=C(P(c2ccccc2)9->c2ccccc2)[C@@H]([Fe][C@H]2C=CC=C2P(c2ccccc2)8->c2ccccc2)C=C1.[Rh+]89,50,40,100,2.602587389,0.97,ferrocene type,"['ferrocene type', 'double P type']",tri-sub
1878,COC(=O)/C(=C/c1ccc(F)cc1)NC(C)=O,COC(=O)[C@H](Cc1ccc(F)cc1)NC(C)=O,ClCCl,,Rh,CC(C)(C)N(N(p1oc2ccc3ccccc3c2c2c(ccc3ccccc32)o1)C(C)(C)C)p1oc2ccc3ccccc3c2c2c(ccc3ccccc32)o1,CC(C)(C)N(N(p8->1oc2ccc3ccccc3c2c2c(ccc3ccccc32)o1)C(C)(C)C)p9->1oc2ccc3ccccc3c2c2c(ccc3ccccc32)o1.[Rh+]89,1,0,100,1.799232302,0.93,binol type,"['binol type', 'double P type']",tri-sub
1605,COC(=O)/C(=C/c1ccc(F)cc1)NC(C)=O,COC(=O)[C@@H](Cc1ccc(F)cc1)NC(C)=O,CO,,Rh,COC(=O)[C@@H](Cc1ccccc1)N(C)p1oc2ccc3ccccc3c2c2c(ccc3ccccc32)o1,COC(=O)[C@@H](Cc1ccccc1)N(C)p8->1oc2ccc3ccccc3c2c2c(ccc3ccccc32)o1.[Rh+]8,5,25,100,0.460001482,0.37,binol type,"['binol type', 'single P type']",tri-sub
1597,C=C(NC(C)=O)C(=O)OC,COC(=O)[C@@H](C)NC(C)=O,ClCCl,,Rh,COC(=O)[C@@H]1CCCN1p1oc2ccc3ccccc3c2c2c(ccc3ccccc32)o1,COC(=O)[C@@H]1CCCN1p8->1oc2ccc3ccccc3c2c2c(ccc3ccccc32)o1.[Rh+]8,5,25,50,1.629293317,0.88,binol type,"['binol type', 'single P type']",di-sub
7285,COC(=O)/C(=C\c1ccccc1)NC(C)=O,COC(=O)[C@H](Cc1ccccc1)NC(C)=O,CO,,Rh,C[C@@H]1CC[C@@H](C)P1[C@H](C)C1=CC([Fe]C2C=CC=C2)C=C1P(c1ccccc1)c1ccccc1,C[C@@H]1CC[C@@H](C)P8->1[C@H](C)C1=CC([Fe]C2C=CC=C2)C=C1P(c1ccccc1)9->c1ccccc1.[Rh+]89,1,25,100,0.145205383,0.122,ferrocene type,"['ferrocene type', 'double P type']",tri-sub
201,COC(=O)/C(=C\c1ccc(F)cc1)NC(C)=O,COC(=O)[C@@H](Cc1ccc(F)cc1)NC(C)=O,ClCCl,,Rh,c1ccc(N(N(c2ccccc2)p2oc3ccc4ccccc4c3c3c(ccc4ccccc43)o2)p2oc3ccc4ccccc4c3c3c(ccc4ccccc43)o2)cc1,c1ccc(N(N(c2ccccc2)p8->2oc3ccc4ccccc4c3c3c(ccc4ccccc43)o2)p9->2oc3ccc4ccccc4c3c3c(ccc4ccccc43)o2)cc1.[Rh+]89,5,25,100,1.963997164,0.93,binol type,"['binol type', 'double P type']",tri-sub
6276,CC(=O)N/C(=C\c1ccccc1)C(=O)O,CC(=O)N[C@H](Cc1ccccc1)C(=O)O,CO.Cc1ccccc1,,Rh,C[C@@H](C1=C(P(c2ccccc2)c2ccccc2)[C@@H]([Fe]C2C=CC=C2)C=C1)n1nnc(-c2ccccc2)c1P(c1ccccc1)c1ccccc1,C[C@@H](C1=C(P(c2ccccc2)8->c2ccccc2)[C@@H]([Fe]C2C=CC=C2)C=C1)n1nnc(-c2ccccc2)c1P(c1ccccc1)9->c1ccccc1.[Rh+]89,1,25,100,2.720952926,0.98,ferrocene type,"['ferrocene type', 'double P type']",tri-sub
181,COC(=O)/C(=C\c1ccccc1)NC(C)=O,COC(=O)[C@@H](Cc1ccccc1)NC(C)=O,ClCCl,,Rh,CN(N(C)p1oc2ccc3ccccc3c2c2c(ccc3ccccc32)o1)p1oc2ccc3ccccc3c2c2c(ccc3ccccc32)o1,CN(N(C)p8->1oc2ccc3ccccc3c2c2c(ccc3ccccc32)o1)p9->1oc2ccc3ccccc3c2c2c(ccc3ccccc32)o1.[Rh+]89,5,25,100,1.487635919,0.85,binol type,"['binol type', 'double P type']",tri-sub
6564,COC(=O)/C(=C/c1ccccc1)CN(C)C(C)=O,COC(=O)C(Cc1ccccc1)CN(C)C(C)=O,ClCCl,,Rh,CN(Cc1cccc(COp2oc3ccc4ccccc4c3c3c(ccc4ccccc43)o2)c1)C(=O)c1ccc(C(F)(F)F)cc1,CN(Cc1cccc(COp8->2oc3ccc4ccccc4c3c3c(ccc4ccccc43)o2)c1)C(=O)c1ccc(C(F)(F)F)cc1.[Rh+]8,49,25,100,1.881851867,0.92,binol type,"['binol type', 'single P type']",tri-sub
4118,COC(=O)/C(=C/c1ccc(C#N)cc1)NC(C)=O,COC(=O)[C@@H](Cc1ccc(C#N)cc1)NC(C)=O,ClCCl,,Rh,CN(C)p1oc2ccc3ccccc3c2c2c(ccc3ccccc32)o1,CN(C)p8->1oc2ccc3ccccc3c2c2c(ccc3ccccc32)o1.[Rh+]8,5,25,100,1.963997164,0.93,binol type,"['binol type', 'single P type']",tri-sub
11818,O=C1OCCC/C1=C\c1ccccc1,O=C1OCCC[C@@H]1Cc1ccccc1,OCC(F)(F)F,,Rh,C[C@H](NC(=S)Nc1cc(C(F)(F)F)cc(C(F)(F)F)c1)C1=C(P(c2ccccc2)c2ccccc2)[C@@H]([Fe][C@H]2C=CC=C2P(c2ccccc2)c2ccccc2)C=C1,C[C@H](NC(=S)Nc1cc(C(F)(F)F)cc(C(F)(F)F)c1)C1=C(P(c2ccccc2)9->c2ccccc2)[C@@H]([Fe][C@H]2C=CC=C2P(c2ccccc2)8->c2ccccc2)C=C1.[Rh+]89,50,25,100,0.802545975,0.59,ferrocene type,"['ferrocene type', 'double P type']",tri-sub
5627,CC(=O)N/C(=C\c1ccccc1)C(=O)O,CC(=O)N[C@H](Cc1ccccc1)C(=O)O,CO,,Rh,CC(C)(C)P1CCC[C@@H]1[C@H]1CCCP1C(C)(C)C,CC(C)(C)P8->1CCC[C@@H]1[C@H]1CCCP9->1C(C)(C)C.[Rh+]89,1,25,100,3.134375973,0.99,double P type,['double P type'],tri-sub
3572,CCOC(=O)/C=C(\NC(C)=O)c1ccccc1,CCOC(=O)C[C@@H](NC(C)=O)c1ccccc1,C1CCOC1,,Rh,COC[C@H](Op1oc2ccc3ccccc3c2c2c(ccc3ccccc32)o1)[C@@H](c1ccccc1)P(c1ccccc1)c1ccccc1,COC[C@H](Op9->1oc2ccc3ccccc3c2c2c(ccc3ccccc32)o1)[C@@H](c1ccccc1)P(c1ccccc1)8->c1ccccc1.[Rh+]89,20,25,100,0.749451317,0.56,binol type,"['binol type', 'double P type']",tri-sub
11997,CCOC(=O)/C=C(/c1ccccc1)[Si](C)(C)C,CCOC(=O)C[C@H](c1ccccc1)[Si](C)(C)C,C1CCOC1,,Rh,C[C@H](NC(=S)Nc1cc(C(F)(F)F)cc(C(F)(F)F)c1)C1=C(P(c2ccccc2)c2ccccc2)[C@@H]([Fe][C@H]2C=CC=C2P(c2ccccc2)c2ccccc2)C=C1,C[C@H](NC(=S)Nc1cc(C(F)(F)F)cc(C(F)(F)F)c1)C1=C(P(c2ccccc2)9->c2ccccc2)[C@@H]([Fe][C@H]2C=CC=C2P(c2ccccc2)8->c2ccccc2)C=C1.[Rh+]89,50,40,100,2.420499724,0.96,ferrocene type,"['ferrocene type', 'double P type']",tri-sub
6044,C=C(NC(C)=O)C(=O)OC,COC(=O)[C@H](C)NC(C)=O,ClCCl,,Rh,CN(C)p1oc2ccc3ccccc3c2c2c(ccc3ccccc32)o1,CN(C)p8->1oc2ccc3ccccc3c2c2c(ccc3ccccc32)o1.[Rh+]8,1,25,1000,2.43904547,0.968,binol type,"['binol type', 'single P type']",di-sub
1898,C=C(NC(C)=O)C(=O)OC,COC(=O)[C@@H](C)NC(C)=O,ClCCl,,Rh,c1ccc2c(c1)ccc1op(N3CCCN(p4oc5ccc6ccccc6c5c5c(ccc6ccccc65)o4)CC3)oc3ccc4ccccc4c3c12,c1ccc2c(c1)ccc1op(N3CCCN(p9->4oc5ccc6ccccc6c5c5c(ccc6ccccc65)o4)CC3)8->oc3ccc4ccccc4c3c12.[Rh+]89,1.3,25,1000,3.134375973,0.99,binol type,"['binol type', 'double P type']",di-sub
8000,C/C=C(\NC(C)=O)C(=O)OC,CC[C@@H](NC(C)=O)C(=O)OC,ClCCl,,Rh,CCN(CC)p1oc2ccc3c(c2c2c4c(ccc2o1)CCCC4)CCCC3,CCN(CC)p8->1oc2ccc3c(c2c2c4c(ccc2o1)CCCC4)CCCC3.[Rh+]8,5,25,50,1.44621066,0.84,binol type,"['binol type', 'single P type']",tri-sub
5205,COC(=O)/C(=C/c1ccc(Cl)c(Cl)c1)NC(C)=O,COC(=O)[C@@H](Cc1ccc(Cl)c(Cl)c1)NC(C)=O,ClCCl,,Rh,CN(C)p1oc2ccc3ccccc3c2c2c(ccc3ccccc32)o1,CN(C)p8->1oc2ccc3ccccc3c2c2c(ccc3ccccc32)o1.[Rh+]8,5,25,100,3.134375973,0.99,binol type,"['binol type', 'single P type']",tri-sub
7873,CCOC(=O)/C=C(/NC(C)=O)c1ccccc1,CCOC(=O)C[C@@H](NC(C)=O)c1ccccc1,ClCCl,,Rh,c1ccc(COp2oc3ccc4ccccc4c3c3c(ccc4ccccc43)o2)cc1,c1ccc(COp8->2oc3ccc4ccccc4c3c3c(ccc4ccccc43)o2)cc1.[Rh+]8,59,25,50,1.522645135,0.858,binol type,"['binol type', 'single P type']",tri-sub
5545,C=C(NC(C)=O)C(=O)OC,COC(=O)[C@@H](C)NC(C)=O,CO,,Rh,c1ccc(C[C@@H]2CCCP2CCP2CCC[C@H]2Cc2ccccc2)cc1,c1ccc(C[C@@H]2CCCP8->2CCP9->2CCC[C@H]2Cc2ccccc2)cc1.[Rh+]89,27,25,1000,0.981902689,0.68,double P type,['double P type'],di-sub
3559,C=C(NC(C)=O)C(=O)OC,COC(=O)[C@@H](C)NC(C)=O,C1CCOC1,,Rh,COC[C@H](Op1oc2ccc3ccccc3c2c2c(ccc3ccccc32)o1)[C@@H](c1ccccc1)P(c1ccccc1)c1ccccc1,COC[C@H](Op9->1oc2ccc3ccccc3c2c2c(ccc3ccccc32)o1)[C@@H](c1ccccc1)P(c1ccccc1)8->c1ccccc1.[Rh+]89,20,25,100,3.134375973,0.99,binol type,"['binol type', 'double P type']",di-sub
12001,CCOC(=O)/C=C(/c1ccccc1)[Si](C)(c1ccccc1)c1ccccc1,CCOC(=O)C[C@H](c1ccccc1)[Si](C)(c1ccccc1)c1ccccc1,OCC(F)(F)F,,Rh,C[C@H](NC(=S)Nc1cc(C(F)(F)F)cc(C(F)(F)F)c1)C1=C(P(c2ccccc2)c2ccccc2)[C@@H]([Fe][C@H]2C=CC=C2P(c2ccccc2)c2ccccc2)C=C1,C[C@H](NC(=S)Nc1cc(C(F)(F)F)cc(C(F)(F)F)c1)C1=C(P(c2ccccc2)9->c2ccccc2)[C@@H]([Fe][C@H]2C=CC=C2P(c2ccccc2)8->c2ccccc2)C=C1.[Rh+]89,50,40,100,2.857913644,0.98,ferrocene type,"['ferrocene type', 'double P type']",tri-sub
2990,C=C(NC(C)=O)C(=O)OC,COC(=O)[C@@H](C)NC(C)=O,ClCCl,,Rh,CN(C)p1oc2ccc3ccccc3c2c2c(o1)c([Si](C)(C)C)cc1ccccc12,CN(C)p8->1oc2ccc3ccccc3c2c2c(o1)c([Si](C)(C)C)cc1ccccc12.[Rh+]8,1,25,200,1.588552376,0.872,binol type,"['binol type', 'single P type']",di-sub
4572,[H]/C=C(/NC(C)=O)C(=O)OC.[H]/C=C(/NC(C)=O)C(=O)OC,COC(=O)[C@@H](C)NC(C)=O,ClCCl,,Rh,CCOp1oc2ccc3ccccc3c2c2c(ccc3ccccc32)o1,CCOp8->1oc2ccc3ccccc3c2c2c(ccc3ccccc32)o1.[Rh+]8,1,20,1000,1.406302192,0.836,binol type,"['binol type', 'single P type']",di-sub
9540,COC/C=C(\NC(C)=O)C(=O)OC,COCC[C@@H](NC(C)=O)C(=O)OC,CC(C)=O,,Rh,CCN(CC)p1oc2c(P(c3ccccc3)c3ccccc3)cc3ccccc3c2c2c(o1)c(P(c1ccccc1)c1ccccc1)cc1ccccc12,CCN(CC)p8->1oc2c(P(c3ccccc3)9->c3ccccc3)cc3ccccc3c2c2c(o1)c(P(c1ccccc1)c1ccccc1)cc1ccccc12.[Rh+]89,1,25,100,2.335478047,0.962,binol type,"['binol type', 'double P type']",tri-sub
11105,COC(=O)/C=C(\C#N)c1ccc(C)cc1,COC(=O)C[C@@H](C#N)c1ccc(C)cc1,CO,,Rh,C[C@H](NC(=S)Nc1cc(C(F)(F)F)cc(C(F)(F)F)c1)C1=C(P(c2ccccc2)c2ccccc2)[C@@H]([Fe][C@H]2C=CC=C2P(c2ccccc2)c2ccccc2)C=C1,C[C@H](NC(=S)Nc1cc(C(F)(F)F)cc(C(F)(F)F)c1)C1=C(P(c2ccccc2)9->c2ccccc2)[C@@H]([Fe][C@H]2C=CC=C2P(c2ccccc2)8->c2ccccc2)C=C1.[Rh+]89,50,35,100,1.945001259,0.92,ferrocene type,"['ferrocene type', 'double P type']",tri-sub
5437,COC(=O)/C(=C/c1ccc(OC(C)=O)c(OC)c1)NC(C)=O,COC(=O)[C@@H](Cc1ccc(OC(C)=O)c(OC)c1)NC(C)=O,ClCCl,,Rh,CN(C)p1oc2ccc3ccccc3c2c2c(ccc3ccccc32)o1,CN(C)p8->1oc2ccc3ccccc3c2c2c(ccc3ccccc32)o1.[Rh+]8,1,0,20,2.154291648,0.963,binol type,"['binol type', 'single P type']",tri-sub
6379,CC/C(C)=C(\NC(C)=O)C(=O)OC,CC[C@@H](C)[C@@H](NC(C)=O)C(=O)OC,CO,,Rh,CP(CCP(C)C1CCCCC1)C1C=CC=C1,CP(CCP(C)9->C1CCCCC1)8->C1C=CC=C1.[Rh+]89,2,25,100,0.789908945,0.583,double P type,['double P type'],tetra-sub
11813,O=C1OCCC/C1=C\c1ccccc1,O=C1OCCC[C@@H]1Cc1ccccc1,CCOC(C)=O,,Rh,C[C@H](NC(=S)Nc1cc(C(F)(F)F)cc(C(F)(F)F)c1)C1=C(P(c2ccccc2)c2ccccc2)[C@@H]([Fe][C@H]2C=CC=C2P(c2ccccc2)c2ccccc2)C=C1,C[C@H](NC(=S)Nc1cc(C(F)(F)F)cc(C(F)(F)F)c1)C1=C(P(c2ccccc2)9->c2ccccc2)[C@@H]([Fe][C@H]2C=CC=C2P(c2ccccc2)8->c2ccccc2)C=C1.[Rh+]89,50,25,100,2.169340323,0.95,ferrocene type,"['ferrocene type', 'double P type']",tri-sub
4113,COC(=O)/C(=C/c1ccc(F)c([N+](=O)[O-])c1)NC(C)=O,COC(=O)[C@@H](Cc1ccc(F)c([N+](=O)[O-])c1)NC(C)=O,ClCCl,,Rh,CN(C)p1oc2ccc3ccccc3c2c2c(ccc3ccccc32)o1,CN(C)p8->1oc2ccc3ccccc3c2c2c(ccc3ccccc32)o1.[Rh+]8,5,25,100,2.169340323,0.95,binol type,"['binol type', 'single P type']",tri-sub
7346,COC(=O)C/C(=C\c1ccccc1)NC(C)=O,COC(=O)C[C@H](Cc1ccccc1)NC(C)=O,ClCCl,,Rh,C[S@](=O)(=Np1oc2ccc3ccccc3c2c2c(ccc3ccccc32)o1)c1ccccc1,C[S@](=O)(=N9->p8->1oc2ccc3ccccc3c2c2c(ccc3ccccc32)o1)c1ccccc1.[Rh+]89,1,25,1000,2.477862753,0.97,binol type,"['binol type', 'P,N type']",tri-sub
9503,C=C(NC(C)=O)C(=O)OC,COC(=O)[C@@H](C)NC(C)=O,CC(C)=O,,Rh,CN(C)p1oc2c(P(c3ccccc3)c3ccccc3)cc3ccccc3c2c2c(o1)c(P(c1ccccc1)c1ccccc1)cc1ccccc12,CN(C)p9->1oc2c(P(c3ccccc3)c3ccccc3)cc3ccccc3c2c2c(o1)c(P(c1ccccc1)8->c1ccccc1)cc1ccccc12.[Rh+]89,1,25,100,1.822942522,0.912,binol type,"['binol type', 'double P type']",di-sub
6124,CC(=O)N/C(=C\c1ccccc1)C(=O)O,CC(=O)N[C@H](Cc1ccccc1)C(=O)O,ClCCl,,Rh,COc1ccccc1Np1oc2ccc3ccccc3c2c2c(ccc3ccccc32)o1,COc1ccccc1Np8->1oc2ccc3ccccc3c2c2c(ccc3ccccc32)o1.[Rh+]8,1,25,20,0.878043878,0.63,binol type,"['binol type', 'single P type']",tri-sub
1622,COC(=O)/C(=C/c1ccc(F)cc1)NC(C)=O,COC(=O)[C@H](Cc1ccc(F)cc1)NC(C)=O,ClCCl,,Rh,COC(=O)[C@@H](Cc1ccccc1)N(C)p1oc2ccc3ccccc3c2c2c(ccc3ccccc32)o1,COC(=O)[C@@H](Cc1ccccc1)N(C)p8->1oc2ccc3ccccc3c2c2c(ccc3ccccc32)o1.[Rh+]8,5,25,100,0.981902689,0.68,binol type,"['binol type', 'single P type']",tri-sub
5197,COC(=O)/C(=C/c1ccc(OC(C)=O)c(OC)c1)NC(C)=O,COC(=O)[C@@H](Cc1ccc(OC(C)=O)c(OC)c1)NC(C)=O,ClCCl,,Rh,CN(C)p1oc2ccc3ccccc3c2c2c(ccc3ccccc32)o1,CN(C)p8->1oc2ccc3ccccc3c2c2c(ccc3ccccc32)o1.[Rh+]8,5,25,200,2.304501335,0.96,binol type,"['binol type', 'single P type']",tri-sub
5446,CC(=O)N/C(=C\c1ccccc1)C(=O)O,CC(=O)N[C@H](Cc1ccccc1)C(=O)O,ClCCl,,Rh,CN(C)p1oc2ccc3ccccc3c2c2c(ccc3ccccc32)o1,CN(C)p8->1oc2ccc3ccccc3c2c2c(ccc3ccccc32)o1.[Rh+]8,1,25,20,1.317698151,0.805,binol type,"['binol type', 'single P type']",tri-sub
3275,COC(=O)/C(=C/c1ccccc1)COC(C)=O,COC(=O)C(COC(C)=O)Cc1ccccc1,ClCCl,,Rh,CCCCc1ccc(N(C)C(=O)c2ccccc2C(=O)N(C)c2cccc(COp3oc4ccc5ccccc5c4c4c(ccc5ccccc54)o3)c2)cc1,CCCCc1ccc(N(C)C(=O)c2ccccc2C(=O)N(C)c2cccc(COp8->3oc4ccc5ccccc5c4c4c(ccc5ccccc54)o3)c2)cc1.[Rh+]8,49,25,100,0,0,binol type,"['binol type', 'single P type']",tri-sub
4578,[H]/C=C(/NC(C)=O)C(=O)OC.[H]/C=C(/NC(C)=O)C(=O)OC,COC(=O)[C@@H](C)NC(C)=O,ClCCl,,Rh,c1ccc2c(c1)-c1ccccc1C2COp1oc2ccc3ccccc3c2c2c(ccc3ccccc32)o1,c1ccc2c(c1)-c1ccccc1C2COp8->1oc2ccc3ccccc3c2c2c(ccc3ccccc32)o1.[Rh+]8,1,20,1000,1.881352021,0.924,binol type,"['binol type', 'single P type']",di-sub
7979,COC(=O)/C=C(\NC(C)=O)c1ccccc1,COOCC[C@@H](NC(C)=O)c1ccccc1,ClCCl,,Rh,CN(C)P1Oc2cccc3c2C2(CC3)CCc3cccc(c32)O1,CN(C)P8->1Oc2cccc3c2C2(CC3)CCc3cccc(c32)O1.[Rh+]8,20,25,50,1.743519237,0.9,single P type,['single P type'],tri-sub
6372,CC/C(C)=C(/NC(C)=O)C(=O)OC,CC[C@H](C)[C@@H](NC(C)=O)C(=O)OC,CO,,Rh,CP(CCP(C)C(C)(C)C)C1CCCCC1,CP(CCP(C)9->C(C)(C)C)8->C1CCCCC1.[Rh+]89,2,25,100,2.028529081,0.937,double P type,['double P type'],tetra-sub
11713,CCOC(=O)/C=C(/B1OC(C)(C)C(C)(C)O1)c1ccccc1,CCOC(=O)C[C@H](B1OC(C)(C)C(C)(C)O1)c1ccccc1,Cc1ccccc1,,Rh,C[C@H](NC(=S)Nc1cc(C(F)(F)F)cc(C(F)(F)F)c1)C1=C(P(c2ccccc2)c2ccccc2)[C@@H]([Fe][C@H]2C=CC=C2P(c2ccccc2)c2ccccc2)C=C1,C[C@H](NC(=S)Nc1cc(C(F)(F)F)cc(C(F)(F)F)c1)C1=C(P(c2ccccc2)9->c2ccccc2)[C@@H]([Fe][C@H]2C=CC=C2P(c2ccccc2)8->c2ccccc2)C=C1.[Rh+]89,50,30,100,1.996950137,0.93,ferrocene type,"['ferrocene type', 'double P type']",tri-sub
4595,[H]/C=C(/NC(C)=O)C(=O)OC.[H]/C=C(/NC(C)=O)C(=O)OC,COC(=O)[C@@H](C)NC(C)=O,ClCCl,,Rh,CC(C)[C@@H]1CC[C@@H](C)C[C@H]1Op1oc2ccccc2c2ccccc2o1,CC(C)[C@@H]1CC[C@@H](C)C[C@H]1Op8->1oc2ccccc2c2ccccc2o1.[Rh+]8,1,60,500,0.146162426,0.11,single P type,['single P type'],di-sub
11817,O=C1OCCC/C1=C\c1ccccc1,O=C1OCCC[C@@H]1Cc1ccccc1,CO,,Rh,C[C@H](NC(=S)Nc1cc(C(F)(F)F)cc(C(F)(F)F)c1)C1=C(P(c2ccccc2)c2ccccc2)[C@@H]([Fe][C@H]2C=CC=C2P(c2ccccc2)c2ccccc2)C=C1,C[C@H](NC(=S)Nc1cc(C(F)(F)F)cc(C(F)(F)F)c1)C1=C(P(c2ccccc2)9->c2ccccc2)[C@@H]([Fe][C@H]2C=CC=C2P(c2ccccc2)8->c2ccccc2)C=C1.[Rh+]89,50,25,100,0,0,ferrocene type,"['ferrocene type', 'double P type']",tri-sub
11936,COC(=O)/C(=C/C=C/c1ccccc1)NC(C)=O,COC(=O)[C@@H](C/C=C/c1ccccc1)NC(C)=O,CO,,Rh,CN(C)[C@H](C1=C[C@@H]([Fe]C2C=CC=C2)C=C1P(c1ccccc1)c1ccccc1)c1ccccc1P(c1ccccc1)c1ccccc1,CN(C)[C@H](C1=C[C@@H]([Fe]C2C=CC=C2)C=C1P(c1ccccc1)9->c1ccccc1)c1ccccc1P(c1ccccc1)8->c1ccccc1.[Rh+]89,1.5,25,100,1.238010823,0.78,ferrocene type,"['ferrocene type', 'double P type']",tri-sub
11328,COC(=O)/C(=C\c1ccccc1)NC(C)=O,COC(=O)[C@H](Cc1ccccc1)NC(C)=O,CCO,,Rh,C[C@@H](C1=C(P(C)c2ccccc2P(c2ccccc2)c2ccccc2)C=C[C@H]1[Fe]C1C=CC=C1)N(C)C,C[C@@H](C1=C(P(C)8->c2ccccc2P(c2ccccc2)9->c2ccccc2)C=C[C@H]1[Fe]C1C=CC=C1)N(C)C.[Rh+]89,10,25,100,1.487635919,0.85,ferrocene type,"['ferrocene type', 'double P type']",tri-sub
12548,CCOC(=O)/C(NC(C)=O)=C(\OC(C)=O)c1ccccc1,CCOC(=O)[C@H](NC(C)=O)[C@@H](OC(C)=O)c1ccccc1,ClCCl,,Rh,c1ccc(P(c2ccccc2)c2ccc3ccccc3c2-c2c(P(c3ccccc3)c3ccccc3)ccc3ccccc23)cc1,c1ccc(P(c2ccccc2)8->c2ccc3ccccc3c2-c2c(P(c3ccccc3)9->c3ccccc3)ccc3ccccc23)cc1.[Rh+]89,30,25,50,0.118825087,0.1,double P type,['double P type'],tetra-sub
216,COC(=O)/C(=C\c1ccccc1)NC(C)=O,COC(=O)[C@@H](Cc1ccccc1)NC(C)=O,ClCCl,,Rh,c1ccc(OP(Oc2ccccc2)N(c2ccccc2)N(c2ccccc2)p2oc3ccc4ccccc4c3c3c(ccc4ccccc43)o2)cc1,c1ccc(OP(Oc2ccccc2)8->N(c2ccccc2)N(c2ccccc2)p9->2oc3ccc4ccccc4c3c3c(ccc4ccccc43)o2)cc1.[Rh+]89,5,25,100,1.629293317,0.88,binol type,"['binol type', 'double P type']",tri-sub
6125,CC(=O)N/C(=C\c1ccccc1)C(=O)O,CC(=O)N[C@@H](Cc1ccccc1)C(=O)O,ClCCl,,Rh,C=Cc1ccc(CN(c2ccccc2OC)p2oc3ccc4ccccc4c3c3c(ccc4ccccc43)o2)cc1,C=Cc1ccc(CN(c2ccccc2OC)p8->2oc3ccc4ccccc4c3c3c(ccc4ccccc43)o2)cc1.[Rh+]8,1,25,20,0.487686304,0.39,binol type,"['binol type', 'single P type']",tri-sub
12614,O=C1C=C(c2cccc(Cl)c2)C(=O)O1,O=C1C[C@H](c2cccc(Cl)c2)C(=O)O1,CCOC(C)=O,,Rh,C[C@H](NC(=S)Nc1cc(C(F)(F)F)cc(C(F)(F)F)c1)C1=C(P(c2ccccc2)c2ccccc2)[C@@H]([Fe][C@H]2C=CC=C2P(c2ccccc2)c2ccccc2)C=C1,C[C@H](NC(=S)Nc1cc(C(F)(F)F)cc(C(F)(F)F)c1)C1=C(P(c2ccccc2)9->c2ccccc2)[C@@H]([Fe][C@H]2C=CC=C2P(c2ccccc2)8->c2ccccc2)C=C1.[Rh+]89,1,25,100,1.963997164,0.93,ferrocene type,"['ferrocene type', 'double P type']",tri-sub
1679,C=C(NC(C)=O)C(=O)OC,COC(=O)[C@H](C)NC(C)=O,ClCCl,,Rh,CS(C)(=O)=Np1oc2ccc3ccccc3c2c2c(ccc3ccccc32)o1,CS(C)(=O)=N9->p8->1oc2ccc3ccccc3c2c2c(ccc3ccccc32)o1.[Rh+]89,1.3,25,1000,2.78393889,0.982,binol type,"['binol type', 'P,N type']",di-sub
9056,CC(=O)N/C(=C\c1ccccc1)C(=O)O,CC(=O)N[C@H](Cc1ccccc1)C(=O)O,CC(C)O,,Rh,CCc1ccccc1P(CCP(c1ccccc1)c1ccccc1CC)c1ccccc1,CCc1ccccc1P(CCP(c1ccccc1)9->c1ccccc1CC)8->c1ccccc1.[Rh+]89,3,50,100,1.88978763,0.9,double P type,['double P type'],tri-sub
8185,CC(=O)NC1=Cc2ccccc2CC1,CC(=O)N[C@@H]1CCc2ccccc2C1,ClCCl,,Rh,c1ccc2c(c1)ccc1op(N3CCCCCC3)oc3ccc4ccccc4c3c12,c1ccc2c(c1)ccc1op(N3CCCCCC3)8->oc3ccc4ccccc4c3c12.[Rh+]8,25,25,50,0.240091991,0.2,binol type,"['binol type', 'single P type']",tri-sub
11333,COC(=O)/C(=C\c1ccccc1)NC(C)=O,COC(=O)[C@H](Cc1ccccc1)NC(C)=O,CCO,,Rh,C[C@@H](C1=C([PH](=O)c2ccccc2P(c2ccccc2)c2ccccc2)C=C[C@H]1[Fe]C1C=CC=C1)N(C)C,C[C@@H](C1=C([PH](=O)c2ccccc2P(c2ccccc2)8->c2ccccc2)C=C[C@H]1[Fe]C1C=CC=C1)N(C)C.[Rh+]8,10,25,100,0.515885405,0.41,ferrocene type,"['ferrocene type', 'single P type']",tri-sub
1361,C=C(NC(C)=O)C(=O)OC,COC(=O)[C@@H](C)NC(C)=O,ClCCl,,Rh,Cc1cc(C)c(N2[C]N(CC[C@H](C)P(c3ccccc3)c3ccccc3)C=C2)c(C)c1,Cc1cc(C)c(N2[C]N(CC[C@H](C)P(c3ccccc3)8->c3ccccc3)C=C2)c(C)c1.[Rh+]8,39,25,50,0.264871326,0.22,others,['others'],di-sub
1561,COC(=O)/C(=C/c1ccc(OC)cc1)NC(C)=O,COC(=O)[C@H](Cc1ccccc1OC)NC(C)=O,ClCCl,,Rh,COC[C@@H]1CCCN1p1oc2ccc3ccccc3c2c2c(ccc3ccccc32)o1,COC[C@@H]1CCCN1p8->1oc2ccc3ccccc3c2c2c(ccc3ccccc32)o1.[Rh+]8,10,25,100,1.743519237,0.9,binol type,"['binol type', 'single P type']",tri-sub
11992,CCOC(=O)/C=C(/c1ccccc1)[Si](C)(C)C,CCOC(=O)C[C@H](c1ccccc1)[Si](C)(C)C,CC(C)O,,Rh,C[C@H](NC(=S)Nc1cc(C(F)(F)F)cc(C(F)(F)F)c1)C1=C(P(c2ccccc2)c2ccccc2)[C@@H]([Fe][C@H]2C=CC=C2P(c2ccccc2)c2ccccc2)C=C1,C[C@H](NC(=S)Nc1cc(C(F)(F)F)cc(C(F)(F)F)c1)C1=C(P(c2ccccc2)9->c2ccccc2)[C@@H]([Fe][C@H]2C=CC=C2P(c2ccccc2)8->c2ccccc2)C=C1.[Rh+]89,50,40,100,2.602587389,0.97,ferrocene type,"['ferrocene type', 'double P type']",tri-sub
8940,COC(=O)/C=C(\CP(=O)(OC)OC)c1ccccc1,COC(=O)CC(CP(=O)(OC)OC)c1ccccc1,C1CCOC1,,Rh,C[C@@H](C1=C([P@](c2ccccc2)c2cccc3ccccc23)C=C[C@H]1[Fe]C1C=CC=C1)N(C)P(c1ccc(C(F)(F)F)cc1)c1ccc(C(F)(F)F)cc1,C[C@@H](C1=C([P@](c2ccccc2)9->c2cccc3ccccc23)C=C[C@H]1[Fe]C1C=CC=C1)N(C)P(c1ccc(C(F)(F)F)cc1)8->c1ccc(C(F)(F)F)cc1.[Rh+]89,59,25,100,2.304501335,0.96,ferrocene type,"['ferrocene type', 'double P type']",tri-sub
8016,C/C=C(\NC(C)=O)C(=O)OC,CC[C@@H](NC(C)=O)C(=O)OC,ClCCl,,Rh,O=C(OCc1ccccc1)[C@@H]1CCCN1p1oc2ccc3ccccc3c2c2c(ccc3ccccc32)o1,O=C(OCc1ccccc1)[C@@H]1CCCN1p8->1oc2ccc3ccccc3c2c2c(ccc3ccccc32)o1.[Rh+]8,5,25,50,1.44621066,0.84,binol type,"['binol type', 'single P type']",tri-sub
6127,C=C(NC(C)=O)C(=O)OC,COC(=O)[C@@H](C)NC(C)=O,ClCCl,,Rh,c1cnc2c(Np3oc4ccc5ccccc5c4c4c(ccc5ccccc54)o3)cccc2c1,c1cn9->c2c(Np8->3oc4ccc5ccccc5c4c4c(ccc5ccccc54)o3)cccc2c1.[Rh+]89,1,25,20,1.44621066,0.84,binol type,"['binol type', 'P,N type']",di-sub
9158,CC(=O)NC1=C(Cc2ccccc2)c2ccccc2CC1,CC(=O)NC1CCc2ccccc2C1Cc1ccccc1,ClCCl,,Rh,O=C(NCCP1Cc2ccc3ccccc3c2-c2c(ccc3ccccc23)C1)Nc1ccccc1,O=C(NCCP8->1Cc2ccc3ccccc3c2-c2c(ccc3ccccc23)C1)Nc1ccccc1.[Rh+]8,59,25,50,0.035539047,0.03,binol type,"['binol type', 'single P type']",tetra-sub
5488,COC(=O)/C(=C/c1ccccc1)NC(=O)c1ccccc1,COC(=O)[C@@H](Cc1ccccc1)NC(=O)c1ccccc1,C1CCOC1,,Rh,Cc1cc(C)cc(S[C@H](C(C)C)[C@@H](C)OP(c2ccccc2)c2ccccc2)c1,Cc1cc(C)cc(S[C@H](C(C)C)[C@@H](C)OP(c2ccccc2)8->c2ccccc2)c1.[Rh+]8,7.8,25,100,1.743519237,0.9,single P type,['single P type'],tri-sub
11994,CCOC(=O)/C=C(/c1ccccc1)[Si](C)(C)C,CCOC(=O)C[C@H](c1ccccc1)[Si](C)(C)C,CCO,,Rh,C[C@H](NC(=S)Nc1cc(C(F)(F)F)cc(C(F)(F)F)c1)C1=C(P(c2ccccc2)c2ccccc2)[C@@H]([Fe][C@H]2C=CC=C2P(c2ccccc2)c2ccccc2)C=C1,C[C@H](NC(=S)Nc1cc(C(F)(F)F)cc(C(F)(F)F)c1)C1=C(P(c2ccccc2)9->c2ccccc2)[C@@H]([Fe][C@H]2C=CC=C2P(c2ccccc2)8->c2ccccc2)C=C1.[Rh+]89,50,40,100,2.602587389,0.97,ferrocene type,"['ferrocene type', 'double P type']",tri-sub
9039,C=C(NC(C)=O)C(=O)OC,COC(=O)[C@H](C)NC(C)=O,ClCCl,,Rh,CC(Op1oc2c(C(C)(C)C)cc(C(C)(C)C)cc2c2cc(C(C)(C)C)cc(C(C)(C)C)c2o1)[C@H]1O[C@@H]2OC(C)(C)O[C@H]2[C@@H]1Op1oc2c(C(C)(C)C)cc(C(C)(C)C)cc2c2cc(C(C)(C)C)cc(C(C)(C)C)c2o1,CC(Op8->1oc2c(C(C)(C)C)cc(C(C)(C)C)cc2c2cc(C(C)(C)C)cc(C(C)(C)C)c2o1)[C@H]1O[C@@H]2OC(C)(C)O[C@H]2[C@@H]1Op9->1oc2c(C(C)(C)C)cc(C(C)(C)C)cc2c2cc(C(C)(C)C)cc(C(C)(C)C)c2o1.[Rh+]89,5,25,100,0.35358588,0.29,double P type,['double P type'],di-sub
12602,O=C1C=C(c2ccccc2)C(=O)O1,O=C1C[C@H](c2ccccc2)C(=O)O1,ClCCCl,,Rh,C[C@H](NC(=S)Nc1cc(C(F)(F)F)cc(C(F)(F)F)c1)C1=C(P(c2ccccc2)c2ccccc2)[C@@H]([Fe][C@H]2C=CC=C2P(c2ccccc2)c2ccccc2)C=C1,C[C@H](NC(=S)Nc1cc(C(F)(F)F)cc(C(F)(F)F)c1)C1=C(P(c2ccccc2)9->c2ccccc2)[C@@H]([Fe][C@H]2C=CC=C2P(c2ccccc2)8->c2ccccc2)C=C1.[Rh+]89,30,25,100,2.169340323,0.95,ferrocene type,"['ferrocene type', 'double P type']",tri-sub
6521,COC(=O)/C(=C/c1ccccc1)CNC(C)=O,COC(=O)[C@@H](CNC(C)=O)Cc1ccccc1,ClCCl,,Rh,COc1ccc(C(=O)Nc2cccc(COp3oc4ccc5ccccc5c4c4c(ccc5ccccc54)o3)c2)cc1,COc1ccc(C(=O)Nc2cccc(COp8->3oc4ccc5ccccc5c4c4c(ccc5ccccc54)o3)c2)cc1.[Rh+]8,20,25,100,1.44621066,0.84,binol type,"['binol type', 'single P type']",tri-sub
7874,CCOC(=O)/C=C(/NC(C)=O)c1ccccc1,CCOC(=O)C[C@@H](NC(C)=O)c1ccccc1,ClCCl,,Rh,CC(C)(C)COp1oc2ccc3ccccc3c2c2c(ccc3ccccc32)o1,CC(C)(C)COp8->1oc2ccc3ccccc3c2c2c(ccc3ccccc32)o1.[Rh+]8,59,25,50,1.63987508,0.882,binol type,"['binol type', 'single P type']",tri-sub
1716,COC(=O)/C(=C/c1ccc(F)cc1)NC(C)=O,COC(=O)[C@H](Cc1ccc(F)cc1)NC(C)=O,ClCCl,,Rh,c1ccc2c3c(ccc2c1)CN(p1oc2ccc4ccccc4c2c2c(ccc4ccccc42)o1)Cc1ccc2ccccc2c1-3,c1ccc2c3c(ccc2c1)CN(p8->1oc2ccc4ccccc4c2c2c(ccc4ccccc42)o1)Cc1ccc2ccccc2c1-3.[Rh+]8,5,25,20,2.477862753,0.97,binol type,"['binol type', 'single P type']",tri-sub
5611,COC(=O)/C(=C/c1ccccc1Cl)NC(C)=O,COC(=O)[C@@H](Cc1ccccc1Cl)NC(C)=O,C1CCOC1,,Rh,CCN(CC)p1oc2ccc3ccccc3c2c2c(ccc3ccccc32)o1,CCN(CC)p8->1oc2ccc3ccccc3c2c2c(ccc3ccccc32)o1.[Rh+]8,20,25,100,1.889608589,0.921,binol type,"['binol type', 'single P type']",tri-sub
8321,COC(=O)C(NC(C)=O)=C1CCCCC1,COC(=O)[C@H](NC(C)=O)C1CCCCC1,CO,,Rh,CP(CP(C(C)(C)C)C(C)(C)C)C(C)(C)C,CP(CP(C(C)(C)C)9->C(C)(C)C)8->C(C)(C)C.[Rh+]89,3.06,20,100,3.081785772,0.99,double P type,['double P type'],tetra-sub
11324,C=C(NC(C)=O)C(=O)OC,COC(=O)[C@H](C)NC(C)=O,CCO,,Rh,C[C@@H](C1=C([PH](=O)c2ccccc2P(c2ccccc2)c2ccccc2)C=C[C@H]1[Fe]C1C=CC=C1)N(C)C,C[C@@H](C1=C([PH](=O)c2ccccc2P(c2ccccc2)8->c2ccccc2)C=C[C@H]1[Fe]C1C=CC=C1)N(C)C.[Rh+]8,10,25,100,0.240091991,0.2,ferrocene type,"['ferrocene type', 'single P type']",di-sub
1524,C=C(NC(C)=O)C(=O)OC,COC(=O)[C@@H](C)NC(C)=O,ClCCl,,Rh,c1ccc2c(c1)ccc1op(N3CCOCC3)oc3ccc4ccccc4c3c12,c1ccc2c(c1)ccc1op(N3CCOCC3)8->oc3ccc4ccccc4c3c12.[Rh+]8,5,25,50,3.134375973,0.99,binol type,"['binol type', 'single P type']",di-sub
12371,COC(=O)/C(=C/CCN1C(=O)c2ccccc2C1=O)NC(C)=O,COC(=O)[C@@H](CCCN1C(=O)c2ccccc2C1=O)NC(C)=O,CO,,Rh,CC(C)(C)P1Cc2ccccc2C1[C@H]1c2ccccc2CP1C(C)(C)C,CC(C)(C)P8->1Cc2ccccc2C1[C@H]1c2ccccc2CP9->1C(C)(C)C.[Rh+]89,7,50,1000,3.987349112,0.996,double P type,['double P type'],tri-sub
2859,CC(=O)N/C(=C\c1ccccc1)C(=O)O,CC(=O)N[C@@H](Cc1ccccc1)C(=O)O,ClCCl,,Rh,COC1=CC=CC[C@@H]1P(CCP(c1ccccc1)c1ccccc1OC)c1ccccc1,COC1=CC=CC[C@@H]1P(CCP(c1ccccc1)9->c1ccccc1OC)8->c1ccccc1.[Rh+]89,1,25,100,2.169340323,0.95,double P type,['double P type'],tri-sub
2053,[H]/C=C(\NC(C)=O)C(=O)OC,COC(=O)[C@@H](C)NC(C)=O,ClCCl,,Rh,CN(CCCCCCCCN(C)p1oc2ccc3ccccc3c2c2c(ccc3ccccc32)o1)p1oc2ccc3ccccc3c2c2c(ccc3ccccc32)o1,CN(CCCCCCCCN(C)p8->1oc2ccc3ccccc3c2c2c(ccc3ccccc32)o1)p9->1oc2ccc3ccccc3c2c2c(ccc3ccccc32)o1.[Rh+]89,1.3,22,1000,2.693560783,0.98,binol type,"['binol type', 'double P type']",di-sub
11920,COC(=O)/C(=C/C=C/c1ccccc1)NC(C)=O,COC(=O)[C@@H](C/C=C/c1ccccc1)NC(C)=O,Cc1ccccc1,,Rh,CC(C)(C)P1CCC[C@@H]1[C@H]1CCCP1C(C)(C)C,CC(C)(C)P8->1CCC[C@@H]1[C@H]1CCCP9->1C(C)(C)C.[Rh+]89,1.5,25,100,3.134375973,0.99,double P type,['double P type'],tri-sub
11822,O=C1OCCC/C1=C\c1ccccc1,O=C1OCCC[C@@H]1Cc1ccccc1,ClCCCl,,Rh,C[C@H](NC(=S)Nc1cc(C(F)(F)F)cc(C(F)(F)F)c1)C1=C(P(c2ccccc2)c2ccccc2)[C@@H]([Fe][C@H]2C=CC=C2P(c2ccccc2)c2ccccc2)C=C1,C[C@H](NC(=S)Nc1cc(C(F)(F)F)cc(C(F)(F)F)c1)C1=C(P(c2ccccc2)9->c2ccccc2)[C@@H]([Fe][C@H]2C=CC=C2P(c2ccccc2)8->c2ccccc2)C=C1.[Rh+]89,50,25,100,2.304501335,0.96,ferrocene type,"['ferrocene type', 'double P type']",tri-sub
12135,CC(=O)N/C(=C\c1cccc(Cl)c1)C(F)(F)F,CC(=O)N[C@@H](Cc1cccc(Cl)c1)C(F)(F)F,CO,,Rh,CC(C)(C)P1Cc2ccccc2[C@H]1[C@@H]1c2ccccc2CP1C(C)(C)C,CC(C)(C)P8->1Cc2ccccc2[C@H]1[C@@H]1c2ccccc2CP9->1C(C)(C)C.[Rh+]89,5,25,100,3.134375973,0.99,double P type,['double P type'],tri-sub
9036,COC(=O)/C(=C\c1ccccc1)NC(C)=O,COC(=O)[C@H](Cc1ccccc1)NC(C)=O,ClCCl,,Rh,C[C@@H](Op1oc2c(C(C)(C)C)cc(C(C)(C)C)cc2c2cc(C(C)(C)C)cc(C(C)(C)C)c2o1)[C@H]1O[C@@H]2OC(C)(C)O[C@@H]2[C@H]1Op1oc2c(C(C)(C)C)cc(C(C)(C)C)cc2c2cc(C(C)(C)C)cc(C(C)(C)C)c2o1,C[C@@H](Op8->1oc2c(C(C)(C)C)cc(C(C)(C)C)cc2c2cc(C(C)(C)C)cc(C(C)(C)C)c2o1)[C@H]1O[C@@H]2OC(C)(C)O[C@@H]2[C@H]1Op9->1oc2c(C(C)(C)C)cc(C(C)(C)C)cc2c2cc(C(C)(C)C)cc(C(C)(C)C)c2o1.[Rh+]89,5,25,100,0.023688747,0.02,double P type,['double P type'],tri-sub
5366,CC(=O)NC1=Cc2ccccc2CC1,CC(=O)NC1CCc2ccccc2C1,ClCCl,,Rh,O=C(Nc1ccccc1)N[C@@H](c1ccccc1)[C@H](c1ccccc1)P1Cc2ccc3ccccc3c2-c2c(ccc3ccccc23)C1,O=C(Nc1ccccc1)N[C@@H](c1ccccc1)[C@H](c1ccccc1)P8->1Cc2ccc3ccccc3c2-c2c(ccc3ccccc23)C1.[Rh+]8,20,25,50,1.536244489,0.861,binol type,"['binol type', 'single P type']",tri-sub
196,COC(=O)/C(=C\c1ccccc1)NC(C)=O,COC(=O)[C@H](Cc1ccccc1)NC(C)=O,ClCCl,,Rh,c1ccc(N(N(c2ccccc2)p2oc3ccc4ccccc4c3c3c(ccc4ccccc43)o2)p2oc3ccc4ccccc4c3c3c(ccc4ccccc43)o2)cc1,c1ccc(N(N(c2ccccc2)p8->2oc3ccc4ccccc4c3c3c(ccc4ccccc43)o2)p9->2oc3ccc4ccccc4c3c3c(ccc4ccccc43)o2)cc1.[Rh+]89,5,25,100,1.531681473,0.86,binol type,"['binol type', 'double P type']",tri-sub
6341,C=C(NC(C)=O)C(=O)OC,COC(=O)[C@@H](C)NC(C)=O,CO,,Rh,CP(CCP(C)C1CCCCC1)C1CCCCC1,CP(CCP(C)9->C1CCCCC1)8->C1CCCCC1.[Rh+]89,2,25,100,0.766847977,0.57,double P type,['double P type'],di-sub
9460,C=C(NC(C)=O)C(=O)OC,COC(=O)[C@@H](C)NC(C)=O,ClCCl,,Rh,c1ccc([C@@H]2CC[C@@H](c3ccccc3)N2p2oc3ccccc3c3ccccc3o2)cc1,c1ccc([C@@H]2CC[C@@H](c3ccccc3)N2p8->2oc3ccccc3c3ccccc3o2)cc1.[Rh+]8,1,25,100,0.154832513,0.13,single P type,['single P type'],di-sub
9672,COC(=O)/C(=C/c1ccc(C(F)(F)F)cc1)NC(C)=O,COC(=O)[C@@H](Cc1ccc(C(F)(F)F)cc1)NC(C)=O,CC(C)=O,,Rh,c1ccc(P(c2ccccc2)c2cc3ccccc3c3c2op(N2CCCCC2)oc2c(P(c4ccccc4)c4ccccc4)cc4ccccc4c23)cc1,c1ccc(P(c2ccccc2)c2cc3ccccc3c3c2op(N2CCCCC2)9->oc2c(P(c4ccccc4)8->c4ccccc4)cc4ccccc4c23)cc1.[Rh+]89,1,25,100,2.40254515,0.966,binol type,"['binol type', 'double P type']",tri-sub
11808,O=C1OCCC/C1=C\c1ccccc1,O=C1OCCC[C@@H]1Cc1ccccc1,CCOC(C)=O,,Rh,C[C@H](NC(=S)Nc1cc(C(F)(F)F)cc(C(F)(F)F)c1)C1=C(P(c2ccccc2)c2ccccc2)[C@@H]([Fe][C@H]2C=CC=C2P(c2ccccc2)c2ccccc2)C=C1,C[C@H](NC(=S)Nc1cc(C(F)(F)F)cc(C(F)(F)F)c1)C1=C(P(c2ccccc2)9->c2ccccc2)[C@@H]([Fe][C@H]2C=CC=C2P(c2ccccc2)8->c2ccccc2)C=C1.[Rh+]89,30,25,100,2.169340323,0.95,ferrocene type,"['ferrocene type', 'double P type']",tri-sub
5623,C=C(NC(C)=O)C(=O)OC,COC(=O)[C@@H](C)NC(C)=O,C1CCOC1,,Rh,CCN(CC)p1oc2ccc3ccccc3c2c2c(ccc3ccccc32)o1,CCN(CC)p8->1oc2ccc3ccccc3c2c2c(ccc3ccccc32)o1.[Rh+]8,20,25,100,2.385079212,0.965,binol type,"['binol type', 'single P type']",di-sub
2056,[H]/C=C(\NC(C)=O)C(=O)OC,COC(=O)[C@@H](C)NC(C)=O,ClCCl,,Rh,c1ccc2c(c1)ccc1op(OC3CCN(p4oc5ccc6ccccc6c5c5c(ccc6ccccc65)o4)CC3)oc3ccc4ccccc4c3c12,c1ccc2c(c1)ccc1op(OC3CCN(p9->4oc5ccc6ccccc6c5c5c(ccc6ccccc65)o4)CC3)8->oc3ccc4ccccc4c3c12.[Rh+]89,1.3,22,1000,2.147501327,0.95,binol type,"['binol type', 'double P type']",di-sub
11287,COC(=O)/C(NC(C)=O)=C(/c1ccccc1)c1cn(C(=O)OC(C)(C)C)c2ncccc12,COC(=O)[C@@H](NC(C)=O)[C@@H](c1ccccc1)c1cn(C(=O)OC(C)(C)C)c2ncccc12,CO,,Rh,COc1ccc(P(c2ccc(OC)cc2)c2ccccc2C2=C[C@H]([Fe]C3C=CC=C3)C=C2[C@@H](C)P(C2CC3CCC2C3)C2C[C@H]3CC[C@@H]2C3)cc1,COc1ccc(P(c2ccc(OC)cc2)8->c2ccccc2C2=C[C@H]([Fe]C3C=CC=C3)C=C2[C@@H](C)P(C2CC3CCC2C3)9->C2C[C@H]3CC[C@@H]2C3)cc1.[Rh+]89,34,40,5,1.976575954,0.92,ferrocene type,"['ferrocene type', 'double P type']",tetra-sub
10405,CCOC(=O)/C(F)=C(\Nc1ccccc1)c1ccccc1,CCOC(=O)[C@@H](F)[C@H](Nc1ccccc1)c1ccccc1,ClCCl,,Rh,C[C@H](NC(=S)Nc1cc(C(F)(F)F)cc(C(F)(F)F)c1)C1=C(P(c2ccccc2)c2ccccc2)[C@@H]([Fe][C@H]2C=CC=C2P(c2ccccc2)c2ccccc2)C=C1,C[C@H](NC(=S)Nc1cc(C(F)(F)F)cc(C(F)(F)F)c1)C1=C(P(c2ccccc2)9->c2ccccc2)[C@@H]([Fe][C@H]2C=CC=C2P(c2ccccc2)8->c2ccccc2)C=C1.[Rh+]89,50,25,100,2.720952926,0.98,ferrocene type,"['ferrocene type', 'double P type']",tetra-sub
6317,COCO/C(=C(\NC(C)=O)c1cccc(Br)c1)c1cccc(Br)c1,COCO[C@@H](c1cccc(Br)c1)[C@H](NC(C)=O)c1cccc(Br)c1,OC(F)(F)CF,,Rh,C[C@H](C1=C[C@@H]([Fe]C2C=CC=C2)C=C1P(c1ccccc1)c1ccccc1)P(C1CCCCC1)C1CCCCC1,C[C@H](C1=C[C@@H]([Fe]C2C=CC=C2)C=C1P(c1ccccc1)8->c1ccccc1)P(C1CCCCC1)9->C1CCCCC1.[Rh+]89,40,40,100,3.292146576,0.99,ferrocene type,"['ferrocene type', 'double P type']",tetra-sub
9985,CC(=O)NC1=Cc2ccc(-c3ccccc3)cc2C1=O,CC(=O)N[C@H]1Cc2ccc(-c3ccccc3)cc2C1=O,CCOC(C)=O,,Rh,CP(CP(C(C)(C)C)C(C)(C)C)C(C)(C)C,CP(CP(C(C)(C)C)9->C(C)(C)C)8->C(C)(C)C.[Rh+]89,3,25,100,3.134375973,0.99,double P type,['double P type'],tri-sub
7293,C=C(NC(C)=O)C(=O)OC,COC(=O)[C@@H](C)NC(C)=O,CO,,Rh,C[C@@H]1CC[C@@H](C)P1[C@H](C)C1=CC([Fe]C2C=CC=C2)C=C1P(c1ccccc1)c1ccccc1,C[C@@H]1CC[C@@H](C)P8->1[C@H](C)C1=CC([Fe]C2C=CC=C2)C=C1P(c1ccccc1)9->c1ccccc1.[Rh+]89,1,25,100,0.380925969,0.311,ferrocene type,"['ferrocene type', 'double P type']",di-sub
830,CC(=O)N/C(C)=C/c1ccc2ccccc2c1,CC(=O)N[C@H](C)Cc1ccc2ccccc2c1,ClCCl,,Rh,CC(C)(C)P1c2c(cccc2-c2c3ccccc3cc3ccccc23)O[C@@H]1[C@H]1Oc2cccc(-c3c4ccccc4cc4ccccc34)c2P1C(C)(C)C,CC(C)(C)P8->1c2c(cccc2-c2c3ccccc3cc3ccccc23)O[C@@H]1[C@H]1Oc2cccc(-c3c4ccccc4cc4ccccc34)c2P9->1C(C)(C)C.[Rh+]89,51,50,200,2.497831984,0.96,double P type,['double P type'],tri-sub
11938,COC(=O)/C(=C/C=C/c1ccccc1)NC(C)=O,COC(=O)[C@@H](C/C=C/c1ccccc1)NC(C)=O,ClCCl,,Rh,CC(C)(C)P1CCC[C@@H]1[C@H]1CCCP1C(C)(C)C,CC(C)(C)P8->1CCC[C@@H]1[C@H]1CCCP9->1C(C)(C)C.[Rh+]89,1.5,25,3000,3.134375973,0.99,double P type,['double P type'],tri-sub
8183,CC(=O)NC1=Cc2ccccc2CC1,CC(=O)N[C@@H]1CCc2ccccc2C1,ClCCl,,Rh,c1ccc2c(c1)ccc1op(N3CCCCC3)oc3ccc4ccccc4c3c12,c1ccc2c(c1)ccc1op(N3CCCCC3)8->oc3ccc4ccccc4c3c12.[Rh+]8,25,25,50,0.252454438,0.21,binol type,"['binol type', 'single P type']",tri-sub
4096,CC(=O)N/C(=C\c1ccccc1)C(=O)O,CC(=O)N[C@H](Cc1ccccc1)C(=O)O,ClCCl,,Rh,CN(C)p1oc2ccc3ccccc3c2c2c(ccc3ccccc32)o1,CN(C)p8->1oc2ccc3ccccc3c2c2c(ccc3ccccc32)o1.[Rh+]8,15,25,500,2.477862753,0.97,binol type,"['binol type', 'single P type']",tri-sub
4350,COC(=O)/C(=C/c1ccc(OC)cc1)NC(C)=O,COC(=O)[C@H](Cc1ccc(OC)cc1)NC(C)=O,CO,,Rh,CC(C)(C)Oc1ccccc1P(CCP(c1ccccc1)c1ccccc1OC(C)(C)C)c1ccccc1,CC(C)(C)Oc1ccccc1P(CCP(c1ccccc1)9->c1ccccc1OC(C)(C)C)8->c1ccccc1.[Rh+]89,1,22,1000,4.455192972,0.999,double P type,['double P type'],tri-sub
7292,C=C(NC(C)=O)C(=O)OC,COC(=O)[C@@H](C)NC(C)=O,CO,,Rh,C[C@@H]1CC[C@@H](C)P1[C@H](C)c1ccccc1P(c1ccccc1)c1ccccc1.O=C[Cr](C=O)C=O,C[C@@H]1CC[C@@H](C)P8->1[C@H](C)c1ccccc1P(c1ccccc1)9->c1ccccc1.O=C[Cr](C=O)C=O.[Rh+]89,1,25,100,1.462488203,0.844,double P type,['double P type'],di-sub
9628,CC(=O)NC1=Cc2ccc(Br)cc2CC1,CC(=O)N[C@H]1CCc2cc(Br)ccc2C1,ClCCl,,Rh,COc1ccccc1P(CCOp1oc2c(C(C)(C)C)cc(C)c(C)c2c2c(C)c(C)cc(C(C)(C)C)c2o1)c1ccccc1,COc1ccccc1P(CCOp9->1oc2c(C(C)(C)C)cc(C)c(C)c2c2c(C)c(C)cc(C(C)(C)C)c2o1)8->c1ccccc1.[Rh+]89,20,25,100,1.334717277,0.81,double P type,['double P type'],tri-sub
11308,COC(=O)/C(NC(C)=O)=C(\c1ccccc1)c1ccc(F)cc1,COC(=O)[C@@H](NC(C)=O)[C@H](c1ccccc1)c1ccc(F)cc1,CO,,Rh,C[C@H](C1=C(P(c2ccc(C(F)(F)F)cc2)c2ccc(C(F)(F)F)cc2)[C@H]([Fe]C2C=CC=C2)C=C1)P(C(C)(C)C)C(C)(C)C,C[C@H](C1=C(P(c2ccc(C(F)(F)F)cc2)8->c2ccc(C(F)(F)F)cc2)[C@H]([Fe]C2C=CC=C2)C=C1)P(C(C)(C)C)9->C(C)(C)C.[Rh+]89,27,25,20,2.477862753,0.97,ferrocene type,"['ferrocene type', 'double P type']",tetra-sub
7548,COC(=O)/C(NC=O)=C(\c1ccc(OC)cc1)C(F)(F)F,COC(=O)[C@H](NC=O)[C@@H](c1ccc(OC)cc1)C(F)(F)F,CO,,Rh,c1ccc([C@H]2CC[C@H](c3ccccc3)P2CCP2[C@@H](c3ccccc3)CC[C@@H]2c2ccccc2)cc1,c1ccc([C@H]2CC[C@H](c3ccccc3)P8->2CCP9->2[C@@H](c3ccccc3)CC[C@@H]2c2ccccc2)cc1.[Rh+]89,17,60,20,1.948294987,0.9,double P type,['double P type'],tetra-sub
8539,COC(=O)/C(=C/c1ccc(F)cc1)NC(C)=O,COC(=O)[C@H](Cc1ccc(F)cc1)NC(C)=O,CO,,Rh,CP(NP(C(C)(C)C)C(C)(C)C)C(C)(C)C,CP(NP(C(C)(C)C)9->C(C)(C)C)8->C(C)(C)C.[Rh+]89,3,25,333,2.720952926,0.98,double P type,['double P type'],tri-sub
2808,COC(=O)/C(=C/c1ccc(OC)cc1)CC(=O)O,COC(=O)[C@H](CC(=O)O)Cc1ccc(OC)cc1,C1CCOC1,,Rh,CC(C)(C)P1CCC[C@@H]1[C@H]1CCCP1C(C)(C)C,CC(C)(C)P8->1CCC[C@@H]1[C@H]1CCCP9->1C(C)(C)C.[Rh+]89,1,25,200,2.477862753,0.97,double P type,['double P type'],tri-sub
3617,CC(=O)N/C(=C\c1ccccc1)C(=O)O,CC(=O)N[C@H](Cc1ccccc1)C(=O)O,ClCCl,,Rh,COC[C@H](Op1oc2ccc3ccccc3c2c2c(ccc3ccccc32)o1)[C@@H](c1ccccc1)P(c1ccccc1)c1ccccc1,COC[C@H](Op9->1oc2ccc3ccccc3c2c2c(ccc3ccccc32)o1)[C@@H](c1ccccc1)P(c1ccccc1)8->c1ccccc1.[Rh+]89,1,25,100,3.134375973,0.99,binol type,"['binol type', 'double P type']",tri-sub
11816,O=C1OCCC/C1=C\c1ccccc1,O=C1OCCC[C@@H]1Cc1ccccc1,C1COCCO1,,Rh,C[C@H](NC(=S)Nc1cc(C(F)(F)F)cc(C(F)(F)F)c1)C1=C(P(c2ccccc2)c2ccccc2)[C@@H]([Fe][C@H]2C=CC=C2P(c2ccccc2)c2ccccc2)C=C1,C[C@H](NC(=S)Nc1cc(C(F)(F)F)cc(C(F)(F)F)c1)C1=C(P(c2ccccc2)9->c2ccccc2)[C@@H]([Fe][C@H]2C=CC=C2P(c2ccccc2)8->c2ccccc2)C=C1.[Rh+]89,50,25,100,1.487635919,0.85,ferrocene type,"['ferrocene type', 'double P type']",tri-sub
11690,CCOC(=O)/C=C(\Sc1ccccc1)c1ccccc1OC,CCOC(=O)C[C@@H](Sc1ccccc1)c1ccccc1OC,ClCCl,,Rh,C[C@H](NC(=S)Nc1cc(C(F)(F)F)cc(C(F)(F)F)c1)C1=C(P(c2ccccc2)c2ccccc2)[C@@H]([Fe][C@H]2C=CC=C2P(c2ccccc2)c2ccccc2)C=C1,C[C@H](NC(=S)Nc1cc(C(F)(F)F)cc(C(F)(F)F)c1)C1=C(P(c2ccccc2)9->c2ccccc2)[C@@H]([Fe][C@H]2C=CC=C2P(c2ccccc2)8->c2ccccc2)C=C1.[Rh+]89,50,30,100,3.186966174,0.99,ferrocene type,"['ferrocene type', 'double P type']",tri-sub
2061,[H]/C=C(\NC(C)=O)C(=O)OC,COC(=O)[C@H](C)NC(C)=O,ClCCl,,Rh,c1ccc(C2(c3ccccc3)OP(OCCCCOP3OC(c4ccccc4)(c4ccccc4)[C@@H]4CCCN43)N3CCC[C@H]32)cc1,c1ccc(C2(c3ccccc3)OP(OCCCCOP9->3OC(c4ccccc4)(c4ccccc4)[C@@H]4CCCN43)8->N3CCC[C@H]32)cc1.[Rh+]89,1.3,22,1000,1.790804167,0.91,double P type,['double P type'],di-sub
11092,COC(=O)/C=C(\C#N)c1ccccc1,COC(=O)C[C@@H](C#N)c1ccccc1,CO,,Rh,c1ccc(P(c2ccccc2)c2ccc3ccccc3c2-c2c(P(c3ccccc3)c3ccccc3)ccc3ccccc23)cc1,c1ccc(P(c2ccccc2)8->c2ccc3ccccc3c2-c2c(P(c3ccccc3)9->c3ccccc3)ccc3ccccc23)cc1.[Rh+]89,30,20,100,0,0,double P type,['double P type'],tri-sub
4579,[H]/C=C(/NC(C)=O)C(=O)OC.[H]/C=C(/NC(C)=O)C(=O)OC,COC(=O)[C@H](C)NC(C)=O,ClCCl,,Rh,Cp1oc2ccc3ccccc3c2c2c(ccc3ccccc32)o1,Cp8->1oc2ccc3ccccc3c2c2c(ccc3ccccc32)o1.[Rh+]8,1,20,1000,1.835294243,0.918,binol type,"['binol type', 'single P type']",di-sub
11673,CCOC(=O)/C=C(\Sc1ccccc1)c1ccccc1,CCOC(=O)C[C@@H](Sc1ccccc1)c1ccccc1,CC(Cl)Cl,,Rh,C[C@H](NC(=S)Nc1cc(C(F)(F)F)cc(C(F)(F)F)c1)C1=C(P(c2ccccc2)c2ccccc2)[C@@H]([Fe][C@H]2C=CC=C2P(c2ccccc2)c2ccccc2)C=C1,C[C@H](NC(=S)Nc1cc(C(F)(F)F)cc(C(F)(F)F)c1)C1=C(P(c2ccccc2)9->c2ccccc2)[C@@H]([Fe][C@H]2C=CC=C2P(c2ccccc2)8->c2ccccc2)C=C1.[Rh+]89,50,30,100,3.186966174,0.99,ferrocene type,"['ferrocene type', 'double P type']",tri-sub
11225,CC(=O)N/C(C#N)=C\c1ccccc1,CC(=O)N[C@H](C#N)Cc1ccccc1,CO,,Rh,C[C@H]1CC[C@H](C)P1c1ccccc1P1[C@@H](C)CC[C@@H]1C,C[C@H]1CC[C@H](C)P8->1c1ccccc1P9->1[C@@H](C)CC[C@@H]1C.[Rh+]89,30,25,100,3.134375973,0.99,double P type,['double P type'],tri-sub
4944,COc1ccc2c(c1)C=C(NC(C)=O)CC2,COc1ccc2c(c1)C[C@@H](NC(C)=O)CC2,ClCCl,,Rh,Cc1cc(C(C)(C)C)c2op(OCCP(c3ccccc3)c3ccccc3)oc3c(C(C)(C)C)cc(C)c(C)c3c2c1C,Cc1cc(C(C)(C)C)c2op(OCCP(c3ccccc3)8->c3ccccc3)9->oc3c(C(C)(C)C)cc(C)c(C)c3c2c1C.[Rh+]89,20,25,100,1.152250667,0.75,double P type,['double P type'],tri-sub
4606,[H]/C=C(/NC(C)=O)C(=O)OC.[H]/C=C(/NC(C)=O)C(=O)OC,COC(=O)[C@@H](C)NC(C)=O,ClCCl,,Rh,C[C@H](c1cccc2ccccc12)N([C@H](C)c1cccc2ccccc12)p1oc2ccccc2c2ccccc2o1,C[C@H](c1cccc2ccccc12)N([C@H](C)c1cccc2ccccc12)p8->1oc2ccccc2c2ccccc2o1.[Rh+]8,1,60,500,0,0,single P type,['single P type'],di-sub
4625,[H]/C=C(/NC(C)=O)C(=O)OC.[H]/C=C(/NC(C)=O)C(=O)OC,COC(=O)[C@@H](C)NC(C)=O,ClCCl,,Rh,CC[C@@H](COp1oc2ccc3ccccc3c2c2c(ccc3ccccc32)o1)NC(=O)Nc1ccccc1,CC[C@@H](COp8->1oc2ccc3ccccc3c2c2c(ccc3ccccc32)o1)NC(=O)Nc1ccccc1.[Rh+]8,1,25,100,1.905408661,0.923,binol type,"['binol type', 'single P type']",di-sub
11309,COC(=O)/C(NC(C)=O)=C(\c1ccccc1)c1cc2ccccc2o1,COC(=O)[C@@H](NC(C)=O)[C@H](c1ccccc1)c1cc2ccccc2o1,CO,,Rh,C[C@H](C1=C(P(c2ccc(C(F)(F)F)cc2)c2ccc(C(F)(F)F)cc2)[C@H]([Fe]C2C=CC=C2)C=C1)P(C(C)(C)C)C(C)(C)C,C[C@H](C1=C(P(c2ccc(C(F)(F)F)cc2)8->c2ccc(C(F)(F)F)cc2)[C@H]([Fe]C2C=CC=C2)C=C1)P(C(C)(C)C)9->C(C)(C)C.[Rh+]89,27,25,20,2.304501335,0.96,ferrocene type,"['ferrocene type', 'double P type']",tetra-sub
10153,CCOC(=O)/C=C(\NC(C)=O)c1ccc(C)cc1,CCOC(=O)CC(NC(C)=O)c1ccc(C)cc1,CO,,Rh,FC(F)(F)c1ccc(P(N[C@@H]2CCCc3cccc(P(c4ccccc4)c4ccccc4)c32)c2ccc(C(F)(F)F)cc2)cc1,FC(F)(F)c1ccc(P(N[C@@H]2CCCc3cccc(P(c4ccccc4)9->c4ccccc4)c32)8->c2ccc(C(F)(F)F)cc2)cc1.[Rh+]89,10,25,100,2.335478047,0.962,double P type,['double P type'],tri-sub
6354,COC(=O)C(NC(C)=O)=C1CCCC1,COC(=O)[C@H](NC(C)=O)C1CCCC1,CO,,Rh,CP(CCP(C)C(C)(C)C)C1CCCCC1,CP(CCP(C)9->C(C)(C)C)8->C1CCCCC1.[Rh+]89,2,25,100,1.399512296,0.828,double P type,['double P type'],tetra-sub
3258,COC(=O)/C(=C/c1ccccc1)CNC(C)=O,COC(=O)C(CNC(C)=O)Cc1ccccc1,ClCCl,,Rh,CCCCc1ccc(N(C)C(=O)c2ccccc2C(=O)N(C)c2cccc(COp3oc4ccc5ccccc5c4c4c(ccc5ccccc54)o3)c2)cc1,CCCCc1ccc(N(C)C(=O)c2ccccc2C(=O)N(C)c2cccc(COp8->3oc4ccc5ccccc5c4c4c(ccc5ccccc54)o3)c2)cc1.[Rh+]8,49,25,100,0.047396466,0.04,binol type,"['binol type', 'single P type']",tri-sub
12346,CCCCC/C=C(\NC(C)=O)C(=O)OC,CCCCCC[C@@H](NC(C)=O)C(=O)OC,CO,,Rh,CC(C)(C)P1Cc2ccccc2C1[C@H]1c2ccccc2CP1C(C)(C)C,CC(C)(C)P8->1Cc2ccccc2C1[C@H]1c2ccccc2CP9->1C(C)(C)C.[Rh+]89,7,25,100,3.849375327,0.997,double P type,['double P type'],tri-sub
9522,COC(=O)/C(=C/c1cccc(Br)c1)NC(C)=O,COC(=O)[C@@H](Cc1cccc(Br)c1)NC(C)=O,CC(C)=O,,Rh,c1ccc(P(c2ccccc2)c2cc3ccccc3c3c2op(N2CCCCC2)oc2c(P(c4ccccc4)c4ccccc4)cc4ccccc4c23)cc1,c1ccc(P(c2ccccc2)c2cc3ccccc3c3c2op(N2CCCCC2)9->oc2c(P(c4ccccc4)8->c4ccccc4)cc4ccccc4c23)cc1.[Rh+]89,1,25,100,2.519317024,0.972,binol type,"['binol type', 'double P type']",tri-sub
5624,C=C(NC(C)=O)C(=O)OC,COC(=O)[C@@H](C)NC(C)=O,C1CCOC1,,Rh,CCN(CC)p1oc2ccc3ccccc3c2c2c(ccc3ccccc32)o1,CCN(CC)p8->1oc2ccc3ccccc3c2c2c(ccc3ccccc32)o1.[Rh+]8,20,25,100,3.134375973,0.99,binol type,"['binol type', 'single P type']",di-sub
1763,CCOC(=O)/C=C(\NC(C)=O)c1ccc(C)cc1,CCOC(=O)C[C@@H](NC(C)=O)c1ccc(C)cc1,ClCCl,,Rh,C[C@H](Np1oc2ccc3ccccc3c2c2c(ccc3ccccc32)o1)C1=C[C@H]([Fe]C2C=CC=C2)C=C1P(c1ccccc1)c1ccccc1,C[C@H](Np9->1oc2ccc3ccccc3c2c2c(ccc3ccccc32)o1)C1=C[C@H]([Fe]C2C=CC=C2)C=C1P(c1ccccc1)8->c1ccccc1.[Rh+]89,10,5,100,2.538338636,0.98,binol type,"['binol type', 'ferrocene type', 'double P type']",tri-sub
11919,COC(=O)/C(=C/C=C/c1ccccc1)NC(C)=O,COC(=O)[C@@H](C/C=C/c1ccccc1)NC(C)=O,CCO,,Rh,CC(C)(C)P1CCC[C@@H]1[C@H]1CCCP1C(C)(C)C,CC(C)(C)P8->1CCC[C@@H]1[C@H]1CCCP9->1C(C)(C)C.[Rh+]89,1.5,25,100,3.438045145,0.994,double P type,['double P type'],tri-sub
3972,C=C(NC(C)=O)C(=O)OC,COC(=O)[C@H](C)NC(C)=O,ClCCl,,Rh,c1ccc(Op2oc3ccc4ccccc4c3c3c(ccc4ccccc43)o2)cc1,c1ccc(Op8->2oc3ccc4ccccc4c3c3c(ccc4ccccc43)o2)cc1.[Rh+]8,1,20,1000,1.298904929,0.806,binol type,"['binol type', 'single P type']",di-sub
221,COC(=O)/C(=C\c1ccc(F)cc1)NC(C)=O,COC(=O)[C@H](Cc1ccc(F)cc1)NC(C)=O,ClCCl,,Rh,Cc1ccccc1OP(Oc1ccccc1C)N(c1ccccc1C)N(c1ccccc1C)p1oc2ccc3ccccc3c2c2c(ccc3ccccc32)o1,Cc1ccccc1OP(Oc1ccccc1C)8->N(c1ccccc1C)N(c1ccccc1C)p9->1oc2ccc3ccccc3c2c2c(ccc3ccccc32)o1.[Rh+]89,5,25,100,0.178992507,0.15,binol type,"['binol type', 'double P type']",tri-sub
6548,COC(=O)/C(=C/c1ccccc1)CNC(C)=O,COC(=O)[C@@H](CNC(C)=O)Cc1ccccc1,ClCCl,,Rh,c1ccc(COp2oc3ccc4ccccc4c3c3c(ccc4ccccc43)o2)cc1,c1ccc(COp8->2oc3ccc4ccccc4c3c3c(ccc4ccccc43)o2)cc1.[Rh+]8,49,25,100,1.743519237,0.9,binol type,"['binol type', 'single P type']",tri-sub
11935,COC(=O)/C(=C/C=C/c1ccccc1)NC(C)=O,COC(=O)[C@@H](C/C=C/c1ccccc1)NC(C)=O,CO,,Rh,C[C@H](C1=C[C@@H]([Fe]C2C=CC=C2)C=C1c1ccccc1P(c1ccccc1)c1ccccc1)P(C1CCCCC1)C1CCCCC1,C[C@H](C1=C[C@@H]([Fe]C2C=CC=C2)C=C1c1ccccc1P(c1ccccc1)8->c1ccccc1)P(C1CCCCC1)9->C1CCCCC1.[Rh+]89,1.5,25,100,0.106874334,0.09,ferrocene type,"['ferrocene type', 'double P type']",tri-sub
3267,COC(=O)/C(=C/c1ccccc1)CNC(C)=O,COC(=O)C(CNC(C)=O)Cc1ccccc1,ClCCl,,Rh,O=C(NCc1cccc(COp2oc3ccc4ccccc4c3c3c(ccc4ccccc43)o2)c1)c1ccccc1C(=O)Nc1cc(C(F)(F)F)cc(C(F)(F)F)c1,O=C(NCc1cccc(COp8->2oc3ccc4ccccc4c3c3c(ccc4ccccc43)o2)c1)c1ccccc1C(=O)Nc1cc(C(F)(F)F)cc(C(F)(F)F)c1.[Rh+]8,49,25,100,3.134375973,0.99,binol type,"['binol type', 'single P type']",tri-sub
1363,C=C(NC(C)=O)C(=O)OC,COC(=O)[C@H](C)NC(C)=O,ClCCl,,Rh,Cc1cc(C)c(N2[C]N(CC[C@@H](C(C)C)P(c3ccccc3)c3ccccc3)C=C2)c(C)c1,Cc1cc(C)c(N2[C]N(CC[C@@H](C(C)C)P(c3ccccc3)8->c3ccccc3)C=C2)c(C)c1.[Rh+]8,39,25,50,0.315146709,0.26,others,['others'],di-sub
6312,COCO/C(=C(\NC(C)=O)c1ccc(C)cc1)c1ccc(C)cc1,COCO[C@@H](c1ccc(C)cc1)[C@H](NC(C)=O)c1ccc(C)cc1,OC(F)(F)CF,,Rh,C[C@H](C1=C[C@@H]([Fe]C2C=CC=C2)C=C1P(c1ccccc1)c1ccccc1)P(C1CCCCC1)C1CCCCC1,C[C@H](C1=C[C@@H]([Fe]C2C=CC=C2)C=C1P(c1ccccc1)8->c1ccccc1)P(C1CCCCC1)9->C1CCCCC1.[Rh+]89,40,40,100,2.420499724,0.96,ferrocene type,"['ferrocene type', 'double P type']",tetra-sub
7222,CC(=O)NC1=Cc2ccccc2CC1,CC(=O)N[C@@H]1CCc2ccccc2C1,ClCCl,,Rh,COC(=O)[C@@H](Np1oc2ccc3ccccc3c2c2c(ccc3ccccc32)o1)C(C)C,COC(=O)[C@@H](Np8->1oc2ccc3ccccc3c2c2c(ccc3ccccc32)o1)C(C)C.[Rh+]8,10,25,100,0.619359515,0.48,binol type,"['binol type', 'single P type']",tri-sub
4351,COC(=O)/C(=C/c1ccc(C(F)(F)F)cc1)NC(C)=O,COC(=O)[C@H](Cc1ccc(C(F)(F)F)cc1)NC(C)=O,CO,,Rh,CC(C)(C)Oc1ccccc1P(CCP(c1ccccc1)c1ccccc1OC(C)(C)C)c1ccccc1,CC(C)(C)Oc1ccccc1P(CCP(c1ccccc1)9->c1ccccc1OC(C)(C)C)8->c1ccccc1.[Rh+]89,1,22,1000,4.048591639,0.998,double P type,['double P type'],tri-sub
2833,COC(=O)/C(=C/c1ccccc1OC)NC(C)=O,COC(=O)[C@@H](Cc1ccccc1OC)NC(C)=O,ClCCl,,Rh,C[C@@H](c1ccccc1P(c1ccccc1)c1ccccc1)N(C)p1oc2ccc3ccccc3c2c2c(ccc3ccccc32)o1,C[C@@H](c1ccccc1P(c1ccccc1)8->c1ccccc1)N(C)p9->1oc2ccc3ccccc3c2c2c(ccc3ccccc32)o1.[Rh+]89,10,25,100,4.500500019,0.999,binol type,"['binol type', 'double P type']",tri-sub
4338,COC(=O)/C(=C/c1ccccc1F)NC(C)=O,COC(=O)[C@H](Cc1ccccc1F)NC(C)=O,CO,,Rh,CC(C)(C)Oc1ccccc1P(CCP(c1ccccc1)c1ccccc1OC(C)(C)C)c1ccccc1,CC(C)(C)Oc1ccccc1P(CCP(c1ccccc1)9->c1ccccc1OC(C)(C)C)8->c1ccccc1.[Rh+]89,1,22,1000,4.048591639,0.998,double P type,['double P type'],tri-sub
5888,CCOC(=O)/C=C(\NC(C)=O)c1ccccc1,CCOC(=O)C[C@@H](NC(C)=O)c1ccccc1,CCO,,Rh,c1ccc(P2Cc3ccc4ccccc4c3-c3c(ccc4ccccc34)C2)cc1,c1ccc(P8->2Cc3ccc4ccccc4c3-c3c(ccc4ccccc34)C2)cc1.[Rh+]8,49,10,100,0.975425181,0.7,binol type,"['binol type', 'single P type']",tri-sub
828,CC(=O)N/C(C)=C/c1ccc(F)cc1,CC(=O)N[C@H](C)Cc1ccc(F)cc1,ClCCl,,Rh,CC(C)(C)P1c2c(cccc2-c2c3ccccc3cc3ccccc23)O[C@@H]1[C@H]1Oc2cccc(-c3c4ccccc4cc4ccccc34)c2P1C(C)(C)C,CC(C)(C)P8->1c2c(cccc2-c2c3ccccc3cc3ccccc23)O[C@@H]1[C@H]1Oc2cccc(-c3c4ccccc4cc4ccccc34)c2P9->1C(C)(C)C.[Rh+]89,51,50,200,3.397326978,0.99,double P type,['double P type'],tri-sub
1704,COC(=O)/C(=C/c1ccccc1)CNC(C)=O,COC(=O)[C@H](CNC(C)=O)Cc1ccccc1,CC(C)O,,Rh,C[C@@H](Np1oc2ccc3ccccc3c2c2c(ccc3ccccc32)o1)c1ccccc1,C[C@@H](Np8->1oc2ccc3ccccc3c2c2c(ccc3ccccc32)o1)c1ccccc1.[Rh+]8,25,25,100,0,0,binol type,"['binol type', 'single P type']",tri-sub
1620,COC(=O)/C(=C/c1ccc(F)cc1)NC(C)=O,COC(=O)[C@@H](Cc1ccc(F)cc1)NC(C)=O,ClCCl,,Rh,COC(=O)[C@H](Cc1ccccc1)N(C)p1oc2ccc3ccccc3c2c2c(ccc3ccccc32)o1,COC(=O)[C@H](Cc1ccccc1)N(C)p8->1oc2ccc3ccccc3c2c2c(ccc3ccccc32)o1.[Rh+]8,5,25,100,0.960146395,0.67,binol type,"['binol type', 'single P type']",tri-sub
5284,COC(=O)/C(=C\c1ccccc1)NC(C)=O,COC(=O)[C@H](Cc1ccccc1)NC(C)=O,ClCCl,,Rh,COc1cc(C(C)(C)C)c2op(NC[C@H]3O[C@H]4OC(C)(C)O[C@H]4[C@H]3Op3oc4c(C(C)(C)C)cc(OC)cc4c4cc(OC)cc(C(C)(C)C)c4o3)oc3c(C(C)(C)C)cc(OC)cc3c2c1,COc1cc(C(C)(C)C)c2op(NC[C@H]3O[C@H]4OC(C)(C)O[C@H]4[C@H]3Op9->3oc4c(C(C)(C)C)cc(OC)cc4c4cc(OC)cc(C(C)(C)C)c4o3)8->oc3c(C(C)(C)C)cc(OC)cc3c2c1.[Rh+]89,5,25,100,2.058336063,0.94,double P type,['double P type'],tri-sub
9674,COC(=O)/C(=C/Sc1ccccc1)NC(C)=O,COC(=O)[C@@H](CSc1ccccc1)NC(C)=O,CC(C)=O,,Rh,CCN(CC)p1oc2c(P(c3ccccc3)c3ccccc3)cc3ccccc3c2c2c(o1)c(P(c1ccccc1)c1ccccc1)cc1ccccc12,CCN(CC)p8->1oc2c(P(c3ccccc3)9->c3ccccc3)cc3ccccc3c2c2c(o1)c(P(c1ccccc1)c1ccccc1)cc1ccccc12.[Rh+]89,1,25,100,2.24685471,0.956,binol type,"['binol type', 'double P type']",tri-sub
5364,CC(=O)NC1=Cc2ccccc2CC1,CC(=O)NC1CCc2ccccc2C1,ClCCl,,Rh,O=C(NCCP1Cc2ccc3ccccc3c2-c2c(ccc3ccccc23)C1)Nc1ccccc1,O=C(NCCP8->1Cc2ccc3ccccc3c2-c2c(ccc3ccccc23)C1)Nc1ccccc1.[Rh+]8,39,25,100,0.165687476,0.139,binol type,"['binol type', 'single P type']",tri-sub
836,COc1cccc2c1CCC(NC(C)=O)=C2,COc1cccc2c1CC[C@@H](NC(C)=O)C2,ClCCl,,Rh,CC(C)(C)P1c2c(cccc2-c2c3ccccc3cc3ccccc23)O[C@@H]1[C@H]1Oc2cccc(-c3c4ccccc4cc4ccccc34)c2P1C(C)(C)C,CC(C)(C)P8->1c2c(cccc2-c2c3ccccc3cc3ccccc23)O[C@@H]1[C@H]1Oc2cccc(-c3c4ccccc4cc4ccccc34)c2P9->1C(C)(C)C.[Rh+]89,51,80,2000,2.729828762,0.96,double P type,['double P type'],tri-sub
11240,CC(=O)N/C(C#N)=C\c1ccccc1,CC(=O)N[C@H](C#N)Cc1ccccc1,OCC(F)(F)F,,Rh,C[C@H]1CC[C@H](C)P1c1ccccc1P1[C@@H](C)CC[C@@H]1C,C[C@H]1CC[C@H](C)P8->1c1ccccc1P9->1[C@@H](C)CC[C@@H]1C.[Rh+]89,30,25,100,3.134375973,0.99,double P type,['double P type'],tri-sub
1638,C=C(NC(C)=O)C(=O)OC,COC(=O)[C@@H](C)NC(C)=O,ClCCl,,Rh,CCC(CC(C)c1cnc2c(Np3oc4ccc5ccccc5c4c4c(ccc5ccccc54)o3)cccc2c1)c1ccccc1,CCC(CC(C)c1cn9->c2c(Np8->3oc4ccc5ccccc5c4c4c(ccc5ccccc54)o3)cccc2c1)c1ccccc1.[Rh+]89,1,25,20,0.918170299,0.65,binol type,"['binol type', 'P,N type']",di-sub
9509,COC(=O)/C(=C/c1ccc(F)cc1)NC(C)=O,COC(=O)[C@@H](Cc1ccc(F)cc1)NC(C)=O,CC(C)=O,,Rh,CC(C)N(C(C)C)p1oc2c(P(c3ccccc3)c3ccccc3)cc3ccccc3c2c2c(o1)c(P(c1ccccc1)c1ccccc1)cc1ccccc12,CC(C)N(C(C)C)p18->oc2c(P(c3ccccc3)c3ccccc3)cc3ccccc3c2c2c(o1)c(P(c1ccccc1)c1ccccc1)cc1ccccc12.[Rh+]8,1,25,100,2.854280119,0.984,binol type,"['binol type', 'single P type']",tri-sub
9520,COC(=O)/C(=C/c1cccc(Br)c1)NC(C)=O,COC(=O)[C@@H](Cc1cccc(Br)c1)NC(C)=O,CC(C)=O,,Rh,CCN(CC)p1oc2c(P(c3ccccc3)c3ccccc3)cc3ccccc3c2c2c(o1)c(P(c1ccccc1)c1ccccc1)cc1ccccc12,CCN(CC)p8->1oc2c(P(c3ccccc3)9->c3ccccc3)cc3ccccc3c2c2c(o1)c(P(c1ccccc1)c1ccccc1)cc1ccccc12.[Rh+]89,1,25,100,2.720952926,0.98,binol type,"['binol type', 'double P type']",tri-sub
1471,COC(=O)/C=C(\NC(C)=O)c1cc(Cl)cc(Cl)c1,COC(=O)C[C@H](NC(C)=O)c1cc(Cl)cc(Cl)c1,C1CCOC1,,Rh,CP(c1cc2c(cc1P(C)C(C)(C)C)OCO2)C(C)(C)C,CP(c1cc2c(cc1P(C)9->C(C)(C)C)OCO2)8->C(C)(C)C.[Rh+]89,3,25,100,1.238010823,0.78,double P type,['double P type'],tri-sub
8555,CC(=O)NC1=Cc2ccccc2CC1,CC(=O)N[C@H]1CCc2ccccc2C1,CO,,Rh,CP(NP(C(C)(C)C)C(C)(C)C)C(C)(C)C,CP(NP(C(C)(C)C)9->C(C)(C)C)8->C(C)(C)C.[Rh+]89,14,25,100,0.406004445,0.33,double P type,['double P type'],tri-sub
4605,[H]/C=C(/NC(C)=O)C(=O)OC.[H]/C=C(/NC(C)=O)C(=O)OC,COC(=O)[C@@H](C)NC(C)=O,ClCCl,,Rh,C[C@@H](c1cccc2ccccc12)N([C@@H](C)c1cccc2ccccc12)p1oc2ccccc2c2ccccc2o1,C[C@@H](c1cccc2ccccc12)N([C@@H](C)c1cccc2ccccc12)p8->1oc2ccccc2c2ccccc2o1.[Rh+]8,1,60,500,0,0,single P type,['single P type'],di-sub
11290,COC(=O)/C(NC(C)=O)=C(/c1ccccc1)c1cn(C(=O)OC(C)(C)C)c2ncccc12,COC(=O)[C@@H](NC(C)=O)[C@@H](c1ccccc1)c1cn(C(=O)OC(C)(C)C)c2ncccc12,CO,,Rh,C[C@H](C1=C[C@@H]([Fe]C2C=CC=C2)C=C1P(c1ccco1)c1ccco1)P(C(C)(C)C)C(C)(C)C,C[C@H](C1=C[C@@H]([Fe]C2C=CC=C2)C=C1P(c1ccco1)8->c1ccco1)P(C(C)(C)C)9->C(C)(C)C.[Rh+]89,34,40,5,1.366553714,0.8,ferrocene type,"['ferrocene type', 'double P type']",tetra-sub
219,COC(=O)/C(=C\c1ccc(Cl)c(Cl)c1)NC(C)=O,COC(=O)[C@@H](Cc1ccc(Cl)c(Cl)c1)NC(C)=O,ClCCl,,Rh,c1ccc(OP(Oc2ccccc2)N(c2ccccc2)N(c2ccccc2)p2oc3ccc4ccccc4c3c3c(ccc4ccccc43)o2)cc1,c1ccc(OP(Oc2ccccc2)8->N(c2ccccc2)N(c2ccccc2)p9->2oc3ccc4ccccc4c3c3c(ccc4ccccc43)o2)cc1.[Rh+]89,5,25,100,1.809015734,0.91,binol type,"['binol type', 'double P type']",tri-sub
3274,COC(=O)/C(=C/c1ccccc1)COC(C)=O,COC(=O)C(COC(C)=O)Cc1ccccc1,ClCCl,,Rh,O=C(NCc1cccc(COp2oc3ccc4ccccc4c3c3c(ccc4ccccc43)o2)c1)c1ccccc1C(=O)Nc1cc(C(F)(F)F)cc(C(F)(F)F)c1,O=C(NCc1cccc(COp8->2oc3ccc4ccccc4c3c3c(ccc4ccccc43)o2)c1)c1ccccc1C(=O)Nc1cc(C(F)(F)F)cc(C(F)(F)F)c1.[Rh+]8,99,25,100,0,0,binol type,"['binol type', 'single P type']",tri-sub
1560,COC(=O)/C(=C/c1ccc(Cl)cc1)NC(C)=O,COC(=O)[C@H](Cc1ccc(Cl)cc1)NC(C)=O,ClCCl,,Rh,COC[C@@H]1CCCN1p1oc2ccc3ccccc3c2c2c(ccc3ccccc32)o1,COC[C@@H]1CCCN1p8->1oc2ccc3ccccc3c2c2c(ccc3ccccc32)o1.[Rh+]8,10,25,100,1.44621066,0.84,binol type,"['binol type', 'single P type']",tri-sub
9611,CC(=O)NC1=Cc2ccccc2CC1,CC(=O)N[C@@H]1CCc2ccccc2C1,ClCCl,,Rh,Cc1cc(C(C)(C)C)c2op(O[C@@H](CP(c3ccccc3)c3ccccc3)c3ccccc3)oc3c(C(C)(C)C)cc(C)c(C)c3c2c1C,Cc1cc(C(C)(C)C)c2op(O[C@@H](CP(c3ccccc3)8->c3ccccc3)c3ccccc3)9->oc3c(C(C)(C)C)cc(C)c(C)c3c2c1C.[Rh+]89,20,25,100,0.820879938,0.6,double P type,['double P type'],tri-sub
6373,CC/C(C)=C(/NC(C)=O)C(=O)OC,CC[C@H](C)[C@@H](NC(C)=O)C(=O)OC,CO,,Rh,CP(CCP(C)C1CCCCC1)C1C=CC=C1,CP(CCP(C)9->C1CCCCC1)8->C1C=CC=C1.[Rh+]89,2,25,100,0.830175886,0.605,double P type,['double P type'],tetra-sub
5541,CC(=O)N/C(=C\c1ccccc1)C(=O)O,CC(=O)N[C@H](Cc1ccccc1)C(=O)O,CO,,Rh,c1ccc(C[C@@H]2CCCP2CCP2CCC[C@H]2Cc2ccccc2)cc1,c1ccc(C[C@@H]2CCCP8->2CCP9->2CCC[C@H]2Cc2ccccc2)cc1.[Rh+]89,2,25,100,1.208353162,0.77,double P type,['double P type'],tri-sub
11820,O=C1OCCC/C1=C\c1ccccc1,O=C1OCCC[C@@H]1Cc1ccccc1,ClCCl,,Rh,C[C@H](NC(=S)Nc1cc(C(F)(F)F)cc(C(F)(F)F)c1)C1=C(P(c2ccccc2)c2ccccc2)[C@@H]([Fe][C@H]2C=CC=C2P(c2ccccc2)c2ccccc2)C=C1,C[C@H](NC(=S)Nc1cc(C(F)(F)F)cc(C(F)(F)F)c1)C1=C(P(c2ccccc2)9->c2ccccc2)[C@@H]([Fe][C@H]2C=CC=C2P(c2ccccc2)8->c2ccccc2)C=C1.[Rh+]89,50,25,100,2.477862753,0.97,ferrocene type,"['ferrocene type', 'double P type']",tri-sub
4575,[H]/C=C(/NC(C)=O)C(=O)OC.[H]/C=C(/NC(C)=O)C(=O)OC,COC(=O)[C@@H](C)NC(C)=O,ClCCl,,Rh,c1ccc(Op2oc3ccc4ccccc4c3c3c(ccc4ccccc43)o2)cc1,c1ccc(Op8->2oc3ccc4ccccc4c3c3c(ccc4ccccc43)o2)cc1.[Rh+]8,1,20,1000,1.235296861,0.786,binol type,"['binol type', 'single P type']",di-sub
5470,COC(=O)/C(=C/c1cccc(Br)c1)NC(C)=O,COC(=O)[C@H](Cc1cccc(Br)c1)NC(C)=O,C1CCOC1,,Rh,Cc1cc(C)cc(S[C@H](C(C)C)[C@@H](C)OP(c2ccccc2)c2ccccc2)c1,Cc1cc(C)cc(S[C@H](C(C)C)[C@@H](C)OP(c2ccccc2)8->c2ccccc2)c1.[Rh+]8,7.8,25,100,2.058336063,0.94,single P type,['single P type'],tri-sub
6489,COC(=O)/C(=C/c1ccccc1)CNC(C)=O,COC(=O)[C@@H](CNC(C)=O)Cc1ccccc1,ClCCl,,Rh,O=C(NCc1cccc(COp2oc3ccc4ccccc4c3c3c(ccc4ccccc43)o2)c1)c1ccccc1,O=C(NCc1cccc(COp8->2oc3ccc4ccccc4c3c3c(ccc4ccccc43)o2)c1)c1ccccc1.[Rh+]8,49,25,100,3.134375973,0.99,binol type,"['binol type', 'single P type']",tri-sub
11710,CCOC(=O)/C=C(/B1OC(C)(C)C(C)(C)O1)c1ccccc1,CCOC(=O)C[C@H](B1OC(C)(C)C(C)(C)O1)c1ccccc1,OCC(F)(F)F,,Rh,C[C@H](NC(=S)Nc1cc(C(F)(F)F)cc(C(F)(F)F)c1)C1=C(P(c2ccccc2)c2ccccc2)[C@@H]([Fe][C@H]2C=CC=C2P(c2ccccc2)c2ccccc2)C=C1,C[C@H](NC(=S)Nc1cc(C(F)(F)F)cc(C(F)(F)F)c1)C1=C(P(c2ccccc2)9->c2ccccc2)[C@@H]([Fe][C@H]2C=CC=C2P(c2ccccc2)8->c2ccccc2)C=C1.[Rh+]89,50,30,100,1.913426563,0.92,ferrocene type,"['ferrocene type', 'double P type']",tri-sub
12129,CC(=O)N/C(=C\c1ccccc1)C(F)(F)F,CC(=O)N[C@@H](Cc1ccccc1)C(F)(F)F,C1COCCO1,,Rh,CC(C)(C)P1Cc2ccccc2[C@H]1[C@@H]1c2ccccc2CP1C(C)(C)C,CC(C)(C)P8->1Cc2ccccc2[C@H]1[C@@H]1c2ccccc2CP9->1C(C)(C)C.[Rh+]89,5,25,100,2.304501335,0.96,double P type,['double P type'],tri-sub
9455,C=C(NC(C)=O)C(=O)OC,COC(=O)[C@H](C)NC(C)=O,ClCCl,,Rh,C[C@@H](c1ccccc1)N(C)p1oc2ccccc2c2ccccc2o1,C[C@@H](c1ccccc1)N(C)p8->1oc2ccccc2c2ccccc2o1.[Rh+]8,1,25,100,0.559253221,0.44,single P type,['single P type'],di-sub
6528,COC(=O)/C(=C/c1ccccc1)CNC(C)=O,COC(=O)[C@@H](CNC(C)=O)Cc1ccccc1,ClCCl,,Rh,O=C(NCc1cccc(COp2oc3ccc4ccccc4c3c3c(ccc4ccccc43)o2)c1)c1ccc(C(F)(F)F)cc1,O=C(NCc1cccc(COp8->2oc3ccc4ccccc4c3c3c(ccc4ccccc43)o2)c1)c1ccc(C(F)(F)F)cc1.[Rh+]8,49,25,100,1.743519237,0.9,binol type,"['binol type', 'single P type']",tri-sub
8541,COC(=O)/C(=C/c1cc(F)cc(F)c1)NC(=O)OC(C)(C)C,COC(=O)[C@H](Cc1cc(F)cc(F)c1)NC(=O)OC(C)(C)C,CO,,Rh,CP(NP(C(C)(C)C)C(C)(C)C)C(C)(C)C,CP(NP(C(C)(C)C)9->C(C)(C)C)8->C(C)(C)C.[Rh+]89,3,25,333,2.304501335,0.96,double P type,['double P type'],tri-sub
7330,C=C(NC(C)=O)C(=O)OC,COC(=O)[C@@H](C)NC(C)=O,ClCCl,,Rh,C[C@H](c1ccccc1)N([C@H](C)c1ccccc1)p1oc2ccccc2c2ccccc2o1,C[C@H](c1ccccc1)N([C@H](C)c1ccccc1)p8->1oc2ccccc2c2ccccc2o1.[Rh+]8,1,25,100,0.682547308,0.52,single P type,['single P type'],di-sub
11726,CCOC(=O)/C=C(/B1OC(C)(C)C(C)(C)O1)c1ccccc1,CCOC(=O)C[C@H](B1OC(C)(C)C(C)(C)O1)c1ccccc1,ClCCl,,Rh,C[C@H](NC(=S)Nc1cc(C(F)(F)F)cc(C(F)(F)F)c1)C1=C(P(c2ccccc2)c2ccccc2)[C@@H]([Fe][C@H]2C=CC=C2P(c2ccccc2)c2ccccc2)C=C1,C[C@H](NC(=S)Nc1cc(C(F)(F)F)cc(C(F)(F)F)c1)C1=C(P(c2ccccc2)9->c2ccccc2)[C@@H]([Fe][C@H]2C=CC=C2P(c2ccccc2)8->c2ccccc2)C=C1.[Rh+]89,50,30,100,2.205738651,0.95,ferrocene type,"['ferrocene type', 'double P type']",tri-sub
5212,COC(=O)/C(=C/c1ccc(-c2ccc(C=O)cc2)cc1)NC(C)=O,COC(=O)[C@@H](Cc1ccc(-c2ccc(C=O)cc2)cc1)NC(C)=O,ClCCl,,Rh,CN(C)p1oc2ccc3ccccc3c2c2c(ccc3ccccc32)o1,CN(C)p8->1oc2ccc3ccccc3c2c2c(ccc3ccccc32)o1.[Rh+]8,5,25,100,2.058336063,0.94,binol type,"['binol type', 'single P type']",tri-sub
9669,COC(=O)/C(=C/c1ccc(C(F)(F)F)cc1)NC(C)=O,COC(=O)[C@@H](Cc1ccc(C(F)(F)F)cc1)NC(C)=O,CC(C)=O,,Rh,CN(C)p1oc2c(P(c3ccccc3)c3ccccc3)cc3ccccc3c2c2c(o1)c(P(c1ccccc1)c1ccccc1)cc1ccccc12,CN(C)p9->1oc2c(P(c3ccccc3)c3ccccc3)cc3ccccc3c2c2c(o1)c(P(c1ccccc1)8->c1ccccc1)cc1ccccc12.[Rh+]89,1,25,100,2.56379954,0.974,binol type,"['binol type', 'double P type']",tri-sub
11593,CCOC(=O)/C(OC(C)=O)=C(\NC(C)=O)c1ccccc1,CCOC(=O)[C@H](OC(C)=O)[C@@H](NC(C)=O)c1ccccc1,Cc1ccccc1,,Rh,CC(C)(C)P1Cc2ccccc2[C@H]1[C@@H]1c2ccccc2CP1C(C)(C)C,CC(C)(C)P8->1Cc2ccccc2[C@H]1[C@@H]1c2ccccc2CP9->1C(C)(C)C.[Rh+]89,30,25,100,0.366557696,0.3,double P type,['double P type'],tetra-sub
197,COC(=O)/C(=C\c1ccc(F)cc1)NC(C)=O,COC(=O)[C@H](Cc1ccc(F)cc1)NC(C)=O,ClCCl,,Rh,c1ccc(N(N(c2ccccc2)p2oc3ccc4ccccc4c3c3c(ccc4ccccc43)o2)p2oc3ccc4ccccc4c3c3c(ccc4ccccc43)o2)cc1,c1ccc(N(N(c2ccccc2)p8->2oc3ccc4ccccc4c3c3c(ccc4ccccc43)o2)p9->2oc3ccc4ccccc4c3c3c(ccc4ccccc43)o2)cc1.[Rh+]89,5,25,100,1.809015734,0.91,binol type,"['binol type', 'double P type']",tri-sub
8208,COC(=O)/C(=C/c1ccccc1Cl)NC(C)=O,COC(=O)[C@H](Cc1ccccc1Cl)NC(C)=O,ClCCl,,Rh,CN(C)P1Oc2cccc3c2C2(c4ccccc4O3)c3ccccc3Oc3cccc(c32)O1,CN(C)P8->1Oc2cccc3c2C2(c4ccccc4O3)c3ccccc3Oc3cccc(c32)O1.[Rh+]8,2,25,100,3.346469371,0.993,single P type,['single P type'],tri-sub
5780,C=C(NC(C)=O)C(=O)OC,COC(=O)[C@H](C)NC(C)=O,CO,,Rh,c1ccc(COc2ccccc2P(CCP(c2ccccc2)c2ccccc2OCc2ccccc2)c2ccccc2)cc1,c1ccc(COc2ccccc2P(CCP(c2ccccc2)9->c2ccccc2OCc2ccccc2)8->c2ccccc2)cc1.[Rh+]89,1,25,1000,3.267102947,0.992,double P type,['double P type'],di-sub
4112,COC(=O)/C(=C/c1ccc([N+](=O)[O-])cc1)NC(C)=O,COC(=O)[C@@H](Cc1ccc([N+](=O)[O-])cc1)NC(C)=O,ClCCl,,Rh,CN(C)p1oc2ccc3ccccc3c2c2c(ccc3ccccc32)o1,CN(C)p8->1oc2ccc3ccccc3c2c2c(ccc3ccccc32)o1.[Rh+]8,5,25,100,2.169340323,0.95,binol type,"['binol type', 'single P type']",tri-sub
3599,COC(=O)/C(=C/c1ccccc1)NC(=O)c1ccccc1,COC(=O)[C@@H](Cc1ccccc1)NC(=O)c1ccccc1,ClCCl,,Rh,c1ccc(P(c2ccccc2)c2ccc3ccccc3c2-c2c(P(c3ccccc3)c3ccccc3)ccc3ccccc23)cc1,c1ccc(P(c2ccccc2)8->c2ccc3ccccc3c2-c2c(P(c3ccccc3)9->c3ccccc3)ccc3ccccc23)cc1.[Rh+]89,1,25,100,1.963997164,0.93,double P type,['double P type'],tri-sub
2055,[H]/C=C(\NC(C)=O)C(=O)OC,COC(=O)[C@@H](C)NC(C)=O,ClCCl,,Rh,c1ccc2c(c1)ccc1op(N3CCCN(p4oc5ccc6ccccc6c5c5c(ccc6ccccc65)o4)CC3)oc3ccc4ccccc4c3c12,c1ccc2c(c1)ccc1op(N3CCCN(p9->4oc5ccc6ccccc6c5c5c(ccc6ccccc65)o4)CC3)8->oc3ccc4ccccc4c3c12.[Rh+]89,1.3,22,1000,3.102821853,0.99,binol type,"['binol type', 'double P type']",di-sub
12558,CCOC(=O)/C(NC(C)=O)=C(\OC(C)=O)c1ccc(OC)cc1,CCOC(=O)[C@@H](NC(C)=O)[C@H](OC(C)=O)c1ccc(OC)cc1,ClCCl,,Rh,CC(C)(C)P1Cc2ccccc2C1[C@H]1c2ccccc2CP1C(C)(C)C,CC(C)(C)P8->1Cc2ccccc2C1[C@H]1c2ccccc2CP9->1C(C)(C)C.[Rh+]89,30,25,50,3.134375973,0.99,double P type,['double P type'],tetra-sub
8204,C=C(NC(C)=O)C(=O)OC,COC(=O)[C@H](C)NC(C)=O,C1CCOC1.ClCCl,,Rh,CN(C)P1Oc2cccc3c2C2(c4ccccc4O3)c3ccccc3Oc3cccc(c32)O1,CN(C)P8->1Oc2cccc3c2C2(c4ccccc4O3)c3ccccc3Oc3cccc(c32)O1.[Rh+]8,2,25,100,2.78393889,0.982,single P type,['single P type'],di-sub
1870,COC(=O)/C(=C/c1ccc(Cl)cc1)NC(C)=O,COC(=O)[C@H](Cc1ccc(Cl)cc1)NC(C)=O,ClCCl,,Rh,CN(N(C)p1oc2ccc3ccccc3c2c2c(ccc3ccccc32)o1)p1oc2ccc3ccccc3c2c2c(ccc3ccccc32)o1,CN(N(C)p8->1oc2ccc3ccccc3c2c2c(ccc3ccccc32)o1)p9->1oc2ccc3ccccc3c2c2c(ccc3ccccc32)o1.[Rh+]89,5,25,100,1.407085487,0.83,binol type,"['binol type', 'double P type']",tri-sub
11695,CCOC(=O)/C=C(\Sc1ccccc1)c1ccc2ccccc2c1,CCOC(=O)C[C@@H](Sc1ccccc1)c1ccc2ccccc2c1,ClCCl,,Rh,C[C@H](NC(=S)Nc1cc(C(F)(F)F)cc(C(F)(F)F)c1)C1=C(P(c2ccccc2)c2ccccc2)[C@@H]([Fe][C@H]2C=CC=C2P(c2ccccc2)c2ccccc2)C=C1,C[C@H](NC(=S)Nc1cc(C(F)(F)F)cc(C(F)(F)F)c1)C1=C(P(c2ccccc2)9->c2ccccc2)[C@@H]([Fe][C@H]2C=CC=C2P(c2ccccc2)8->c2ccccc2)C=C1.[Rh+]89,50,30,100,2.343167465,0.96,ferrocene type,"['ferrocene type', 'double P type']",tri-sub
12133,CC(=O)N/C(=C\c1ccccc1C)C(F)(F)F,CC(=O)N[C@@H](Cc1ccccc1C)C(F)(F)F,CO,,Rh,CC(C)(C)P1Cc2ccccc2[C@H]1[C@@H]1c2ccccc2CP1C(C)(C)C,CC(C)(C)P8->1Cc2ccccc2[C@H]1[C@@H]1c2ccccc2CP9->1C(C)(C)C.[Rh+]89,5,25,100,2.477862753,0.97,double P type,['double P type'],tri-sub
7224,CC(=O)NC1=Cc2ccccc2CC1,CC(=O)N[C@H]1CCc2ccccc2C1,ClCCl,,Rh,COC(=O)[C@@H](Np1oc2ccc3ccccc3c2c2c(ccc3ccccc32)o1)C(C)C,COC(=O)[C@@H](Np8->1oc2ccc3ccccc3c2c2c(ccc3ccccc32)o1)C(C)C.[Rh+]8,10,25,100,0.802545975,0.59,binol type,"['binol type', 'single P type']",tri-sub
6307,COCO/C(=C(\NC(C)=O)c1ccccc1)c1ccccc1,COCO[C@@H](c1ccccc1)[C@H](NC(C)=O)c1ccccc1,OC(F)(F)CF,,Rh,C[C@H](C1=C[C@@H]([Fe]C2C=CC=C2)C=C1P(c1ccccc1)c1ccccc1)P(C1CCCCC1)C1CCCCC1,C[C@H](C1=C[C@@H]([Fe]C2C=CC=C2)C=C1P(c1ccccc1)8->c1ccccc1)P(C1CCCCC1)9->C1CCCCC1.[Rh+]89,40,40,100,2.161943583,0.94,ferrocene type,"['ferrocene type', 'double P type']",tetra-sub
5542,C=C(NC(C)=O)C(=O)OC,COC(=O)[C@@H](C)NC(C)=O,CO,,Rh,c1ccc(C[C@@H]2CCCP2CCP2CCC[C@H]2Cc2ccccc2)cc1,c1ccc(C[C@@H]2CCCP8->2CCP9->2CCC[C@H]2Cc2ccccc2)cc1.[Rh+]89,2,25,1000,1.963997164,0.93,double P type,['double P type'],di-sub
211,COC(=O)/C(=C\c1ccc(Cl)c(Cl)c1)NC(C)=O,COC(=O)[C@@H](Cc1ccc(Cl)c(Cl)c1)NC(C)=O,ClCCl,,Rh,Cc1ccccc1N(N(c1ccccc1C)p1oc2ccc3ccccc3c2c2c(ccc3ccccc32)o1)p1oc2ccc3ccccc3c2c2c(ccc3ccccc32)o1,Cc1ccccc1N(N(c1ccccc1C)p8->1oc2ccc3ccccc3c2c2c(ccc3ccccc32)o1)p9->1oc2ccc3ccccc3c2c2c(ccc3ccccc32)o1.[Rh+]89,5,25,100,0.749451317,0.56,binol type,"['binol type', 'double P type']",tri-sub
3269,COC(=O)/C(=C/c1ccccc1)CNC(C)=O,COC(=O)C(CNC(C)=O)Cc1ccccc1,ClCCl,,Rh,c1ccc(Op2oc3ccc4ccccc4c3c3c(ccc4ccccc43)o2)cc1,c1ccc(Op8->2oc3ccc4ccccc4c3c3c(ccc4ccccc43)o2)cc1.[Rh+]8,49,25,100,0.392762844,0.32,binol type,"['binol type', 'single P type']",tri-sub
2434,CC(C)(C)OC(=O)C(=O)N/C(=C\C1CC1)C(=O)OCc1ccccc1,CC(C)(C)OC(=O)C(=O)N[C@@H](CC1CC1)C(=O)OCc1ccccc1,C1CCOC1.CO,,Rh,COc1ccc(OP(Oc2ccc(OC)cc2)N(C)[C@H](C)C2=C(P(c3ccccc3)c3ccccc3)C=C[C@@H]2[Fe]C2C=CC=C2)cc1,COc1ccc(OP(Oc2ccc(OC)cc2)8->N(C)[C@H](C)C2=C(P(c3ccccc3)9->c3ccccc3)C=C[C@@H]2[Fe]C2C=CC=C2)cc1.[Rh+]89,1,25,100,0.718837692,0.542,ferrocene type,"['ferrocene type', 'double P type']",tri-sub
7941,COc1ccccc1/C=C1/COc2ccccc2N1C(C)=O,COc1ccccc1C[C@@H]1COc2ccccc2N1C(C)=O,CO,,Rh,C[C@@H]1CC[C@@H](C)P1c1ccccc1P1[C@H](C)CC[C@H]1C,C[C@@H]1CC[C@@H](C)P8->1c1ccccc1P9->1[C@H](C)CC[C@H]1C.[Rh+]89,4,25,100,2.368096697,0.964,double P type,['double P type'],tri-sub
5525,CCOC(=O)/C=C(\NC(C)=O)c1ccccc1,CCOC(=O)C[C@H](NC(C)=O)c1ccccc1,CC(C)O,,Rh,C[C@@H](Np1oc2ccc3ccccc3c2c2c(ccc3ccccc32)o1)c1ccccc1,C[C@@H](Np8->1oc2ccc3ccccc3c2c2c(ccc3ccccc32)o1)c1ccccc1.[Rh+]8,10,25,100,1.881851867,0.92,binol type,"['binol type', 'single P type']",tri-sub
11698,CCOC(=O)/C=C(\Sc1ccccc1)c1ccccc1,CCOC(=O)C[C@H](Sc1ccccc1)c1ccccc1,OCC(F)(F)F,,Rh,C[C@H](NC(=S)Nc1cc(C(F)(F)F)cc(C(F)(F)F)c1)C1=C(P(c2ccccc2)c2ccccc2)[C@@H]([Fe][C@H]2C=CC=C2P(c2ccccc2)c2ccccc2)C=C1,C[C@H](NC(=S)Nc1cc(C(F)(F)F)cc(C(F)(F)F)c1)C1=C(P(c2ccccc2)9->c2ccccc2)[C@@H]([Fe][C@H]2C=CC=C2P(c2ccccc2)8->c2ccccc2)C=C1.[Rh+]89,50,60,100,3.040527934,0.98,ferrocene type,"['ferrocene type', 'double P type']",tri-sub
8931,CCOC(=O)/C(=C/c1ccccc1)NC(C)=O,CCOC(=O)[C@@H](Cc1ccccc1)NC(C)=O,ClCCl,,Rh,C[C@H](C1=C[C@H]([Fe]C2C=CC=C2)C=C1)N(C)p1oc2ccc3ccccc3c2c2c(ccc3ccccc32)o1,C[C@H](C1=C[C@H]([Fe]C2C=CC=C2)C=C1)N(C)p8->1oc2ccc3ccccc3c2c2c(ccc3ccccc32)o1.[Rh+]8,10,25,100,3.134375973,0.99,binol type,"['binol type', 'ferrocene type', 'single P type']",tri-sub
5621,COC(=O)/C(=C/c1ccc(OC)cc1)NC(=O)c1ccccc1,COC(=O)[C@@H](Cc1ccc(OC)cc1)NC(=O)c1ccccc1,C1CCOC1,,Rh,CCN(CC)p1oc2ccc3ccccc3c2c2c(ccc3ccccc32)o1,CCN(CC)p8->1oc2ccc3ccccc3c2c2c(ccc3ccccc32)o1.[Rh+]8,20,25,100,3.849375327,0.997,binol type,"['binol type', 'single P type']",tri-sub
3212,C=C(NC(C)=O)C(=O)OC,COC(=O)[C@@H](C)NC(C)=O,ClCCl,,Rh,CCCCc1ccc(NC(=O)c2ccccc2C(=O)NCC(C)(C)COp2oc3ccc4ccccc4c3c3c(ccc4ccccc43)o2)cc1,CCCCc1ccc(NC(=O)c2ccccc2C(=O)NCC(C)(C)COp8->2oc3ccc4ccccc4c3c3c(ccc4ccccc43)o2)cc1.[Rh+]8,1,25,100,2.720952926,0.98,binol type,"['binol type', 'single P type']",di-sub
9528,COC(=O)/C(=C/c1ccc(C(F)(F)F)cc1)NC(C)=O,COC(=O)[C@@H](Cc1ccc(C(F)(F)F)cc1)NC(C)=O,CC(C)=O,,Rh,CCN(CC)p1oc2c(P(c3ccccc3)c3ccccc3)cc3ccccc3c2c2c(o1)c(P(c1ccccc1)c1ccccc1)cc1ccccc12,CCN(CC)p8->1oc2c(P(c3ccccc3)9->c3ccccc3)cc3ccccc3c2c2c(o1)c(P(c1ccccc1)c1ccccc1)cc1ccccc12.[Rh+]89,1,25,100,2.519317024,0.972,binol type,"['binol type', 'double P type']",tri-sub
4938,C=C(NC(C)=O)C(=O)OC,COC(=O)[C@H](C)NC(C)=O,ClCCl,,Rh,Cc1cc(C(C)(C)C)c2op(OCP(c3ccccc3)c3ccccc3)oc3c(C(C)(C)C)cc(C)c(C)c3c2c1C,Cc1cc(C(C)(C)C)c2op(OCP(c3ccccc3)8->c3ccccc3)9->oc3c(C(C)(C)C)cc(C)c(C)c3c2c1C.[Rh+]89,4,25,100,1.809015734,0.91,double P type,['double P type'],di-sub
11605,CCOC(=O)/C(OC(C)=O)=C(\NC(C)=O)c1ccccc1,CCOC(=O)[C@H](OC(C)=O)[C@@H](NC(C)=O)c1ccccc1,ClCCl,,Rh,CC(C)(C)P1Cc2ccccc2[C@H]1[C@@H]1c2ccccc2CP1C(C)(C)C,CC(C)(C)P8->1Cc2ccccc2[C@H]1[C@@H]1c2ccccc2CP9->1C(C)(C)C.[Rh+]89,30,25,100,2.477862753,0.97,double P type,['double P type'],tetra-sub
2313,CC(C)(C)OC(=O)C(=O)N/C(=C\C1CC1)C(=O)OCc1ccccc1,CC(C)(C)OC(=O)C(=O)N[C@@H](CC1CC1)C(=O)OCc1ccccc1,C1CCOC1.CO,,Rh,C[C@H](C1=C(P(c2ccccc2)c2ccccc2)C=C[C@@H]1[Fe]C1C=CC=C1)N(P(c1ccccc1)c1ccccc1)C(C)(C)C,C[C@H](C1=C(P(c2ccccc2)8->c2ccccc2)C=C[C@@H]1[Fe]C1C=CC=C1)N(P(c1ccccc1)9->c1ccccc1)C(C)(C)C.[Rh+]89,1,25,100,0.479328906,0.384,ferrocene type,"['ferrocene type', 'double P type']",tri-sub
12130,CC(=O)N/C(=C\c1ccccc1)C(F)(F)F,CC(=O)N[C@@H](Cc1ccccc1)C(F)(F)F,CO,,Rh,CC(C)(C)P1Cc2ccccc2[C@H]1[C@@H]1c2ccccc2CP1C(C)(C)C,CC(C)(C)P8->1Cc2ccccc2[C@H]1[C@@H]1c2ccccc2CP9->1C(C)(C)C.[Rh+]89,5,25,100,3.134375973,0.99,double P type,['double P type'],tri-sub
813,COc1cc(/C=C(\C)NC(C)=O)cc(OC)c1,COc1cc(C[C@@H](C)NC(C)=O)cc(OC)c1,ClCCl,,Rh,CC(C)(C)P1c2ccccc2O[C@@H]1[C@H]1Oc2ccccc2P1C(C)(C)C,CC(C)(C)P8->1c2ccccc2O[C@@H]1[C@H]1Oc2ccccc2P9->1C(C)(C)C.[Rh+]89,20,25,200,0.327884126,0.27,double P type,['double P type'],tri-sub
5633,CC(=O)N/C(=C\c1cccc(Br)c1)C(=O)O,CC(=O)N[C@H](Cc1cccc(Br)c1)C(=O)O,CO,,Rh,CC(C)(C)P1CCC[C@@H]1[C@H]1CCCP1C(C)(C)C,CC(C)(C)P8->1CCC[C@@H]1[C@H]1CCCP9->1C(C)(C)C.[Rh+]89,1,25,100,3.134375973,0.99,double P type,['double P type'],tri-sub
11812,O=C1OCCC/C1=C\c1ccccc1,O=C1OCCC[C@H]1Cc1ccccc1,CCOC(C)=O,,Rh,C[C@H](NC(=S)Nc1cc(C(F)(F)F)cc(C(F)(F)F)c1)C1=C(P(c2ccccc2)c2ccccc2)[C@@H]([Fe][C@H]2C=CC=C2P(c2ccccc2)c2ccccc2)C=C1,C[C@H](NC(=S)Nc1cc(C(F)(F)F)cc(C(F)(F)F)c1)C1=C(P(c2ccccc2)9->c2ccccc2)[C@@H]([Fe][C@H]2C=CC=C2P(c2ccccc2)8->c2ccccc2)C=C1.[Rh+]89,30,25,100,0.106874334,0.09,ferrocene type,"['ferrocene type', 'double P type']",tri-sub
9978,CC(=O)NC1=Cc2ccccc2C1=O,CC(=O)N[C@H]1Cc2ccccc2C1=O,CO,,Rh,CP(CP(C(C)(C)C)C(C)(C)C)C(C)(C)C,CP(CP(C(C)(C)C)9->C(C)(C)C)8->C(C)(C)C.[Rh+]89,3,25,5000,1.809015734,0.91,double P type,['double P type'],tri-sub
10404,CCOC(=O)/C(F)=C(\Nc1ccccc1)c1ccccc1,CCOC(=O)[C@@H](F)[C@H](Nc1ccccc1)c1ccccc1,ClCCl,,Rh,C[C@H](NC(=S)Nc1cc(C(F)(F)F)cc(C(F)(F)F)c1)C1=C(P(c2ccccc2)c2ccccc2)[C@@H]([Fe][C@H]2C=CC=C2P(c2ccccc2)c2ccccc2)C=C1,C[C@H](NC(=S)Nc1cc(C(F)(F)F)cc(C(F)(F)F)c1)C1=C(P(c2ccccc2)9->c2ccccc2)[C@@H]([Fe][C@H]2C=CC=C2P(c2ccccc2)8->c2ccccc2)C=C1.[Rh+]89,50,25,100,0,0,ferrocene type,"['ferrocene type', 'double P type']",tetra-sub
6046,C=C(NC(C)=O)C(=O)OC,COC(=O)[C@H](C)NC(C)=O,ClCCl,,Rh,CC(C)(C)c1cc(C(C)(C)C)c2op(OCc3ccccc3)oc3c(C(C)(C)C)cc(C(C)(C)C)cc3c2c1,CC(C)(C)c1cc(C(C)(C)C)c2op(OCc3ccccc3)8->oc3c(C(C)(C)C)cc(C(C)(C)C)cc3c2c1.[Rh+]8,1,25,1000,0,0,single P type,['single P type'],di-sub
1506,CCOC(=O)/C=C(\NC(C)=O)c1ccc(OC)c(OC)c1,CCOC(=O)C[C@H](NC(C)=O)c1ccc(OC)c(OC)c1,CO,,Rh,CP(c1nc2ccccc2nc1P(C)C(C)(C)C)C(C)(C)C,CP(c1nc2ccccc2nc1P(C)8->C(C)(C)C)9->C(C)(C)C.[Rh+]89,3,25,1000,2.637296469,0.977,double P type,['double P type'],tri-sub
5214,COC(=O)/C(=C/c1cccc2ccccc12)NC(C)=O,COC(=O)[C@@H](Cc1cccc2ccccc12)NC(C)=O,ClCCl,,Rh,CN(C)p1oc2ccc3ccccc3c2c2c(ccc3ccccc32)o1,CN(C)p8->1oc2ccc3ccccc3c2c2c(ccc3ccccc32)o1.[Rh+]8,5,25,100,1.963997164,0.93,binol type,"['binol type', 'single P type']",tri-sub
5636,COC(=O)/C(=C/c1ccccc1Cl)NC(C)=O,COC(=O)[C@@H](Cc1ccccc1Cl)NC(C)=O,CO,,Rh,CC(C)(C)P1CCC[C@@H]1[C@H]1CCCP1C(C)(C)C,CC(C)(C)P8->1CCC[C@@H]1[C@H]1CCCP9->1C(C)(C)C.[Rh+]89,1,25,100,3.134375973,0.99,double P type,['double P type'],tri-sub
11671,CCOC(=O)/C=C(\Sc1ccccc1)c1ccccc1,CCOC(=O)C[C@@H](Sc1ccccc1)c1ccccc1,Cc1ccccc1,,Rh,C[C@H](NC(=S)Nc1cc(C(F)(F)F)cc(C(F)(F)F)c1)C1=C(P(c2ccccc2)c2ccccc2)[C@@H]([Fe][C@H]2C=CC=C2P(c2ccccc2)c2ccccc2)C=C1,C[C@H](NC(=S)Nc1cc(C(F)(F)F)cc(C(F)(F)F)c1)C1=C(P(c2ccccc2)9->c2ccccc2)[C@@H]([Fe][C@H]2C=CC=C2P(c2ccccc2)8->c2ccccc2)C=C1.[Rh+]89,50,30,100,3.186966174,0.99,ferrocene type,"['ferrocene type', 'double P type']",tri-sub
11609,COC(=O)/C(OC(C)=O)=C(\NC(C)=O)c1ccc(Br)cc1,COC(=O)[C@H](OC(C)=O)[C@@H](NC(C)=O)c1ccc(Br)cc1,ClCCl,,Rh,CC(C)(C)P1Cc2ccccc2[C@H]1[C@@H]1c2ccccc2CP1C(C)(C)C,CC(C)(C)P8->1Cc2ccccc2[C@H]1[C@@H]1c2ccccc2CP9->1C(C)(C)C.[Rh+]89,30,25,100,2.477862753,0.97,double P type,['double P type'],tetra-sub
6052,C=C(NC(C)=O)C(=O)OC,COC(=O)[C@H](C)NC(C)=O,ClCCl,,Rh,c1ccc2cc(P(c3ccc4ccccc4c3)c3ccc4ccccc4c3)ccc2c1,c1ccc2cc(P(c3ccc4ccccc4c3)8->c3ccc4ccccc4c3)ccc2c1.[Rh+]8,1,25,1000,0,0,single P type,['single P type'],di-sub
9658,COC(=O)/C(=C/c1ccc(Cl)cc1)NC(C)=O,COC(=O)[C@@H](Cc1ccc(Cl)cc1)NC(C)=O,CC(C)=O,,Rh,CCN(CC)p1oc2c(P(c3ccccc3)c3ccccc3)cc3ccccc3c2c2c(o1)c(P(c1ccccc1)c1ccccc1)cc1ccccc12,CCN(CC)p8->1oc2c(P(c3ccccc3)9->c3ccccc3)cc3ccccc3c2c2c(o1)c(P(c1ccccc1)c1ccccc1)cc1ccccc12.[Rh+]89,1,25,100,2.56379954,0.974,binol type,"['binol type', 'double P type']",tri-sub
7203,C=C(NC(C)=O)C(=O)OC,COC(=O)[C@@H](C)NC(C)=O,ClCCl,,Rh,COC(=O)[C@H](Cc1ccccc1)Np1oc2ccc3ccccc3c2c2c(ccc3ccccc32)o1,COC(=O)[C@H](Cc1ccccc1)Np8->1oc2ccc3ccccc3c2c2c(ccc3ccccc32)o1.[Rh+]8,10,25,100,0.784540948,0.58,binol type,"['binol type', 'single P type']",di-sub
9601,CC(=O)NC1=Cc2ccccc2CC1,CC(=O)N[C@H]1CCc2ccccc2C1,ClCCl,,Rh,Cc1cc(C)cc(P(CCOp2oc3c(C(C)(C)C)cc(C)c(C)c3c3c(C)c(C)cc(C(C)(C)C)c3o2)c2cc(C)cc(C)c2)c1,Cc1cc(C)cc(P(CCOp9->2oc3c(C(C)(C)C)cc(C)c(C)c3c3c(C)c(C)cc(C(C)(C)C)c3o2)8->c2cc(C)cc(C)c2)c1.[Rh+]89,20,25,100,0.588955521,0.46,double P type,['double P type'],tri-sub
5469,COC(=O)/C(=C/c1ccc(OC)cc1)NC(C)=O,COC(=O)[C@H](Cc1ccc(OC)cc1)NC(C)=O,C1CCOC1,,Rh,Cc1cc(C)cc(S[C@H](C(C)C)[C@@H](C)OP(c2ccccc2)c2ccccc2)c1,Cc1cc(C)cc(S[C@H](C(C)C)[C@@H](C)OP(c2ccccc2)8->c2ccccc2)c1.[Rh+]8,7.8,25,100,2.304501335,0.96,single P type,['single P type'],tri-sub
6902,COC(=O)/C(=C/c1ccccc1Cl)NC(C)=O,COC(=O)[C@H](Cc1ccccc1Cl)NC(C)=O,ClCCl,,Rh,CO[C@@H]1COC(c2ccccc2)O[C@H]1[C@@H]1OC(c2ccccc2)OC[C@H]1Op1oc2ccc3ccccc3c2c2c(ccc3ccccc32)o1,CO[C@@H]1COC(c2ccccc2)O[C@H]1[C@@H]1OC(c2ccccc2)OC[C@H]1Op8->1oc2ccc3ccccc3c2c2c(ccc3ccccc32)o1.[Rh+]8,1.2,20,100,2.36223399,0.966,binol type,"['binol type', 'single P type']",tri-sub
3865,C=C(NC(C)=O)C(=O)OC,COC(=O)[C@H](C)NC(C)=O,ClCCl,,Rh,CCp1oc2ccc3ccccc3c2c2c(ccc3ccccc32)o1,CCp8->1oc2ccc3ccccc3c2c2c(ccc3ccccc32)o1.[Rh+]8,1,25,1000,2.058336063,0.94,binol type,"['binol type', 'single P type']",di-sub
2383,CC(C)(C)OC(=O)C(=O)N/C(=C\C1CC1)C(=O)OCc1ccccc1,CC(C)(C)OC(=O)C(=O)N[C@@H](CC1CC1)C(=O)OCc1ccccc1,C1CCOC1.CO,,Rh,C[C@H](C1=C(P(c2ccccc2)c2ccccc2)C=C[C@@H]1[Fe]C1C=CC=C1)N(C)P(c1cccc(F)c1)c1cccc(F)c1,C[C@H](C1=C(P(c2ccccc2)8->c2ccccc2)C=C[C@@H]1[Fe]C1C=CC=C1)N(C)P(c1cccc(F)c1)9->c1cccc(F)c1.[Rh+]89,1,25,100,3.134375973,0.99,ferrocene type,"['ferrocene type', 'double P type']",tri-sub
9155,O=C(NC1=Cc2ccccc2CC1)c1ccccc1,O=C(NC1CCc2ccccc2C1)c1ccccc1,ClCCl,,Rh,O=C(NCCP1Cc2ccc3ccccc3c2-c2c(ccc3ccccc23)C1)Nc1ccccc1,O=C(NCCP8->1Cc2ccc3ccccc3c2-c2c(ccc3ccccc23)C1)Nc1ccccc1.[Rh+]8,20,25,50,0.406004445,0.33,binol type,"['binol type', 'single P type']",tri-sub
11613,COC(=O)/C(OC(C)=O)=C(\NC(C)=O)c1cccc(Cl)c1,COC(=O)[C@H](OC(C)=O)[C@@H](NC(C)=O)c1cccc(Cl)c1,ClCCl,,Rh,CC(C)(C)P1Cc2ccccc2[C@H]1[C@@H]1c2ccccc2CP1C(C)(C)C,CC(C)(C)P8->1Cc2ccccc2[C@H]1[C@@H]1c2ccccc2CP9->1C(C)(C)C.[Rh+]89,30,25,100,2.477862753,0.97,double P type,['double P type'],tetra-sub
3682,COC(=O)/C(=C/c1ccccc1Cl)NC(C)=O,COC(=O)[C@H](Cc1ccccc1Cl)NC(C)=O,ClCCl,,Rh,CCN(Cc1ccccc1)p1oc2ccc3ccccc3c2c2c(ccc3ccccc32)o1,CCN(Cc1ccccc1)p8->1oc2ccc3ccccc3c2c2c(ccc3ccccc32)o1.[Rh+]8,20,20,100,2.033885431,0.941,binol type,"['binol type', 'single P type']",tri-sub
1474,CCOC(=O)/C=C(\NC(C)=O)c1cccc(C)c1,CCOC(=O)C[C@H](NC(C)=O)c1cccc(C)c1,CO,,Rh,CP(c1ccccc1P(C)C(C)(C)C)C(C)(C)C,CP(c1ccccc1P(C)9->C(C)(C)C)8->C(C)(C)C.[Rh+]89,5,25,200,2.233244832,0.955,double P type,['double P type'],tri-sub
12554,CCOC(=O)/C(NC(C)=O)=C(\OC(C)=O)c1ccccc1,CCOC(=O)[C@@H](NC(C)=O)[C@H](OC(C)=O)c1ccccc1,ClCCl,,Rh,CC(C)(C)P1Cc2ccccc2C1[C@H]1c2ccccc2CP1C(C)(C)C,CC(C)(C)P8->1Cc2ccccc2C1[C@H]1c2ccccc2CP9->1C(C)(C)C.[Rh+]89,10,25,50,3.134375973,0.99,double P type,['double P type'],tetra-sub
9614,CC(=O)NC1=Cc2ccccc2CC1,CC(=O)N[C@H]1CCc2ccccc2C1,ClCCl,,Rh,Cc1cc(C(C)(C)C)c2op(OC(C)(C)CP(c3ccccc3)c3ccccc3)oc3c(C(C)(C)C)cc(C)c(C)c3c2c1C,Cc1cc(C(C)(C)C)c2op(OC(C)(C)CP(c3ccccc3)8->c3ccccc3)9->oc3c(C(C)(C)C)cc(C)c(C)c3c2c1C.[Rh+]89,20,25,100,0.09494525,0.08,double P type,['double P type'],tri-sub
7985,COC(=O)/C=C(\NC(C)=O)c1ccccc1,COOCC[C@@H](NC(C)=O)c1ccccc1,CC(C)=O,,Rh,CN(C)P1Oc2cccc3c2C2(CC3)CCc3cccc(c32)O1,CN(C)P8->1Oc2cccc3c2C2(CC3)CCc3cccc(c32)O1.[Rh+]8,100,25,50,1.179797016,0.76,single P type,['single P type'],tri-sub
12373,COC(=O)/C(=C/CCN1C(=O)c2ccccc2C1=O)NC(C)=O,COC(=O)[C@@H](CCCN1C(=O)c2ccccc2C1=O)NC(C)=O,CO,,Rh,CC(C)(C)P1Cc2ccccc2C1[C@H]1c2ccccc2CP1C(C)(C)C,CC(C)(C)P8->1Cc2ccccc2C1[C@H]1c2ccccc2CP9->1C(C)(C)C.[Rh+]89,7,50,10000,3.465271467,0.991,double P type,['double P type'],tri-sub
11234,CC(=O)N/C(C#N)=C/c1ccccc1,CC(=O)NC(C#N)Cc1ccccc1,CO,,Rh,CC(C)(C)P1Cc2ccc3ccccc3c2-c2c(ccc3ccccc23)[C@@H]1[C@H]1c2ccc3ccccc3c2-c2c(ccc3ccccc23)CP1C(C)(C)C,CC(C)(C)P8->1Cc2ccc3ccccc3c2-c2c(ccc3ccccc23)[C@@H]1[C@H]1c2ccc3ccccc3c2-c2c(ccc3ccccc23)CP9->1C(C)(C)C.[Rh+]89,30,25,100,0,0,binol type,"['binol type', 'double P type']",tri-sub
2354,COC(=O)/C(=C/c1ccc2ccccc2c1)NC(C)=O,COC(=O)[C@H](Cc1ccc2ccccc2c1)NC(C)=O,C1CCOC1.CO,,Rh,Cc1ccc(P(c2ccc(C)cc2)N(C)[C@H](C)C2=C(P(c3ccccc3)c3ccccc3)C=C[C@@H]2[Fe]C2C=CC=C2)cc1,Cc1ccc(P(c2ccc(C)cc2)8->N(C)[C@H](C)C2=C(P(c3ccccc3)9->c3ccccc3)C=C[C@@H]2[Fe]C2C=CC=C2)cc1.[Rh+]89,1,25,100,2.587323575,0.975,ferrocene type,"['ferrocene type', 'double P type']",tri-sub
3566,COC(=O)/C(=C/c1ccccc1)NC(=O)OCc1ccccc1,COC(=O)[C@@H](Cc1ccccc1)NC(=O)OCc1ccccc1,C1CCOC1,,Rh,COC[C@H](Op1oc2ccc3ccccc3c2c2c(ccc3ccccc32)o1)[C@@H](c1ccccc1)P(c1ccccc1)c1ccccc1,COC[C@H](Op9->1oc2ccc3ccccc3c2c2c(ccc3ccccc32)o1)[C@@H](c1ccccc1)P(c1ccccc1)8->c1ccccc1.[Rh+]89,20,25,100,2.720952926,0.98,binol type,"['binol type', 'double P type']",tri-sub
8001,C/C=C(\NC(C)=O)C(=O)OC,CC[C@@H](NC(C)=O)C(=O)OC,ClCCl,,Rh,CCCN(CCC)p1oc2ccc3ccccc3c2c2c(ccc3ccccc32)o1,CCCN(CCC)p8->1oc2ccc3ccccc3c2c2c(ccc3ccccc32)o1.[Rh+]8,5,25,50,1.743519237,0.9,binol type,"['binol type', 'single P type']",tri-sub
6050,C=C(NC(C)=O)C(=O)OC,COC(=O)[C@H](C)NC(C)=O,ClCCl,,Rh,CC(C)P(c1ccccc1)c1ccccc1,CC(C)P(c1ccccc1)8->c1ccccc1.[Rh+]8,1,25,1000,0,0,single P type,['single P type'],di-sub
8947,COC(=O)/C=C(\CP(=O)(OC)OC)c1ccc(OC)cc1,COC(=O)CC(CP(=O)(OC)OC)c1ccc(OC)cc1,ClCCl,,Rh,C[C@@H](C1=C([P@](c2ccccc2)c2cccc3ccccc23)C=C[C@H]1[Fe]C1C=CC=C1)N(C)P(c1ccc(C(F)(F)F)cc1)c1ccc(C(F)(F)F)cc1,C[C@@H](C1=C([P@](c2ccccc2)9->c2cccc3ccccc23)C=C[C@H]1[Fe]C1C=CC=C1)N(C)P(c1ccc(C(F)(F)F)cc1)8->c1ccc(C(F)(F)F)cc1.[Rh+]89,59,25,100,1.963997164,0.93,ferrocene type,"['ferrocene type', 'double P type']",tri-sub
5641,O=C(O)/C(=C/c1ccccc1)NC(=O)c1ccccc1,O=C(N[C@H](Cc1ccccc1)C(=O)O)c1ccccc1,CO,,Rh,CC(C)(C)P1CCC[C@@H]1[C@H]1CCCP1C(C)(C)C,CC(C)(C)P8->1CCC[C@@H]1[C@H]1CCCP9->1C(C)(C)C.[Rh+]89,1,25,100,3.134375973,0.99,double P type,['double P type'],tri-sub
9979,CC(=O)NC1=Cc2ccccc2C1=O,CC(=O)N[C@H]1Cc2ccccc2C1=O,CCOC(C)=O,,Rh,CP(CP(C(C)(C)C)C(C)(C)C)C(C)(C)C,CP(CP(C(C)(C)C)9->C(C)(C)C)8->C(C)(C)C.[Rh+]89,3,25,100,3.134375973,0.99,double P type,['double P type'],tri-sub
2387,CC(=O)N/C(=C\c1ccccc1)C(=O)O,CC(=O)N[C@@H](Cc1ccccc1)C(=O)O,C1CCOC1.CO,,Rh,C[C@H](C1=C(P(c2ccccc2)c2ccccc2)C=C[C@@H]1[Fe]C1C=CC=C1)N(C)P(c1ccc(F)c(F)c1)c1ccc(F)c(F)c1,C[C@H](C1=C(P(c2ccccc2)8->c2ccccc2)C=C[C@@H]1[Fe]C1C=CC=C1)N(C)P(c1ccc(F)c(F)c1)9->c1ccc(F)c(F)c1.[Rh+]89,1,25,100,2.519317024,0.972,ferrocene type,"['ferrocene type', 'double P type']",tri-sub
11587,CCOC(=O)/C(OC(C)=O)=C(\NC(C)=O)c1ccccc1,CCOC(=O)[C@H](OC(C)=O)[C@@H](NC(C)=O)c1ccccc1,CC(C)O,,Rh,CC(C)(C)P1Cc2ccccc2[C@H]1[C@@H]1c2ccccc2CP1C(C)(C)C,CC(C)(C)P8->1Cc2ccccc2[C@H]1[C@@H]1c2ccccc2CP9->1C(C)(C)C.[Rh+]89,30,25,100,2.477862753,0.97,double P type,['double P type'],tetra-sub
12356,CCCCC/C=C(\NC(C)=O)C(=O)OC,CCCCCC[C@@H](NC(C)=O)C(=O)OC,OCC(F)(F)F,,Rh,CC(C)(C)P1Cc2ccccc2C1[C@H]1c2ccccc2CP1C(C)(C)C,CC(C)(C)P8->1Cc2ccccc2C1[C@H]1c2ccccc2CP9->1C(C)(C)C.[Rh+]89,7,25,100,2.56379954,0.974,double P type,['double P type'],tri-sub
8002,C/C=C(\NC(C)=O)C(=O)OC,CC[C@@H](NC(C)=O)C(=O)OC,ClCCl,,Rh,c1ccc2c(c1)ccc1op(N3CCCC3)oc3ccc4ccccc4c3c12,c1ccc2c(c1)ccc1op(N3CCCC3)8->oc3ccc4ccccc4c3c12.[Rh+]8,5,25,50,1.487635919,0.85,binol type,"['binol type', 'single P type']",tri-sub
8207,COC(=O)/C(=C/c1ccc(Cl)cc1)NC(C)=O,COC(=O)[C@H](Cc1ccc(Cl)cc1)NC(C)=O,ClCCl,,Rh,CN(C)P1Oc2cccc3c2C2(c4ccccc4O3)c3ccccc3Oc3cccc(c32)O1,CN(C)P8->1Oc2cccc3c2C2(c4ccccc4O3)c3ccccc3Oc3cccc(c32)O1.[Rh+]8,2,25,100,3.197061601,0.991,single P type,['single P type'],tri-sub
3840,O=C(NC1=Cc2ccccc2CC1)c1ccccc1,O=C(NC1CCc2ccccc2C1)c1ccccc1,CO,,Rh,CC(C)(C)P(CC1=C(P(c2ccccc2)c2ccccc2)C=C[C@@H]1[Fe]C1C=CC=C1)C(C)(C)C,CC(C)(C)P(CC1=C(P(c2ccccc2)9->c2ccccc2)C=C[C@@H]1[Fe]C1C=CC=C1)8->C(C)(C)C.[Rh+]89,5,25,100,0.366557696,0.3,ferrocene type,"['ferrocene type', 'double P type']",tri-sub
9539,COC/C=C(\NC(C)=O)C(=O)OC,COCC[C@@H](NC(C)=O)C(=O)OC,CC(C)=O,,Rh,CN(C)p1oc2c(P(c3ccccc3)c3ccccc3)cc3ccccc3c2c2c(o1)c(P(c1ccccc1)c1ccccc1)cc1ccccc12,CN(C)p9->1oc2c(P(c3ccccc3)c3ccccc3)cc3ccccc3c2c2c(o1)c(P(c1ccccc1)8->c1ccccc1)cc1ccccc12.[Rh+]89,1,25,100,2.24685471,0.956,binol type,"['binol type', 'double P type']",tri-sub
2763,CC(=O)NC1=Cc2ccccc2CC1,CC(=O)N[C@H]1CCc2ccccc2C1,ClCCl,,Rh,c1ccc([C@@H]2CC[C@@H](c3ccccc3)N2P2Oc3ccccc3O2)cc1,c1ccc([C@@H]2CC[C@@H](c3ccccc3)N2P8->2Oc3ccccc3O2)cc1.[Rh+]8,25,25,100,0.106874334,0.09,single P type,['single P type'],tri-sub
6551,COC(=O)/C(=C/c1ccccc1)CNC(C)=O,COC(=O)[C@@H](CNC(C)=O)Cc1ccccc1,ClCCl.OCC(F)(F)F,,Rh,COc1ccc(C(=O)NCc2ccc(COp3oc4ccc5ccccc5c4c4c(ccc5ccccc54)o3)cc2)cc1,COc1ccc(C(=O)NCc2ccc(COp8->3oc4ccc5ccccc5c4c4c(ccc5ccccc54)o3)cc2)cc1.[Rh+]8,49,25,100,1.68395754,0.89,binol type,"['binol type', 'single P type']",tri-sub
12553,CCOC(=O)/C(NC(C)=O)=C(\OC(C)=O)c1ccccc1,CCOC(=O)[C@@H](NC(C)=O)[C@H](OC(C)=O)c1ccccc1,CO,,Rh,CC(C)(C)P1Cc2ccccc2C1[C@H]1c2ccccc2CP1C(C)(C)C,CC(C)(C)P8->1Cc2ccccc2C1[C@H]1c2ccccc2CP9->1C(C)(C)C.[Rh+]89,30,25,50,3.134375973,0.99,double P type,['double P type'],tetra-sub
12557,CCOC(=O)/C(NC(C)=O)=C(\OC(C)=O)c1ccc(C)cc1,CCOC(=O)[C@@H](NC(C)=O)[C@H](OC(C)=O)c1ccc(C)cc1,ClCCl,,Rh,CC(C)(C)P1Cc2ccccc2C1[C@H]1c2ccccc2CP1C(C)(C)C,CC(C)(C)P8->1Cc2ccccc2C1[C@H]1c2ccccc2CP9->1C(C)(C)C.[Rh+]89,30,25,50,3.134375973,0.99,double P type,['double P type'],tetra-sub
11091,COC(=O)/C=C(\C#N)c1ccccc1,COC(=O)C[C@@H](C#N)c1ccccc1,CO,,Rh,CP(c1nc2ccccc2nc1P(C)C(C)(C)C)C(C)(C)C,CP(c1nc2ccccc2nc1P(C)8->C(C)(C)C)9->C(C)(C)C.[Rh+]89,30,20,100,0,0,double P type,['double P type'],tri-sub
3587,CC(=O)N/C(=C\c1ccccc1)C(=O)O,CC(=O)N[C@H](Cc1ccccc1)C(=O)O,ClCCl,,Rh,COc1ccccc1P(CCP(c1ccccc1)c1ccccc1OC)c1ccccc1,COc1ccccc1P(CCP(c1ccccc1)9->c1ccccc1OC)8->c1ccccc1.[Rh+]89,1,25,100,2.058336063,0.94,double P type,['double P type'],tri-sub
208,COC(=O)/C(=C\c1ccccc1)NC(C)=O,COC(=O)[C@@H](Cc1ccccc1)NC(C)=O,ClCCl,,Rh,Cc1ccccc1N(N(c1ccccc1C)p1oc2ccc3ccccc3c2c2c(ccc3ccccc32)o1)p1oc2ccc3ccccc3c2c2c(ccc3ccccc32)o1,Cc1ccccc1N(N(c1ccccc1C)p8->1oc2ccc3ccccc3c2c2c(ccc3ccccc32)o1)p9->1oc2ccc3ccccc3c2c2c(ccc3ccccc32)o1.[Rh+]89,5,25,100,0.802545975,0.59,binol type,"['binol type', 'double P type']",tri-sub
878,C=C(NC(C)=O)C(=O)OC,COC(=O)[C@H](C)NC(C)=O,C1CCOC1,,Rh,CC(C)(C)P1CCC2=CC([Fe]C3C=CC=C3)C(P(c3ccccc3)c3ccccc3)=C21,CC(C)(C)P8->1CCC2=CC([Fe]C3C=CC=C3)C(P(c3ccccc3)9->c3ccccc3)=C21.[Rh+]89,1,20,100,0.521296602,0.42,ferrocene type,"['ferrocene type', 'double P type']",di-sub
7876,CCOC(=O)/C=C(/NC(C)=O)c1ccccc1,CCOC(=O)C[C@@H](NC(C)=O)c1ccccc1,ClCCl,,Rh,Cp1oc2ccc3ccccc3c2c2c(ccc3ccccc32)o1,Cp8->1oc2ccc3ccccc3c2c2c(ccc3ccccc32)o1.[Rh+]8,59,25,50,1.050673587,0.71,binol type,"['binol type', 'single P type']",tri-sub
5476,COC(=O)/C(=C/c1ccc(OC)cc1)NC(C)=O,COC(=O)[C@@H](Cc1ccc(OC)cc1)NC(C)=O,C1CCOC1,,Rh,CC(C)(C)S[C@H]1CCCC[C@@H]1OP(c1ccccc1)c1ccccc1,CC(C)(C)S[C@H]1CCCC[C@@H]1OP(c1ccccc1)8->c1ccccc1.[Rh+]8,7.8,25,100,2.720952926,0.98,single P type,['single P type'],tri-sub
9032,COC(=O)/C(=C\c1ccccc1)NC(C)=O,COC(=O)[C@H](Cc1ccccc1)NC(C)=O,ClCCl,,Rh,C[C@@H](Op1oc2c(C(C)(C)C)cc(C(C)(C)C)cc2c2cc(C(C)(C)C)cc(C(C)(C)C)c2o1)[C@H]1O[C@@H]2OC(C)(C)O[C@@H]2[C@@H]1Op1oc2c(C(C)(C)C)cc(C(C)(C)C)cc2c2cc(C(C)(C)C)cc(C(C)(C)C)c2o1,C[C@@H](Op8->1oc2c(C(C)(C)C)cc(C(C)(C)C)cc2c2cc(C(C)(C)C)cc(C(C)(C)C)c2o1)[C@H]1O[C@@H]2OC(C)(C)O[C@@H]2[C@@H]1Op9->1oc2c(C(C)(C)C)cc(C(C)(C)C)cc2c2cc(C(C)(C)C)cc(C(C)(C)C)c2o1.[Rh+]89,5,25,100,1.809015734,0.91,double P type,['double P type'],tri-sub
11243,CC(=O)N/C(C#N)=C\c1ccccc1,CC(=O)N[C@H](C#N)Cc1ccccc1,CCOC(C)=O,,Rh,C[C@H]1CC[C@H](C)P1c1ccccc1P1[C@@H](C)CC[C@@H]1C,C[C@H]1CC[C@H](C)P8->1c1ccccc1P9->1[C@@H](C)CC[C@@H]1C.[Rh+]89,30,25,100,3.134375973,0.99,double P type,['double P type'],tri-sub
1429,CC(=O)N/C(=C\c1ccccc1)C(=O)O,CC(=O)N[C@H](Cc1ccccc1)C(=O)O,CO,,Rh,CP(c1cc2c(cc1P(C)C(C)(C)C)OCO2)C(C)(C)C,CP(c1cc2c(cc1P(C)9->C(C)(C)C)OCO2)8->C(C)(C)C.[Rh+]89,3,25,1000,3.267102947,0.992,double P type,['double P type'],tri-sub
3900,CC(=O)N/C(=C\c1ccccc1)C(=O)O,CC(=O)N[C@@H](Cc1ccccc1)C(=O)O,CO,,Rh,CP(C)C1=CC=C[C@@]1([Fe]C1C=CC=C1)P(c1ccccc1)c1ccccc1,CP(C)8->C1=CC=C[C@@]1([Fe]C1C=CC=C1)P(c1ccccc1)9->c1ccccc1.[Rh+]89,1,25,100,0.191126942,0.16,ferrocene type,"['ferrocene type', 'double P type']",tri-sub
3601,C=C(NC(C)=O)C(=O)OC,COC(=O)[C@@H](C)NC(C)=O,ClCCl,,Rh,c1ccc(P(c2ccccc2)c2ccc3ccccc3c2-c2c(P(c3ccccc3)c3ccccc3)ccc3ccccc23)cc1,c1ccc(P(c2ccccc2)8->c2ccc3ccccc3c2-c2c(P(c3ccccc3)9->c3ccccc3)ccc3ccccc23)cc1.[Rh+]89,1,25,100,0.252454438,0.21,double P type,['double P type'],di-sub
2798,CC(=O)NC1=Cc2ccccc2CC1,CC(=O)N[C@H]1CCc2ccccc2C1,ClCCl,,Rh,COc1c(OC)c(-c2ccccc2)c(P(c2ccccc2)c2ccccc2)c(-c2c(OC)c(OC)c(OC)c(-c3ccccc3)c2P(c2ccccc2)c2ccccc2)c1OC,COc1c(OC)c(-c2ccccc2)c(P(c2ccccc2)8->c2ccccc2)c(-c2c(OC)c(OC)c(OC)c(-c3ccccc3)c2P(c2ccccc2)9->c2ccccc2)c1OC.[Rh+]89,2,-20,200,0.487339605,0.45,double P type,['double P type'],tri-sub
1869,COC(=O)/C(=C/c1ccc(F)cc1)NC(C)=O,COC(=O)[C@H](Cc1ccc(F)cc1)NC(C)=O,ClCCl,,Rh,CN(N(C)p1oc2ccc3ccccc3c2c2c(ccc3ccccc32)o1)p1oc2ccc3ccccc3c2c2c(ccc3ccccc32)o1,CN(N(C)p8->1oc2ccc3ccccc3c2c2c(ccc3ccccc32)o1)p9->1oc2ccc3ccccc3c2c2c(ccc3ccccc32)o1.[Rh+]89,5,25,100,1.334717277,0.81,binol type,"['binol type', 'double P type']",tri-sub
3558,CC(=O)N/C(=C\c1ccccc1)C(=O)O,CC(=O)N[C@H](Cc1ccccc1)C(=O)O,C1CCOC1,,Rh,COC[C@H](Op1oc2ccc3ccccc3c2c2c(ccc3ccccc32)o1)[C@@H](c1ccccc1)P(c1ccccc1)c1ccccc1,COC[C@H](Op9->1oc2ccc3ccccc3c2c2c(ccc3ccccc32)o1)[C@@H](c1ccccc1)P(c1ccccc1)8->c1ccccc1.[Rh+]89,20,25,100,3.134375973,0.99,binol type,"['binol type', 'double P type']",tri-sub
7299,C=C(NC(C)=O)C(=O)OC,COC(=O)[C@@H](C)NC(C)=O,CO,,Rh,C[C@H](c1ccccc1P(c1ccccc1)c1ccccc1)P1C2CCCCC1CC2.O=C[Cr](C=O)C=O,C[C@H](c1ccccc1P(c1ccccc1)8->c1ccccc1)P9->1C2CCCCC1CC2.O=C[Cr](C=O)C=O.[Rh+]89,1,25,100,1.348623621,0.814,double P type,['double P type'],di-sub
2440,CC(C)(C)OC(=O)C(=O)N/C(=C\C1CC1)C(=O)OCc1ccccc1,CC(C)(C)OC(=O)C(=O)N[C@@H](CC1CC1)C(=O)OCc1ccccc1,C1CCOC1.CO,,Rh,C[C@H](C1=C(P(c2ccccc2)c2ccccc2)C=C[C@@H]1[Fe]C1C=CC=C1)N(C)P(Oc1ccc(C(F)(F)F)cc1)Oc1ccc(C(F)(F)F)cc1,C[C@H](C1=C(P(c2ccccc2)8->c2ccccc2)C=C[C@@H]1[Fe]C1C=CC=C1)N(C)P(Oc1ccc(C(F)(F)F)cc1)9->Oc1ccc(C(F)(F)F)cc1.[Rh+]89,1,25,100,0.59800014,0.466,ferrocene type,"['ferrocene type', 'double P type']",tri-sub
5213,COC(=O)/C(=C/c1ccc(-c2ccc(C#N)cc2)cc1)NC(C)=O,COC(=O)[C@@H](Cc1ccc(-c2ccc(C#N)cc2)cc1)NC(C)=O,ClCCl,,Rh,CN(C)p1oc2ccc3ccccc3c2c2c(ccc3ccccc32)o1,CN(C)p8->1oc2ccc3ccccc3c2c2c(ccc3ccccc32)o1.[Rh+]8,5,25,100,1.881851867,0.92,binol type,"['binol type', 'single P type']",tri-sub
11672,CCOC(=O)/C=C(\Sc1ccccc1)c1ccccc1,CCOC(=O)C[C@@H](Sc1ccccc1)c1ccccc1,OCC(F)(F)F,,Rh,C[C@H](NC(=S)Nc1cc(C(F)(F)F)cc(C(F)(F)F)c1)C1=C(P(c2ccccc2)c2ccccc2)[C@@H]([Fe][C@H]2C=CC=C2P(c2ccccc2)c2ccccc2)C=C1,C[C@H](NC(=S)Nc1cc(C(F)(F)F)cc(C(F)(F)F)c1)C1=C(P(c2ccccc2)9->c2ccccc2)[C@@H]([Fe][C@H]2C=CC=C2P(c2ccccc2)8->c2ccccc2)C=C1.[Rh+]89,50,30,100,3.186966174,0.99,ferrocene type,"['ferrocene type', 'double P type']",tri-sub
11227,CC(=O)N/C(C#N)=C\c1ccccc1,CC(=O)NC(C#N)Cc1ccccc1,CO,,Rh,CC(C)(C)P1Cc2ccc3ccccc3c2-c2c(ccc3ccccc23)[C@@H]1[C@H]1c2ccc3ccccc3c2-c2c(ccc3ccccc23)CP1C(C)(C)C,CC(C)(C)P8->1Cc2ccc3ccccc3c2-c2c(ccc3ccccc23)[C@@H]1[C@H]1c2ccc3ccccc3c2-c2c(ccc3ccccc23)CP9->1C(C)(C)C.[Rh+]89,30,25,100,0,0,binol type,"['binol type', 'double P type']",tri-sub
2968,C=C(NC(C)=O)C(=O)OC,COC(=O)[C@@H](C)NC(C)=O,ClCCl,,Rh,CN(C)p1oc2ccc3ccccc3c2c2c(o1)c(COC(=O)c1ccccc1)cc1ccccc12,CN(C)p8->1oc2ccc3ccccc3c2c2c(o1)c(COC(=O)c1ccccc1)cc1ccccc12.[Rh+]8,1,25,200,2.663917561,0.978,binol type,"['binol type', 'single P type']",di-sub
8007,C/C=C(\NC(C)=O)C(=O)OC,CC[C@@H](NC(C)=O)C(=O)OC,ClCCl,,Rh,c1ccc2c(c1)ccc1op(N3CCOCC3)oc3ccc4ccccc4c3c12,c1ccc2c(c1)ccc1op(N3CCOCC3)8->oc3ccc4ccccc4c3c12.[Rh+]8,5,25,50,3.134375973,0.99,binol type,"['binol type', 'single P type']",tri-sub
1713,COC(=O)/C(=C/c1ccc(F)cc1)NC(C)=O,COC(=O)[C@H](Cc1ccc(F)cc1)NC(C)=O,ClCCl,,Rh,c1ccc2c3c(ccc2c1)CN(p1oc2ccc4ccccc4c2c2c(ccc4ccccc42)o1)Cc1ccc2ccccc2c1-3,c1ccc2c3c(ccc2c1)CN(p8->1oc2ccc4ccccc4c2c2c(ccc4ccccc42)o1)Cc1ccc2ccccc2c1-3.[Rh+]8,5,25,20,1.531681473,0.86,binol type,"['binol type', 'single P type']",tri-sub
2289,CC(=O)N/C(=C\c1ccccc1)C(=O)O,CC(=O)N[C@@H](Cc1ccccc1)C(=O)O,C1CCOC1.CO,,Rh,C[C@H](C1=C(P(c2ccccc2)c2ccccc2)C=C[C@@H]1[Fe]C1C=CC=C1)N(C)P(c1ccccc1)c1ccccc1,C[C@H](C1=C(P(c2ccccc2)8->c2ccccc2)C=C[C@@H]1[Fe]C1C=CC=C1)N(C)P(c1ccccc1)9->c1ccccc1.[Rh+]89,1,25,100,3.438045145,0.994,ferrocene type,"['ferrocene type', 'double P type']",tri-sub
5199,CC(=O)N/C(=C\c1ccc(F)cc1)C(=O)O,CC(=O)N[C@H](Cc1ccc(F)cc1)C(=O)O,ClCCl,,Rh,CN(C)p1oc2ccc3ccccc3c2c2c(ccc3ccccc32)o1,CN(C)p8->1oc2ccc3ccccc3c2c2c(ccc3ccccc32)o1.[Rh+]8,27,25,50,1.963997164,0.93,binol type,"['binol type', 'single P type']",tri-sub
4626,[H]/C=C(/NC(C)=O)C(=O)OC.[H]/C=C(/NC(C)=O)C(=O)OC,COC(=O)[C@@H](C)NC(C)=O,ClCCl,,Rh,COc1ccccc1NC(=O)N[C@@H](C)[C@H](Op1oc2ccc3ccccc3c2c2c(ccc3ccccc32)o1)c1ccccc1,COc1ccccc1NC(=O)N[C@@H](C)[C@H](Op8->1oc2ccc3ccccc3c2c2c(ccc3ccccc32)o1)c1ccccc1.[Rh+]8,1,25,100,1.889608589,0.921,binol type,"['binol type', 'single P type']",di-sub
9447,C=C(NC(C)=O)C(=O)OC,COC(=O)[C@@H](C)NC(C)=O,ClCCl,,Rh,CC(C)[C@@H]1CC[C@@H](C)C[C@H]1Op1oc2ccccc2c2ccccc2o1,CC(C)[C@@H]1CC[C@@H](C)C[C@H]1Op8->1oc2ccccc2c2ccccc2o1.[Rh+]8,1,25,100,0.130800009,0.11,single P type,['single P type'],di-sub
5202,COC(=O)/C(=C/c1ccccc1F)NC(C)=O,COC(=O)[C@@H](Cc1ccccc1F)NC(C)=O,ClCCl,,Rh,CN(C)p1oc2ccc3ccccc3c2c2c(ccc3ccccc32)o1,CN(C)p8->1oc2ccc3ccccc3c2c2c(ccc3ccccc32)o1.[Rh+]8,5,25,100,2.169340323,0.95,binol type,"['binol type', 'single P type']",tri-sub
9045,C=C(NC(C)=O)C(=O)OC,COC(=O)[C@H](C)NC(C)=O,ClCCl,,Rh,C[C@@H](Op1oc2c([Si](C)(C)C)cccc2c2cccc([Si](C)(C)C)c2o1)[C@H]1O[C@@H]2OC(C)(C)O[C@@H]2[C@@H]1Op1oc2c([Si](C)(C)C)cccc2c2cccc([Si](C)(C)C)c2o1,C[C@@H](Op8->1oc2c([Si](C)(C)C)cccc2c2cccc([Si](C)(C)C)c2o1)[C@H]1O[C@@H]2OC(C)(C)O[C@@H]2[C@@H]1Op9->1oc2c([Si](C)(C)C)cccc2c2cccc([Si](C)(C)C)c2o1.[Rh+]89,30,5,1000,2.92401517,0.99,double P type,['double P type'],di-sub
11329,COC(=O)/C(=C\c1ccccc1)NC(C)=O,COC(=O)[C@H](Cc1ccccc1)NC(C)=O,CCO,,Rh,Cc1ccc(P(c2ccc(C)cc2)c2ccccc2P(C)C2=C([C@H](C)N(C)C)[C@H]([Fe]C3C=CC=C3)C=C2)cc1,Cc1ccc(P(c2ccc(C)cc2)8->c2ccccc2P(C)9->C2=C([C@H](C)N(C)C)[C@H]([Fe]C3C=CC=C3)C=C2)cc1.[Rh+]89,10,25,100,1.30106392,0.8,ferrocene type,"['ferrocene type', 'double P type']",tri-sub
2422,CC(=O)N/C(=C\c1ccccc1)C(=O)O,CC(=O)N[C@@H](Cc1ccccc1)C(=O)O,C1CCOC1.CO,,Rh,C[C@H](C1=C(P(c2ccccc2)c2ccccc2)C=C[C@@H]1[Fe]C1C=CC=C1)N(C)P(c1ccc(Cl)c(Cl)c1)c1ccc(Cl)c(Cl)c1,C[C@H](C1=C(P(c2ccccc2)8->c2ccccc2)C=C[C@@H]1[Fe]C1C=CC=C1)N(C)P(c1ccc(Cl)c(Cl)c1)9->c1ccc(Cl)c(Cl)c1.[Rh+]89,3,25,3000,3.134375973,0.99,ferrocene type,"['ferrocene type', 'double P type']",tri-sub
4354,COC(=O)/C(=C/c1ccc(-c2ccc3ccccc3c2)cc1)NC(C)=O,COC(=O)[C@H](Cc1ccc(-c2ccc3ccccc3c2)cc1)NC(C)=O,CO,,Rh,CC(C)(C)Oc1ccccc1P(CCP(c1ccccc1)c1ccccc1OC(C)(C)C)c1ccccc1,CC(C)(C)Oc1ccccc1P(CCP(c1ccccc1)9->c1ccccc1OC(C)(C)C)8->c1ccccc1.[Rh+]89,1,22,1000,4.455192972,0.999,double P type,['double P type'],tri-sub
9541,COC/C=C(\NC(C)=O)C(=O)OC,COCC[C@@H](NC(C)=O)C(=O)OC,CC(C)=O,,Rh,CC(C)N(C(C)C)p1oc2c(P(c3ccccc3)c3ccccc3)cc3ccccc3c2c2c(o1)c(P(c1ccccc1)c1ccccc1)cc1ccccc12,CC(C)N(C(C)C)p18->oc2c(P(c3ccccc3)c3ccccc3)cc3ccccc3c2c2c(o1)c(P(c1ccccc1)c1ccccc1)cc1ccccc12.[Rh+]8,1,25,100,1.929863543,0.926,binol type,"['binol type', 'single P type']",tri-sub
6294,COCO/C(=C(\NC(C)=O)c1ccccc1)c1ccccc1,COCO[C@@H](c1ccccc1)[C@H](NC(C)=O)c1ccccc1,CO,,Rh,C[C@H]1CC[C@H](C)P1c1ccccc1P1[C@@H](C)CC[C@@H]1C,C[C@H]1CC[C@H](C)P8->1c1ccccc1P9->1[C@@H](C)CC[C@@H]1C.[Rh+]89,40,40,100,0.881820754,0.61,double P type,['double P type'],tetra-sub
829,CC(=O)N/C(C)=C/c1cccc2ccccc12,CC(=O)N[C@H](C)Cc1cccc2ccccc12,ClCCl,,Rh,CC(C)(C)P1c2c(cccc2-c2c3ccccc3cc3ccccc23)O[C@@H]1[C@H]1Oc2cccc(-c3c4ccccc4cc4ccccc34)c2P1C(C)(C)C,CC(C)(C)P8->1c2c(cccc2-c2c3ccccc3cc3ccccc23)O[C@@H]1[C@H]1Oc2cccc(-c3c4ccccc4cc4ccccc34)c2P9->1C(C)(C)C.[Rh+]89,51,50,200,2.685737145,0.97,double P type,['double P type'],tri-sub
12601,O=C1C=C(c2ccccc2)C(=O)O1,O=C1C[C@H](c2ccccc2)C(=O)O1,C1COCCO1,,Rh,C[C@H](NC(=S)Nc1cc(C(F)(F)F)cc(C(F)(F)F)c1)C1=C(P(c2ccccc2)c2ccccc2)[C@@H]([Fe][C@H]2C=CC=C2P(c2ccccc2)c2ccccc2)C=C1,C[C@H](NC(=S)Nc1cc(C(F)(F)F)cc(C(F)(F)F)c1)C1=C(P(c2ccccc2)9->c2ccccc2)[C@@H]([Fe][C@H]2C=CC=C2P(c2ccccc2)8->c2ccccc2)C=C1.[Rh+]89,30,25,100,1.963997164,0.93,ferrocene type,"['ferrocene type', 'double P type']",tri-sub
9664,COC(=O)/C(=C/c1cccc(Br)c1)NC(C)=O,COC(=O)[C@@H](Cc1cccc(Br)c1)NC(C)=O,CC(C)=O,,Rh,c1ccc(P(c2ccccc2)c2cc3ccccc3c3c2op(N2CCCCC2)oc2c(P(c4ccccc4)c4ccccc4)cc4ccccc4c23)cc1,c1ccc(P(c2ccccc2)c2cc3ccccc3c3c2op(N2CCCCC2)9->oc2c(P(c4ccccc4)8->c4ccccc4)cc4ccccc4c23)cc1.[Rh+]89,1,25,100,2.519317024,0.972,binol type,"['binol type', 'double P type']",tri-sub
11102,CC(C)OC(=O)/C=C(\C#N)c1ccccc1,CC(C)OC(=O)C[C@@H](C#N)c1ccccc1,CO,,Rh,C[C@@H](C1=C(P(c2ccccc2)c2ccccc2)[C@@H]([Fe][C@H]2C=CC=C2P(c2ccccc2)c2ccccc2)C=C1)N(C)C(=S)Nc1cc(C(F)(F)F)cc(C(F)(F)F)c1,C[C@@H](C1=C(P(c2ccccc2)8->c2ccccc2)[C@@H]([Fe][C@H]2C=CC=C2P(c2ccccc2)9->c2ccccc2)C=C1)N(C)C(=S)Nc1cc(C(F)(F)F)cc(C(F)(F)F)c1.[Rh+]89,50,20,100,2.265835205,0.96,ferrocene type,"['ferrocene type', 'double P type']",tri-sub
11830,O=C1OCCC/C1=C\c1ccc(F)cc1,O=C1OCCC[C@@H]1Cc1ccc(F)cc1,ClCCCl,,Rh,C[C@H](NC(=S)Nc1cc(C(F)(F)F)cc(C(F)(F)F)c1)C1=C(P(c2ccccc2)c2ccccc2)[C@@H]([Fe][C@H]2C=CC=C2P(c2ccccc2)c2ccccc2)C=C1,C[C@H](NC(=S)Nc1cc(C(F)(F)F)cc(C(F)(F)F)c1)C1=C(P(c2ccccc2)9->c2ccccc2)[C@@H]([Fe][C@H]2C=CC=C2P(c2ccccc2)8->c2ccccc2)C=C1.[Rh+]89,50,35,50,2.56101251,0.97,ferrocene type,"['ferrocene type', 'double P type']",tri-sub
11312,COC(=O)/C(NC(C)=O)=C(\c1ccccc1)c1ccc(OC)cc1,COC(=O)[C@@H](NC(C)=O)[C@H](c1ccccc1)c1ccc(OC)cc1,CO,,Rh,C[C@H](C1=C(P(c2ccc(C(F)(F)F)cc2)c2ccc(C(F)(F)F)cc2)[C@H]([Fe]C2C=CC=C2)C=C1)P(C(C)(C)C)C(C)(C)C,C[C@H](C1=C(P(c2ccc(C(F)(F)F)cc2)8->c2ccc(C(F)(F)F)cc2)[C@H]([Fe]C2C=CC=C2)C=C1)P(C(C)(C)C)9->C(C)(C)C.[Rh+]89,27,25,20,2.477862753,0.97,ferrocene type,"['ferrocene type', 'double P type']",tetra-sub
6562,COC(=O)/C(=C/c1ccccc1)CNC(C)=O,COC(=O)[C@@H](CNC(C)=O)Cc1ccccc1,ClCCl,,Rh,c1ccc(Op2oc3ccc4ccccc4c3c3c(ccc4ccccc43)o2)cc1,c1ccc(Op8->2oc3ccc4ccccc4c3c3c(ccc4ccccc43)o2)cc1.[Rh+]8,49,25,100,0.392762844,0.32,binol type,"['binol type', 'single P type']",tri-sub
12597,O=C1C=C(c2ccccc2)C(=O)O1,O=C1C[C@H](c2ccccc2)C(=O)O1,ClCCl,,Rh,C[C@H]1CC[C@H](C)P1c1ccccc1P1[C@@H](C)CC[C@@H]1C,C[C@H]1CC[C@H](C)P8->1c1ccccc1P9->1[C@@H](C)CC[C@@H]1C.[Rh+]89,30,25,100,0,0,double P type,['double P type'],tri-sub
4133,CC(=O)N/C(=C\c1ccc(F)cc1)C(=O)O,CC(=O)N[C@H](Cc1ccc(F)cc1)C(=O)O,ClCCl,,Rh,CN(C)p1oc2ccc3cc(Br)ccc3c2c2c(ccc3cc(Br)ccc32)o1,CN(C)p8->1oc2ccc3cc(Br)ccc3c2c2c(ccc3cc(Br)ccc32)o1.[Rh+]8,5,25,50,0.878043878,0.63,binol type,"['binol type', 'single P type']",tri-sub
12366,COC(=O)/C(=C/C1CC1)NC(C)=O,COC(=O)[C@@H](CC1CC1)NC(C)=O,CO,,Rh,CC(C)(C)P1Cc2ccccc2C1[C@H]1c2ccccc2CP1C(C)(C)C,CC(C)(C)P8->1Cc2ccccc2C1[C@H]1c2ccccc2CP9->1C(C)(C)C.[Rh+]89,7,25,100,3.849375327,0.997,double P type,['double P type'],tri-sub
6298,COCO/C(=C(\NC(C)=O)c1ccccc1)c1ccccc1,COCO[C@@H](c1ccccc1)[C@H](NC(C)=O)c1ccccc1,CO,,Rh,C[C@H](C1=C[C@@H]([Fe]C2C=CC=C2)C=C1c1ccccc1P(c1ccccc1)c1ccccc1)P(c1ccccc1)c1ccccc1,C[C@H](C1=C[C@@H]([Fe]C2C=CC=C2)C=C1c1ccccc1P(c1ccccc1)8->c1ccccc1)P(c1ccccc1)9->c1ccccc1.[Rh+]89,40,40,100,0.618600933,0.46,ferrocene type,"['ferrocene type', 'double P type']",tetra-sub
6278,C=C(NC(C)=O)C(=O)OC,COC(=O)[C@@H](C)NC(C)=O,CO.Cc1ccccc1,,Rh,C[C@@H](C1=C(P(c2ccccc2)c2ccccc2)[C@@H]([Fe]C2C=CC=C2)C=C1)n1nnc(-c2ccccc2)c1P(c1ccccc1)c1ccccc1,C[C@@H](C1=C(P(c2ccccc2)8->c2ccccc2)[C@@H]([Fe]C2C=CC=C2)C=C1)n1nnc(-c2ccccc2)c1P(c1ccccc1)9->c1ccccc1.[Rh+]89,1,25,100,3.346469371,0.993,ferrocene type,"['ferrocene type', 'double P type']",di-sub
3834,CC(=O)N/C(=C\c1ccccc1)C(=O)O,CC(=O)N[C@@H](Cc1ccccc1)C(=O)O,CO,,Rh,C1=CC([Fe][C@H]2C=CC(P(c3ccccc3)c3ccccc3)=C2CP(C2CCCCC2)C2CCCCC2)C=C1,C1=CC([Fe][C@H]2C=CC(P(c3ccccc3)8->c3ccccc3)=C2CP(C2CCCCC2)9->C2CCCCC2)C=C1.[Rh+]89,1,25,100,0.419344493,0.34,ferrocene type,"['ferrocene type', 'double P type']",tri-sub
6339,C=C(NC(C)=O)C(=O)OC,COC(=O)[C@@H](C)NC(C)=O,CO,,Rh,CP(CCP(C)C(C)(C)C)C(C)(C)C,CP(CCP(C)9->C(C)(C)C)8->C(C)(C)C.[Rh+]89,2,25,100,2.751624708,0.981,double P type,['double P type'],di-sub
5526,COC(=O)/C=C(\NC(C)=O)c1ccc(F)cc1,COC(=O)C[C@H](NC(C)=O)c1ccc(F)cc1,CC(C)O,,Rh,C[C@@H](Np1oc2ccc3ccccc3c2c2c(ccc3ccccc32)o1)c1ccccc1,C[C@@H](Np8->1oc2ccc3ccccc3c2c2c(ccc3ccccc32)o1)c1ccccc1.[Rh+]8,10,25,100,2.058336063,0.94,binol type,"['binol type', 'single P type']",tri-sub
3764,CCOC(=O)/C=C(/SCc1ccccc1)c1ccccc1,CCOC(=O)CC(SCc1ccccc1)c1ccccc1,CO,,Rh,C[C@H](C1=C(P(c2ccccc2)c2ccccc2)[C@H]([Fe]C2C=CC=C2)C=C1)P(C1CCCCC1)C1CCCCC1,C[C@H](C1=C(P(c2ccccc2)8->c2ccccc2)[C@H]([Fe]C2C=CC=C2)C=C1)P(C1CCCCC1)9->C1CCCCC1.[Rh+]89,25,80,20,0.403576083,0.28,ferrocene type,"['ferrocene type', 'double P type']",tri-sub
5638,COC(=O)/C(=C/c1cccs1)NC(C)=O,COC(=O)[C@@H](Cc1cccs1)NC(C)=O,CO,,Rh,CC(C)(C)P1CCC[C@@H]1[C@H]1CCCP1C(C)(C)C,CC(C)(C)P8->1CCC[C@@H]1[C@H]1CCCP9->1C(C)(C)C.[Rh+]89,1,25,100,3.134375973,0.99,double P type,['double P type'],tri-sub
7587,COC(=O)/C=C(\CP(=O)(OC)OC)c1ccc(Cl)cc1,COC(=O)C[C@H](CP(=O)(OC)OC)c1ccc(Cl)cc1,ClCCl,,Rh,C[C@@H](C1=C[C@H]([Fe]C2C=CC=C2)C=C1P(c1ccccc1)c1cccc2ccccc12)N(C)P(c1ccccc1)c1ccccc1,C[C@@H](C1=C[C@H]([Fe]C2C=CC=C2)C=C1P(c1ccccc1)8->c1cccc2ccccc12)N(C)P(c1ccccc1)9->c1ccccc1.[Rh+]89,59,25,100,2.304501335,0.96,ferrocene type,"['ferrocene type', 'double P type']",tri-sub
1607,COC(=O)/C(=C/c1ccc(F)cc1)NC(C)=O,COC(=O)[C@@H](Cc1ccc(F)cc1)NC(C)=O,ClCCl,,Rh,COC(=O)[C@@H](Cc1ccccc1)N(C)p1oc2ccc3ccccc3c2c2c(ccc3ccccc32)o1,COC(=O)[C@@H](Cc1ccccc1)N(C)p8->1oc2ccc3ccccc3c2c2c(ccc3ccccc32)o1.[Rh+]8,5,25,100,1.531681473,0.86,binol type,"['binol type', 'single P type']",tri-sub
5613,COC(=O)/C(=C/c1ccc(C)cc1)NC(C)=O,COC(=O)[C@@H](Cc1ccc(C)cc1)NC(C)=O,C1CCOC1,,Rh,CCN(CC)p1oc2ccc3ccccc3c2c2c(ccc3ccccc32)o1,CCN(CC)p8->1oc2ccc3ccccc3c2c2c(ccc3ccccc32)o1.[Rh+]8,20,25,100,2.751624708,0.981,binol type,"['binol type', 'single P type']",tri-sub
838,CC(=O)NC1=Cc2ccccc2OC1,CC(=O)N[C@@H]1COc2ccccc2C1,ClCCl,,Rh,CC(C)(C)P1c2c(cccc2-c2c3ccccc3cc3ccccc23)O[C@@H]1[C@H]1Oc2cccc(-c3c4ccccc4cc4ccccc34)c2P1C(C)(C)C,CC(C)(C)P8->1c2c(cccc2-c2c3ccccc3cc3ccccc23)O[C@@H]1[C@H]1Oc2cccc(-c3c4ccccc4cc4ccccc34)c2P9->1C(C)(C)C.[Rh+]89,51,50,200,2.231015263,0.94,double P type,['double P type'],tri-sub
6315,COCO/C(=C(\NC(C)=O)c1ccc(Br)cc1)c1ccc(Br)cc1,COCO[C@@H](c1ccc(Br)cc1)[C@H](NC(C)=O)c1ccc(Br)cc1,OC(F)(F)CF,,Rh,C[C@H](C1=C[C@@H]([Fe]C2C=CC=C2)C=C1P(c1ccccc1)c1ccccc1)P(C1CCCCC1)C1CCCCC1,C[C@H](C1=C[C@@H]([Fe]C2C=CC=C2)C=C1P(c1ccccc1)8->c1ccccc1)P(C1CCCCC1)9->C1CCCCC1.[Rh+]89,40,40,100,2.420499724,0.96,ferrocene type,"['ferrocene type', 'double P type']",tetra-sub
11810,O=C1OCCC/C1=C\c1ccccc1,O=C1OCCC[C@@H]1Cc1ccccc1,CCOC(C)=O,,Rh,C[C@H](NC(=S)Nc1ccccc1)C1=C(P(c2ccccc2)c2ccccc2)C=C[C@H]1[Fe][C@H]1C=CC=C1P(c1ccccc1)c1ccccc1,C[C@H](NC(=S)Nc1ccccc1)C1=C(P(c2ccccc2)9->c2ccccc2)C=C[C@H]1[Fe][C@H]1C=CC=C1P(c1ccccc1)8->c1ccccc1.[Rh+]89,30,25,100,0,0,ferrocene type,"['ferrocene type', 'double P type']",tri-sub
5635,CC(=O)N/C(=C\c1ccccc1Cl)C(=O)O,CC(=O)N[C@H](Cc1ccccc1Cl)C(=O)O,CO,,Rh,CC(C)(C)P1CCC[C@@H]1[C@H]1CCCP1C(C)(C)C,CC(C)(C)P8->1CCC[C@@H]1[C@H]1CCCP9->1C(C)(C)C.[Rh+]89,1,25,100,3.134375973,0.99,double P type,['double P type'],tri-sub
11118,COC(=O)/C=C(\C#N)c1cccc(F)c1,COC(=O)C[C@@H](C#N)c1cccc(F)c1,CO,,Rh,C[C@@H](C1=C(P(c2ccccc2)c2ccccc2)[C@@H]([Fe][C@H]2C=CC=C2P(c2ccccc2)c2ccccc2)C=C1)N(C)C(=S)Nc1cc(C(F)(F)F)cc(C(F)(F)F)c1,C[C@@H](C1=C(P(c2ccccc2)8->c2ccccc2)[C@@H]([Fe][C@H]2C=CC=C2P(c2ccccc2)9->c2ccccc2)C=C1)N(C)C(=S)Nc1cc(C(F)(F)F)cc(C(F)(F)F)c1.[Rh+]89,50,20,100,2.436287875,0.97,ferrocene type,"['ferrocene type', 'double P type']",tri-sub
5447,CC(=O)N/C(=C\c1ccccc1)C(=O)O,CC(=O)N[C@H](Cc1ccccc1)C(=O)O,CCOC(C)=O,,Rh,CN(C)p1oc2ccc3ccccc3c2c2c(ccc3ccccc32)o1,CN(C)p8->1oc2ccc3ccccc3c2c2c(ccc3ccccc32)o1.[Rh+]8,1,25,20,2.498237711,0.971,binol type,"['binol type', 'single P type']",tri-sub
811,COc1cc(/C=C(\C)NC(C)=O)cc(OC)c1,COc1cc(C[C@@H](C)NC(C)=O)cc(OC)c1,ClCCl,,Rh,c1ccc(P(c2ccccc2)c2ccc3ccccc3c2-c2c(P(c3ccccc3)c3ccccc3)ccc3ccccc23)cc1,c1ccc(P(c2ccccc2)8->c2ccc3ccccc3c2-c2c(P(c3ccccc3)9->c3ccccc3)ccc3ccccc23)cc1.[Rh+]89,20,25,200,0.035539047,0.03,double P type,['double P type'],tri-sub
880,C=C(NC(C)=O)C(=O)OC,COC(=O)[C@@H](C)NC(C)=O,C1CCOC1,,Rh,Cc1ccccc1P(C1=C2CCP(C(C)(C)C)C2=CC1[Fe]C1C=CC=C1)c1ccccc1C,Cc1ccccc1P(C1=C2CCP(C(C)(C)C)8->C2=CC1[Fe]C1C=CC=C1)c1ccccc1C.[Rh+]8,1,20,100,0.360407399,0.3,ferrocene type,"['ferrocene type', 'single P type']",di-sub
6111,C=C(NC(C)=O)C(=O)OC,COC(=O)[C@@H](C)NC(C)=O,ClCCl,,Rh,C=Cc1ccc(Np2oc3ccc4ccccc4c3c3c(ccc4ccccc43)o2)cc1,C=Cc1ccc(Np8->2oc3ccc4ccccc4c3c3c(ccc4ccccc43)o2)cc1.[Rh+]8,1,25,20,1.074905271,0.72,binol type,"['binol type', 'single P type']",di-sub
6368,COC(=O)C(NC(C)=O)=C1CCCCC1,COC(=O)[C@H](NC(C)=O)C1CCCCC1,CO,,Rh,CC(C)P(C)CCP(C)C(C)(C)C,CC(C)P(C)8->CCP(C)9->C(C)(C)C.[Rh+]89,2,25,100,2.458145942,0.969,double P type,['double P type'],tetra-sub
5632,COC(=O)/C(=C/c1ccc(OC)cc1)NC(C)=O,COC(=O)[C@@H](Cc1ccc(OC)cc1)NC(C)=O,CO,,Rh,CC(C)(C)P1CCC[C@@H]1[C@H]1CCCP1C(C)(C)C,CC(C)(C)P8->1CCC[C@@H]1[C@H]1CCCP9->1C(C)(C)C.[Rh+]89,1,25,100,3.134375973,0.99,double P type,['double P type'],tri-sub
1671,C=C(NC(C)=O)C(=O)OC,COC(=O)[C@H](C)NC(C)=O,ClCCl,,Rh,CS(=O)(=Np1oc2ccc3ccccc3c2c2c(ccc3ccccc32)o1)c1ccccc1,CS(=O)(=N9->p8->1oc2ccc3ccccc3c2c2c(ccc3ccccc32)o1)c1ccccc1.[Rh+]89,1.3,25,1000,3.025820725,0.988,binol type,"['binol type', 'P,N type']",di-sub
5933,C=C(NC(C)=O)C(=O)OC,COC(=O)[C@@H](C)NC(C)=O,C1CCOC1,,Rh,CN(C)P1Cc2ccc3ccccc3c2-c2c(ccc3ccccc23)C1,CN(C)P8->1Cc2ccc3ccccc3c2-c2c(ccc3ccccc23)C1.[Rh+]8,1,25,100,1.050673587,0.71,binol type,"['binol type', 'single P type']",di-sub
